scenario,replicate,method,mse,mae
Observed confounder,0,Pooled unadjusted,2.595825942567342,1.2657906393109974
Observed confounder,0,Pooled available adjustment,1.0766811332489754,1.0166590384186642
Observed confounder,0,Filtered hard gate,0.7354215977533506,0.37062335169190247
Observed confounder,0,Filtered soft gate,0.4776918251368098,0.4406846191547691
Observed confounder,0,Oracle state gate,2.1371582163874232e-05,0.004619306913023502
Observed confounder,1,Pooled unadjusted,2.2223369428276585,1.1101067258726331
Observed confounder,1,Pooled available adjustment,0.998778490342331,0.9993693598192892
Observed confounder,1,Filtered hard gate,0.4072618017919002,0.2238184637253358
Observed confounder,1,Filtered soft gate,0.3202463889398798,0.3099376240196993
Observed confounder,1,Oracle state gate,0.0007731661054739744,0.02538509055638123
Observed confounder,2,Pooled unadjusted,2.0234740564310236,1.0202441160972326
Observed confounder,2,Pooled available adjustment,0.983507394687755,0.9785475237322975
Observed confounder,2,Filtered hard gate,0.4652590885117946,0.2590709659981437
Observed confounder,2,Filtered soft gate,0.3547642669795015,0.3651389884054275
Observed confounder,2,Oracle state gate,0.0009511283192709104,0.029618462455858356
Observed confounder,3,Pooled unadjusted,1.579875154911122,0.9523413443729266
Observed confounder,3,Pooled available adjustment,1.0933378622196392,1.0146722153598493
Observed confounder,3,Filtered hard gate,0.4744427963576363,0.2692798036160518
Observed confounder,3,Filtered soft gate,0.36673865138971184,0.37562424348081325
Observed confounder,3,Oracle state gate,0.001414504364626415,0.03638820203736738
Observed confounder,4,Pooled unadjusted,2.5681430359850186,1.2648426921894353
Observed confounder,4,Pooled available adjustment,1.026446453258557,1.0112322589357938
Observed confounder,4,Filtered hard gate,0.3493755161517514,0.1822039835281991
Observed confounder,4,Filtered soft gate,0.3068017757092853,0.33008376839242337
Observed confounder,4,Oracle state gate,5.678804098025127e-05,0.007534493792080301
Observed confounder,5,Pooled unadjusted,1.8747722523355457,1.076465153839616
Observed confounder,5,Pooled available adjustment,1.0067101404766676,0.9809472771485348
Observed confounder,5,Filtered hard gate,0.4547784990430141,0.23869470848302657
Observed confounder,5,Filtered soft gate,0.3436179795564342,0.35469648372042367
Observed confounder,5,Oracle state gate,0.00025698234737092326,0.014885860064844323
Observed confounder,6,Pooled unadjusted,0.9455514895562525,0.7568568405954953
Observed confounder,6,Pooled available adjustment,1.382920141338738,1.1298646478626304
Observed confounder,6,Filtered hard gate,0.6127376809033559,0.345171708372305
Observed confounder,6,Filtered soft gate,0.4461446350101054,0.4459152531250893
Observed confounder,6,Oracle state gate,0.002062584585706908,0.0450194034471692
Observed confounder,7,Pooled unadjusted,1.9776874766533323,1.0078465053255663
Observed confounder,7,Pooled available adjustment,1.0009322729030816,0.9996834896718999
Observed confounder,7,Filtered hard gate,0.4622255716005992,0.2575980379004582
Observed confounder,7,Filtered soft gate,0.3447054788602146,0.3540527083029886
Observed confounder,7,Oracle state gate,0.0009564159892391564,0.030825566774898987
Observed confounder,8,Pooled unadjusted,2.815795620646285,1.3493315458575348
Observed confounder,8,Pooled available adjustment,1.0655914507298572,1.0136851582876312
Observed confounder,8,Filtered hard gate,0.6478972090020308,0.32795152895039664
Observed confounder,8,Filtered soft gate,0.4440799108268408,0.42245190420118933
Observed confounder,8,Oracle state gate,4.1801324233607955e-05,0.006013427446594902
Observed confounder,9,Pooled unadjusted,1.8516339021973356,0.9291382578482793
Observed confounder,9,Pooled available adjustment,1.0026138483451488,1.0012409146877388
Observed confounder,9,Filtered hard gate,0.5279906054501505,0.2781942953753923
Observed confounder,9,Filtered soft gate,0.39161497764699377,0.37536935002502514
Observed confounder,9,Oracle state gate,0.0003908868914030439,0.01844065790764802
Observed confounder,10,Pooled unadjusted,2.0432754490262033,1.0216454615110875
Observed confounder,10,Pooled available adjustment,0.999769372764963,0.9991658108821763
Observed confounder,10,Filtered hard gate,0.5229530500839169,0.2813236223143942
Observed confounder,10,Filtered soft gate,0.3736817643361773,0.3735559864296972
Observed confounder,10,Oracle state gate,0.0005679174401337007,0.023830344931676857
Observed confounder,11,Pooled unadjusted,2.4731465180767636,1.213732473849474
Observed confounder,11,Pooled available adjustment,1.0582801928073868,1.0
Observed confounder,11,Filtered hard gate,0.5434934497323247,0.2747832480588947
Observed confounder,11,Filtered soft gate,0.3829422174975929,0.38162123246237156
Observed confounder,11,Oracle state gate,1.3718637469150513e-05,0.0034054921119650583
Observed confounder,12,Pooled unadjusted,2.771726319217143,1.3514741282085811
Observed confounder,12,Pooled available adjustment,1.0920878008497352,1.0349132765629798
Observed confounder,12,Filtered hard gate,0.6200338541218096,0.3405621061521341
Observed confounder,12,Filtered soft gate,0.4543302006673312,0.4493821622636232
Observed confounder,12,Oracle state gate,0.0014911712481979408,0.0339463080343524
Observed confounder,13,Pooled unadjusted,3.063859454843644,1.4595970179620272
Observed confounder,13,Pooled available adjustment,1.1330442999744528,1.0487040653064823
Observed confounder,13,Filtered hard gate,0.6871995123489125,0.3491417573520204
Observed confounder,13,Filtered soft gate,0.49093672501554353,0.43792615506614996
Observed confounder,13,Oracle state gate,4.40557393271825e-05,0.006530635565586699
Observed confounder,14,Pooled unadjusted,1.9906100432887528,1.000922596052638
Observed confounder,14,Pooled available adjustment,0.9887881450219982,0.9892848583945484
Observed confounder,14,Filtered hard gate,0.3854411281542691,0.2204294444623678
Observed confounder,14,Filtered soft gate,0.30647682553492783,0.3339400089860175
Observed confounder,14,Oracle state gate,0.0009136315501187027,0.028934485878221648
Observed confounder,15,Pooled unadjusted,2.308854498243758,1.222949067185832
Observed confounder,15,Pooled available adjustment,0.9659378481861789,0.9792209187218882
Observed confounder,15,Filtered hard gate,0.4203070146376098,0.24483968732204517
Observed confounder,15,Filtered soft gate,0.3507320051059803,0.37096079680520705
Observed confounder,15,Oracle state gate,0.001859223728404659,0.034796126982244276
Observed confounder,16,Pooled unadjusted,1.382433449346141,0.7422564054955908
Observed confounder,16,Pooled available adjustment,1.0255967332363125,1.0118494490030276
Observed confounder,16,Filtered hard gate,0.41997839572067663,0.218333534294281
Observed confounder,16,Filtered soft gate,0.31404394313106343,0.3349010638481169
Observed confounder,16,Oracle state gate,0.00011350163631498105,0.010453241377404136
Observed confounder,17,Pooled unadjusted,1.85354675812104,0.9634190300861504
Observed confounder,17,Pooled available adjustment,1.0054294511827595,1.0017064386215104
Observed confounder,17,Filtered hard gate,0.4432789672113441,0.23838959629455775
Observed confounder,17,Filtered soft gate,0.33297308136961734,0.33458897686121875
Observed confounder,17,Oracle state gate,0.00047070736152089737,0.019946418901078268
Observed confounder,18,Pooled unadjusted,1.7655378488118079,0.8836933001962886
Observed confounder,18,Pooled available adjustment,0.9927524892127937,0.995803608675437
Observed confounder,18,Filtered hard gate,0.5332269544142494,0.2862884689587141
Observed confounder,18,Filtered soft gate,0.36132647847680227,0.35651364662252444
Observed confounder,18,Oracle state gate,0.0008524180099866121,0.026626436099352644
Observed confounder,19,Pooled unadjusted,2.7068677266372148,1.311263408563365
Observed confounder,19,Pooled available adjustment,1.041000812914434,1.0133725223978578
Observed confounder,19,Filtered hard gate,0.4556087185832199,0.24731343848035095
Observed confounder,19,Filtered soft gate,0.33804499787599845,0.37778532805737325
Observed confounder,19,Oracle state gate,0.0006871459882509096,0.020495786235613097
Observed confounder,20,Pooled unadjusted,2.733102819827608,1.3224896293837654
Observed confounder,20,Pooled available adjustment,1.0951779803875357,1.0261132009049057
Observed confounder,20,Filtered hard gate,0.5974087128118665,0.3196702042905714
Observed confounder,20,Filtered soft gate,0.4224073358396027,0.3864845440640055
Observed confounder,20,Oracle state gate,0.0009125462299025,0.029959095974554487
Observed confounder,21,Pooled unadjusted,1.8353293769923942,1.081941795555253
Observed confounder,21,Pooled available adjustment,1.0047478696019918,0.9778559193011609
Observed confounder,21,Filtered hard gate,0.5743950191055479,0.30496400542125696
Observed confounder,21,Filtered soft gate,0.42671165323690186,0.41947691320810404
Observed confounder,21,Oracle state gate,0.0003838292695587043,0.017989071283350415
Observed confounder,22,Pooled unadjusted,2.3995772751877746,1.1906020641624024
Observed confounder,22,Pooled available adjustment,1.0367030031239808,0.9507157849200725
Observed confounder,22,Filtered hard gate,0.40328387349500816,0.20950815417691532
Observed confounder,22,Filtered soft gate,0.30170216307955866,0.3160082303187208
Observed confounder,22,Oracle state gate,7.354283386287799e-05,0.008569295762677764
Observed confounder,23,Pooled unadjusted,2.0220136012399346,1.0798594491752265
Observed confounder,23,Pooled available adjustment,0.9957660389201984,0.9974399528382509
Observed confounder,23,Filtered hard gate,0.404261873309964,0.23250488213352602
Observed confounder,23,Filtered soft gate,0.3260410542728948,0.35988414408244307
Observed confounder,23,Oracle state gate,0.0009700826600100129,0.030842087437201997
Observed confounder,24,Pooled unadjusted,1.890147978392768,0.9556421811498106
Observed confounder,24,Pooled available adjustment,0.9781538155726119,0.9822867857488148
Observed confounder,24,Filtered hard gate,0.5472987432281754,0.2908516617079018
Observed confounder,24,Filtered soft gate,0.4103813431788218,0.40100261670715676
Observed confounder,24,Oracle state gate,0.00042506352540155423,0.018863495533293327
Observed confounder,25,Pooled unadjusted,1.4263639873604608,0.8606038499120068
Observed confounder,25,Pooled available adjustment,1.0892723573314098,1.0291830713232453
Observed confounder,25,Filtered hard gate,0.6521510845996712,0.333526377591687
Observed confounder,25,Filtered soft gate,0.49056501834851857,0.4276295038086966
Observed confounder,25,Oracle state gate,0.00015377924725398125,0.010114090084438601
Observed confounder,26,Pooled unadjusted,1.7389210756798128,0.8743689585522879
Observed confounder,26,Pooled available adjustment,0.998988574590343,0.9994891910892474
Observed confounder,26,Filtered hard gate,0.5516182344743319,0.29358572994441506
Observed confounder,26,Filtered soft gate,0.39503713921854455,0.37524876498938203
Observed confounder,26,Oracle state gate,0.0004347185937446245,0.02071552093096581
Observed confounder,27,Pooled unadjusted,2.08404461615354,1.0418678496592266
Observed confounder,27,Pooled available adjustment,1.004829201499447,0.9955462652998642
Observed confounder,27,Filtered hard gate,0.6034933559644429,0.31604508587800934
Observed confounder,27,Filtered soft gate,0.4351130412203904,0.4017655337808429
Observed confounder,27,Oracle state gate,0.0006338961607906302,0.020955783160734646
Observed confounder,28,Pooled unadjusted,2.1490685188917746,1.2305754290744264
Observed confounder,28,Pooled available adjustment,0.9387111340003433,0.957875179968858
Observed confounder,28,Filtered hard gate,0.4265750866419802,0.2239934745437137
Observed confounder,28,Filtered soft gate,0.3313084368865033,0.3308872177127749
Observed confounder,28,Oracle state gate,0.0001994153921991798,0.012606111489927099
Observed confounder,29,Pooled unadjusted,2.348181354656583,1.1737824988713128
Observed confounder,29,Pooled available adjustment,0.9988951666162064,0.9994423271044384
Observed confounder,29,Filtered hard gate,0.42919760805697454,0.23752187621696988
Observed confounder,29,Filtered soft gate,0.33012539527736834,0.31917845958880364
Observed confounder,29,Oracle state gate,0.001142301871657459,0.028880279842662882
Observed confounder,30,Pooled unadjusted,1.8628665943972376,1.050617475707434
Observed confounder,30,Pooled available adjustment,1.007592036516608,0.9905650769365878
Observed confounder,30,Filtered hard gate,0.6134261120530187,0.3316236540632092
Observed confounder,30,Filtered soft gate,0.43292222443468453,0.41467177576875897
Observed confounder,30,Oracle state gate,0.0009995932572868706,0.03125426371820844
Observed confounder,31,Pooled unadjusted,2.135402669417382,1.0763394768461214
Observed confounder,31,Pooled available adjustment,0.9864085614943094,0.9620710810874216
Observed confounder,31,Filtered hard gate,0.5646533778652884,0.3105619382714074
Observed confounder,31,Filtered soft gate,0.4323152562211592,0.42479935420018566
Observed confounder,31,Oracle state gate,0.0017533840602542952,0.029848537971207078
Observed confounder,32,Pooled unadjusted,2.0018291425291515,1.1450966411958188
Observed confounder,32,Pooled available adjustment,0.9710067510905007,0.9745965239218747
Observed confounder,32,Filtered hard gate,0.4619763163441052,0.24951142037139828
Observed confounder,32,Filtered soft gate,0.3582558905828283,0.3792327314490358
Observed confounder,32,Oracle state gate,0.0004981819432545943,0.018368956505540414
Observed confounder,33,Pooled unadjusted,2.0289782537642105,1.14880493641414
Observed confounder,33,Pooled available adjustment,0.9713279920242148,0.9766926772435757
Observed confounder,33,Filtered hard gate,0.6802629091327176,0.3682732136082104
Observed confounder,33,Filtered soft gate,0.43674222630398646,0.3889889488334097
Observed confounder,33,Oracle state gate,0.001979888567927701,0.04379332664277519
Observed confounder,34,Pooled unadjusted,1.5060848099575979,0.8684442425910215
Observed confounder,34,Pooled available adjustment,1.0478329593965607,1.017280542812066
Observed confounder,34,Filtered hard gate,0.44556418939043047,0.24515670534086684
Observed confounder,34,Filtered soft gate,0.32228530305344155,0.3394508607163502
Observed confounder,34,Oracle state gate,0.0007861286822264205,0.02696602409555355
Observed confounder,35,Pooled unadjusted,2.1357534254262873,1.0674049959721414
Observed confounder,35,Pooled available adjustment,1.0065029492946604,1.0024308057057725
Observed confounder,35,Filtered hard gate,0.5611802883606823,0.2865654701901551
Observed confounder,35,Filtered soft gate,0.39149754602664744,0.3860897952179374
Observed confounder,35,Oracle state gate,9.033525423655346e-05,0.008232363033775593
Observed confounder,36,Pooled unadjusted,1.56446048967476,0.8308814991974173
Observed confounder,36,Pooled available adjustment,1.0304414246149514,1.012682450765191
Observed confounder,36,Filtered hard gate,0.3627749035123834,0.19274190324708793
Observed confounder,36,Filtered soft gate,0.28002493713303334,0.31183160309527747
Observed confounder,36,Oracle state gate,0.0001507660466507184,0.012194729419783475
Observed confounder,37,Pooled unadjusted,1.870415254600664,0.9428209027173001
Observed confounder,37,Pooled available adjustment,0.9944784400340432,0.9969951343312766
Observed confounder,37,Filtered hard gate,0.4887394711880587,0.27171666665895977
Observed confounder,37,Filtered soft gate,0.3651521643429379,0.3409034827159168
Observed confounder,37,Oracle state gate,0.001570866984721501,0.03611233443016148
Observed confounder,38,Pooled unadjusted,2.257735964312669,1.1215756614302352
Observed confounder,38,Pooled available adjustment,1.0139809952831431,1.0014709406334648
Observed confounder,38,Filtered hard gate,0.38056690897673773,0.2094749125641865
Observed confounder,38,Filtered soft gate,0.29018965194602425,0.33092694872288225
Observed confounder,38,Oracle state gate,0.0004642450151373603,0.02150053626205616
Observed confounder,39,Pooled unadjusted,2.0429138053673577,1.1528358007403525
Observed confounder,39,Pooled available adjustment,0.9708253920357883,0.9772327021516878
Observed confounder,39,Filtered hard gate,0.4324448902505108,0.2612615080527735
Observed confounder,39,Filtered soft gate,0.34461535513078023,0.38887644311279107
Observed confounder,39,Oracle state gate,0.002583705358388103,0.047007627260031486
Observed confounder,40,Pooled unadjusted,2.821518614415223,1.3517746167224864
Observed confounder,40,Pooled available adjustment,1.1234330728130582,0.9669052957011461
Observed confounder,40,Filtered hard gate,0.5973977985606815,0.3180935197587707
Observed confounder,40,Filtered soft gate,0.44032380923077413,0.4017368054048651
Observed confounder,40,Oracle state gate,0.0012797789857646484,0.027795227510258133
Observed confounder,41,Pooled unadjusted,2.309595379849671,1.1907488884089665
Observed confounder,41,Pooled available adjustment,0.9798692413491433,0.9881409694432414
Observed confounder,41,Filtered hard gate,0.5808539405840382,0.3480209236262092
Observed confounder,41,Filtered soft gate,0.4202326110241109,0.4161886052384289
Observed confounder,41,Oracle state gate,0.0049434095534975795,0.07025566638278495
Observed confounder,42,Pooled unadjusted,1.8358524270504302,1.0399926830907678
Observed confounder,42,Pooled available adjustment,1.0077809789665522,0.99330775618075
Observed confounder,42,Filtered hard gate,0.5236918809360853,0.3074938998325598
Observed confounder,42,Filtered soft gate,0.35277796879756257,0.38753389481138695
Observed confounder,42,Oracle state gate,0.0027058626458351612,0.05080845005817554
Observed confounder,43,Pooled unadjusted,1.6206748825821478,0.9359680247880727
Observed confounder,43,Pooled available adjustment,1.0449100019826567,1.0111346516084416
Observed confounder,43,Filtered hard gate,0.43553177169680024,0.23809326437683181
Observed confounder,43,Filtered soft gate,0.320817623590356,0.33854796261121234
Observed confounder,43,Oracle state gate,0.0011488655818398183,0.026093264376831782
Observed confounder,44,Pooled unadjusted,2.4113149150869604,1.2034030559571307
Observed confounder,44,Pooled available adjustment,0.9946192114066441,0.9972035374116553
Observed confounder,44,Filtered hard gate,0.39295959886025833,0.21062197014791478
Observed confounder,44,Filtered soft gate,0.31389995421024763,0.3404199023545582
Observed confounder,44,Oracle state gate,0.00023983280295513493,0.014892103356802248
Observed confounder,45,Pooled unadjusted,2.012625627633571,1.0063903952411164
Observed confounder,45,Pooled available adjustment,0.9998578822056404,0.999701233700536
Observed confounder,45,Filtered hard gate,0.4583186206981512,0.25219912446159526
Observed confounder,45,Filtered soft gate,0.3298964018869436,0.3290963114928696
Observed confounder,45,Oracle state gate,0.000917212134597599,0.030194429947946105
Observed confounder,46,Pooled unadjusted,2.0857915492061054,1.1048336858233345
Observed confounder,46,Pooled available adjustment,0.9911393547566979,0.9942533525778802
Observed confounder,46,Filtered hard gate,0.41251440926492183,0.21736322317346018
Observed confounder,46,Filtered soft gate,0.3278800997527008,0.3538034212354429
Observed confounder,46,Oracle state gate,0.0001590161998809783,0.012588963584745332
Observed confounder,47,Pooled unadjusted,1.7987611732788824,1.0517007052929799
Observed confounder,47,Pooled available adjustment,1.007776291529739,0.9894725577252205
Observed confounder,47,Filtered hard gate,0.35223331025289306,0.2104889841935151
Observed confounder,47,Filtered soft gate,0.25010522455826284,0.27333490436323543
Observed confounder,47,Oracle state gate,0.0019553099612348696,0.04233547488352518
Observed confounder,48,Pooled unadjusted,1.8455373427284818,1.0215002606754768
Observed confounder,48,Pooled available adjustment,1.001298743480451,0.9983848406066729
Observed confounder,48,Filtered hard gate,0.4987250827658361,0.26018102923747666
Observed confounder,48,Filtered soft gate,0.40910332330759724,0.3877961122981133
Observed confounder,48,Oracle state gate,0.00013645152933932603,0.010903303670127196
Observed confounder,49,Pooled unadjusted,2.39901906167822,1.1865306829906335
Observed confounder,49,Pooled available adjustment,1.0092730705923225,0.9785144249971091
Observed confounder,49,Filtered hard gate,0.43459775601975426,0.2337655995386181
Observed confounder,49,Filtered soft gate,0.35039013302817656,0.35642993998781114
Observed confounder,49,Oracle state gate,0.0003484703523069299,0.016893230131947448
Observed confounder,50,Pooled unadjusted,2.062766938609367,1.033279700085784
Observed confounder,50,Pooled available adjustment,0.9963828983537074,0.9976072299322492
Observed confounder,50,Filtered hard gate,0.45105337074964585,0.2278033306516734
Observed confounder,50,Filtered soft gate,0.3464362931781267,0.3581890941139019
Observed confounder,50,Oracle state gate,6.317694842653281e-06,0.002309563623511757
Observed confounder,51,Pooled unadjusted,2.69690137557567,1.3295327658902092
Observed confounder,51,Pooled available adjustment,1.057806056250938,1.0246197665871752
Observed confounder,51,Filtered hard gate,0.31826691929279743,0.16502247160238595
Observed confounder,51,Filtered soft gate,0.2487530454805626,0.29715656874215474
Observed confounder,51,Oracle state gate,7.026931000857076e-05,0.0070295332598015355
Observed confounder,52,Pooled unadjusted,1.6386484178337866,0.9951689359710201
Observed confounder,52,Pooled available adjustment,1.0329721553273705,1.0010540887999542
Observed confounder,52,Filtered hard gate,0.4714608514617121,0.24921664431840163
Observed confounder,52,Filtered soft gate,0.3700912823461406,0.3824662893879364
Observed confounder,52,Oracle state gate,0.00023227538983340934,0.01519941387659857
Observed confounder,53,Pooled unadjusted,1.4056967704685386,0.7101357088632827
Observed confounder,53,Pooled available adjustment,0.965802048351387,0.9807215707456765
Observed confounder,53,Filtered hard gate,0.45896297587840196,0.24951591721680336
Observed confounder,53,Filtered soft gate,0.3374379820665803,0.3529952465377954
Observed confounder,53,Oracle state gate,0.0007850240948144757,0.025262528264224877
Observed confounder,54,Pooled unadjusted,1.933663171807661,1.0595659173084957
Observed confounder,54,Pooled available adjustment,0.9997855507122837,0.9913965778520722
Observed confounder,54,Filtered hard gate,0.5790836938958814,0.30595851434707905
Observed confounder,54,Filtered soft gate,0.43522863267394224,0.4291163122844856
Observed confounder,54,Oracle state gate,0.00047290551860506116,0.017301293750577557
Observed confounder,55,Pooled unadjusted,3.0014726237088953,1.5248606550479724
Observed confounder,55,Pooled available adjustment,0.9449169333788907,0.9710063138813999
Observed confounder,55,Filtered hard gate,0.49785510865681065,0.27586197377285226
Observed confounder,55,Filtered soft gate,0.3588521551593717,0.3313328409658458
Observed confounder,55,Oracle state gate,0.0012037347697220696,0.03248984009494162
Observed confounder,56,Pooled unadjusted,2.4970168355382794,1.2245476044394026
Observed confounder,56,Pooled available adjustment,1.0328324895676455,1.006898469232759
Observed confounder,56,Filtered hard gate,0.5284290003405666,0.29593300626459035
Observed confounder,56,Filtered soft gate,0.37791631248552005,0.348211888263834
Observed confounder,56,Oracle state gate,0.0028693805047607032,0.043809556877907094
Observed confounder,57,Pooled unadjusted,2.8184697738997047,1.3541956187714181
Observed confounder,57,Pooled available adjustment,1.074287170754857,1.0217543233695412
Observed confounder,57,Filtered hard gate,0.37417701674257786,0.2290541790662132
Observed confounder,57,Filtered soft gate,0.32255673849918753,0.354336847463487
Observed confounder,57,Oracle state gate,0.0025007281964259764,0.04360078332838029
Observed confounder,58,Pooled unadjusted,2.5550433157143284,1.2629502427706043
Observed confounder,58,Pooled available adjustment,1.0425027036983756,1.0174465677646198
Observed confounder,58,Filtered hard gate,0.494764132602475,0.2556917186093689
Observed confounder,58,Filtered soft gate,0.35750329128667274,0.3699447811533111
Observed confounder,58,Oracle state gate,0.00010397632336335985,0.00801763928269812
Observed confounder,59,Pooled unadjusted,1.1616309770597846,0.7110557179801477
Observed confounder,59,Pooled available adjustment,1.1140771175626023,1.0471800977796109
Observed confounder,59,Filtered hard gate,0.4191951056177417,0.24702833367498275
Observed confounder,59,Filtered soft gate,0.31636731092024994,0.3489136162123577
Observed confounder,59,Oracle state gate,0.001602150880567171,0.038501125759710535
Observed confounder,60,Pooled unadjusted,1.4676500476956553,0.9436237226217635
Observed confounder,60,Pooled available adjustment,1.114073028250302,1.0201101384092766
Observed confounder,60,Filtered hard gate,0.32560067015590627,0.208629257695878
Observed confounder,60,Filtered soft gate,0.2637749284876614,0.3047814844891004
Observed confounder,60,Oracle state gate,0.0026857897137425733,0.05105903400501802
Observed confounder,61,Pooled unadjusted,1.2155172781911623,0.7468033396149089
Observed confounder,61,Pooled available adjustment,1.0740720193688489,1.0314625457391675
Observed confounder,61,Filtered hard gate,0.5669767514494494,0.3070426752347455
Observed confounder,61,Filtered soft gate,0.38431307524627867,0.36494426860812734
Observed confounder,61,Oracle state gate,0.0016081227423281673,0.035584997763915154
Observed confounder,62,Pooled unadjusted,2.0198100907659415,1.086500859912669
Observed confounder,62,Pooled available adjustment,0.9912616434938203,0.9902351416085332
Observed confounder,62,Filtered hard gate,0.5344155209073406,0.27707120148438
Observed confounder,62,Filtered soft gate,0.40476481191175706,0.40584844357254135
Observed confounder,62,Oracle state gate,0.00018760719944210653,0.010012956400897657
Observed confounder,63,Pooled unadjusted,1.6609984686955335,0.8715471695183994
Observed confounder,63,Pooled available adjustment,0.9162892082503299,0.9397135548479688
Observed confounder,63,Filtered hard gate,0.44042181549550513,0.23087948206118228
Observed confounder,63,Filtered soft gate,0.33693480717368857,0.34361510376604454
Observed confounder,63,Oracle state gate,0.0001507963185201217,0.010874949632137676
Observed confounder,64,Pooled unadjusted,2.064667559754227,1.0833864291591822
Observed confounder,64,Pooled available adjustment,0.9940525885960858,0.9959859841940804
Observed confounder,64,Filtered hard gate,0.42349984177580025,0.24470408137850033
Observed confounder,64,Filtered soft gate,0.3507898132922288,0.3674289215100789
Observed confounder,64,Oracle state gate,0.00142550255864016,0.03452480027207404
Observed confounder,65,Pooled unadjusted,2.827270156758257,1.362165245760681
Observed confounder,65,Pooled available adjustment,1.0984104547073457,1.031560035073422
Observed confounder,65,Filtered hard gate,0.49671927412986605,0.2727417534200997
Observed confounder,65,Filtered soft gate,0.3785839787156303,0.3659985268171888
Observed confounder,65,Oracle state gate,0.0008389005820447036,0.027445049206602665
Observed confounder,66,Pooled unadjusted,1.652799529920543,0.8496181312444604
Observed confounder,66,Pooled available adjustment,1.0068507640894035,1.0032083640063103
Observed confounder,66,Filtered hard gate,0.43425738877752107,0.22439551093733268
Observed confounder,66,Filtered soft gate,0.3537888961278781,0.35443687239818245
Observed confounder,66,Oracle state gate,9.176758978853263e-05,0.008673376443822961
Observed confounder,67,Pooled unadjusted,1.7607453389091396,0.9839729281410751
Observed confounder,67,Pooled available adjustment,1.019741831455522,1.002225770458608
Observed confounder,67,Filtered hard gate,0.4440497142828723,0.22894327080087312
Observed confounder,67,Filtered soft gate,0.31928389394112,0.3370807799446708
Observed confounder,67,Oracle state gate,6.398606328495866e-05,0.007853276326198722
Observed confounder,68,Pooled unadjusted,1.6061905820745472,0.8112795954999404
Observed confounder,68,Pooled available adjustment,0.9755462547107773,0.9858463153685646
Observed confounder,68,Filtered hard gate,0.38326884727069405,0.19931633481194405
Observed confounder,68,Filtered soft gate,0.31318810282162124,0.3160561549390119
Observed confounder,68,Oracle state gate,9.977249171775979e-05,0.009352363374425571
Observed confounder,69,Pooled unadjusted,1.7539831432704267,0.8893982798287446
Observed confounder,69,Pooled available adjustment,1.0120738819202935,1.0050288970522265
Observed confounder,69,Filtered hard gate,0.4346016779755932,0.2595417284721917
Observed confounder,69,Filtered soft gate,0.3453265574623281,0.37028013521644937
Observed confounder,69,Oracle state gate,0.0024677156383831173,0.04639099868913603
Observed confounder,70,Pooled unadjusted,1.2836365813607253,0.8503546335289388
Observed confounder,70,Pooled available adjustment,1.1456128485626254,1.0456652241013522
Observed confounder,70,Filtered hard gate,0.4268751402176733,0.25978703326132113
Observed confounder,70,Filtered soft gate,0.3310759352401878,0.3722949996887821
Observed confounder,70,Oracle state gate,0.0031855593952558677,0.046767335045232575
Observed confounder,71,Pooled unadjusted,2.071398915781698,1.035101403622707
Observed confounder,71,Pooled available adjustment,1.0045286640251774,1.0003693737841872
Observed confounder,71,Filtered hard gate,0.5815716213117778,0.32083091079714504
Observed confounder,71,Filtered soft gate,0.3732379064419697,0.36156667010781385
Observed confounder,71,Oracle state gate,0.001895954396439729,0.04290514356350596
Observed confounder,72,Pooled unadjusted,1.2276723564433696,0.7275069064441358
Observed confounder,72,Pooled available adjustment,1.107924869772169,1.043924247846955
Observed confounder,72,Filtered hard gate,0.2492688552129818,0.13416802108501322
Observed confounder,72,Filtered soft gate,0.21498213033453165,0.2864951285806626
Observed confounder,72,Oracle state gate,0.00010614695798459983,0.009529628922904806
Observed confounder,73,Pooled unadjusted,1.607849754479195,0.8138812008513603
Observed confounder,73,Pooled available adjustment,1.0270131052291613,1.011602240820959
Observed confounder,73,Filtered hard gate,0.6582611528661976,0.3373328259713113
Observed confounder,73,Filtered soft gate,0.48785962969018265,0.4522402964322657
Observed confounder,73,Oracle state gate,6.867867799150359e-05,0.008134130267993004
Observed confounder,74,Pooled unadjusted,3.183417871391167,1.515804034626894
Observed confounder,74,Pooled available adjustment,1.1930627866630756,1.073127173171159
Observed confounder,74,Filtered hard gate,0.591755630645452,0.3043907042972754
Observed confounder,74,Filtered soft gate,0.41839510975195127,0.38471272492317327
Observed confounder,74,Oracle state gate,0.0002696315389483859,0.0127502730808014
Observed confounder,75,Pooled unadjusted,2.1265342454576586,1.0750956512615113
Observed confounder,75,Pooled available adjustment,0.9997422411740897,0.9998696497430801
Observed confounder,75,Filtered hard gate,0.5704807646355141,0.2971398921811466
Observed confounder,75,Filtered soft gate,0.3831755919788449,0.3673133775157804
Observed confounder,75,Oracle state gate,0.00044016574659260394,0.017188153793371498
Observed confounder,76,Pooled unadjusted,2.6140560280837786,1.274869416090832
Observed confounder,76,Pooled available adjustment,1.0265949211446392,1.00938118288179
Observed confounder,76,Filtered hard gate,0.5728085438474473,0.3076107726707081
Observed confounder,76,Filtered soft gate,0.4232483990777656,0.4250233283745975
Observed confounder,76,Oracle state gate,0.000801529701248518,0.020161052101612828
Observed confounder,77,Pooled unadjusted,0.8381854817954675,0.5317593906592598
Observed confounder,77,Pooled available adjustment,1.1681704282589416,1.0743257612473789
Observed confounder,77,Filtered hard gate,0.5888996421372056,0.3037516321453428
Observed confounder,77,Filtered soft gate,0.43893897424272627,0.41916782040019834
Observed confounder,77,Oracle state gate,0.00023383970181844194,0.008530109090950304
Observed confounder,78,Pooled unadjusted,3.2808511636566897,1.5493763789527353
Observed confounder,78,Pooled available adjustment,1.1180006365460882,1.0489804281209045
Observed confounder,78,Filtered hard gate,0.4729754842415654,0.24752779250093856
Observed confounder,78,Filtered soft gate,0.36211233895438216,0.3616409127519727
Observed confounder,78,Oracle state gate,0.00019488681640875992,0.010918103739751132
Observed confounder,79,Pooled unadjusted,2.1117525747810886,1.058578563348554
Observed confounder,79,Pooled available adjustment,1.0044450403258687,0.9803311207742642
Observed confounder,79,Filtered hard gate,0.6019394845151528,0.31076568885753875
Observed confounder,79,Filtered soft gate,0.44372640434339883,0.41985308644199626
Observed confounder,79,Oracle state gate,0.00015674242705034018,0.00937879659991375
Observed confounder,80,Pooled unadjusted,1.693010278125309,0.873937227794599
Observed confounder,80,Pooled available adjustment,0.9503495142167488,0.9678877804040996
Observed confounder,80,Filtered hard gate,0.4534917617270988,0.24364298550766608
Observed confounder,80,Filtered soft gate,0.33481701936387026,0.35154955573461566
Observed confounder,80,Oracle state gate,0.00032769089194277046,0.01727129709756471
Observed confounder,81,Pooled unadjusted,2.0400151149174404,1.0266153685375257
Observed confounder,81,Pooled available adjustment,0.9862995242205785,0.9843118142820743
Observed confounder,81,Filtered hard gate,0.5267771977671423,0.29651786855756845
Observed confounder,81,Filtered soft gate,0.3864801782953834,0.40252462305850906
Observed confounder,81,Oracle state gate,0.0011418567799728841,0.03375136934405599
Observed confounder,82,Pooled unadjusted,2.1796634498124647,1.0869348875680023
Observed confounder,82,Pooled available adjustment,1.0174396920091549,1.0040562502269361
Observed confounder,82,Filtered hard gate,0.4672657364862932,0.2623889534281357
Observed confounder,82,Filtered soft gate,0.35494557786773084,0.3728230149630748
Observed confounder,82,Oracle state gate,0.0020989279482755033,0.03725396020735124
Observed confounder,83,Pooled unadjusted,2.1664521615551795,1.1177169329853576
Observed confounder,83,Pooled available adjustment,0.9976005294686708,0.9987475713185127
Observed confounder,83,Filtered hard gate,0.5907434071470166,0.3065555894825319
Observed confounder,83,Filtered soft gate,0.4636862972627862,0.4254010156170636
Observed confounder,83,Oracle state gate,0.00035475252347946264,0.016463408437327763
Observed confounder,84,Pooled unadjusted,1.956202648057195,0.9921827694821127
Observed confounder,84,Pooled available adjustment,0.9724404319945154,0.9674455348271583
Observed confounder,84,Filtered hard gate,0.48359762908150594,0.2773087337930733
Observed confounder,84,Filtered soft gate,0.36535898923837673,0.3515962356782512
Observed confounder,84,Oracle state gate,0.0017703914841401334,0.041123821844053624
Observed confounder,85,Pooled unadjusted,2.103874628352526,1.0595419722693955
Observed confounder,85,Pooled available adjustment,0.9964771987170068,0.9969271768026227
Observed confounder,85,Filtered hard gate,0.4670762815597185,0.2632865355605707
Observed confounder,85,Filtered soft gate,0.3318781501481742,0.32456954855254544
Observed confounder,85,Oracle state gate,0.0015469073836865284,0.03930798087624182
Observed confounder,86,Pooled unadjusted,2.053951972911654,1.0267794178457483
Observed confounder,86,Pooled available adjustment,1.001209889438609,0.9989710317892916
Observed confounder,86,Filtered hard gate,0.48042842835682165,0.2667426573527737
Observed confounder,86,Filtered soft gate,0.34106003210653296,0.3385444607309613
Observed confounder,86,Oracle state gate,0.0014625054527470877,0.03553437602443203
Observed confounder,87,Pooled unadjusted,1.3714491587792381,0.8852735480290439
Observed confounder,87,Pooled available adjustment,1.0867187677138839,1.0268737931440621
Observed confounder,87,Filtered hard gate,0.5446819485314802,0.280747470827314
Observed confounder,87,Filtered soft gate,0.39268939718411205,0.38713130477665436
Observed confounder,87,Oracle state gate,9.925902132196887e-05,0.009955640354321253
Observed confounder,88,Pooled unadjusted,2.558124526914601,1.2600430654999857
Observed confounder,88,Pooled available adjustment,1.0513953464043773,1.0193618168184688
Observed confounder,88,Filtered hard gate,0.5007773393926737,0.2863786333463619
Observed confounder,88,Filtered soft gate,0.36066903887626084,0.3408389555460068
Observed confounder,88,Oracle state gate,0.0033101146339382763,0.047685707657887
Observed confounder,89,Pooled unadjusted,2.7381299156133947,1.3186379016293273
Observed confounder,89,Pooled available adjustment,1.0710750615556321,1.006288461042436
Observed confounder,89,Filtered hard gate,0.29582547955147015,0.17419454200623505
Observed confounder,89,Filtered soft gate,0.2357511856071273,0.2758626560905311
Observed confounder,89,Oracle state gate,0.0010813917973413068,0.029806366641132367
Observed confounder,90,Pooled unadjusted,1.9235388054963327,1.024319383744114
Observed confounder,90,Pooled available adjustment,0.9993496572240217,0.999455697697165
Observed confounder,90,Filtered hard gate,0.5217967126033745,0.28061512434731595
Observed confounder,90,Filtered soft gate,0.38124259280067496,0.38986815699709393
Observed confounder,90,Oracle state gate,0.00039648806601430076,0.019907717690046088
Observed confounder,91,Pooled unadjusted,1.448358391953191,0.9463271996448114
Observed confounder,91,Pooled available adjustment,1.0917583980529426,1.0172336134212911
Observed confounder,91,Filtered hard gate,0.6627333334417231,0.34174512654625666
Observed confounder,91,Filtered soft gate,0.492032209596353,0.440696496331103
Observed confounder,91,Oracle state gate,0.00029494061753217117,0.014337573300712147
Observed confounder,92,Pooled unadjusted,2.186262278873189,1.0910354159573323
Observed confounder,92,Pooled available adjustment,1.002171499860493,1.000970722750317
Observed confounder,92,Filtered hard gate,0.4717211185662085,0.2654981819540178
Observed confounder,92,Filtered soft gate,0.34365007051501434,0.34995339064258385
Observed confounder,92,Oracle state gate,0.0011532730635242401,0.03382461009794746
Observed confounder,93,Pooled unadjusted,1.3076254237911518,0.760545794426034
Observed confounder,93,Pooled available adjustment,1.084834426186827,1.0343326427400708
Observed confounder,93,Filtered hard gate,0.61814835259411,0.3219834300149273
Observed confounder,93,Filtered soft gate,0.437945341183608,0.409104900728653
Observed confounder,93,Oracle state gate,0.0012312190537535285,0.022230650757426248
Observed confounder,94,Pooled unadjusted,1.777924121431496,0.9999999999999999
Observed confounder,94,Pooled available adjustment,1.024919391954727,1.0
Observed confounder,94,Filtered hard gate,0.5488378897301908,0.2990501520372107
Observed confounder,94,Filtered soft gate,0.40145475775349165,0.4070673521162491
Observed confounder,94,Oracle state gate,0.001324513098803178,0.026238080106965492
Observed confounder,95,Pooled unadjusted,1.6057198671820276,1.0351244248932199
Observed confounder,95,Pooled available adjustment,1.0782917055741637,0.984069096256197
Observed confounder,95,Filtered hard gate,0.569617637844297,0.2950978535939496
Observed confounder,95,Filtered soft gate,0.41690156233945835,0.39342580530893434
Observed confounder,95,Oracle state gate,0.00015917255603537469,0.012477550839510321
Observed confounder,96,Pooled unadjusted,1.6734913072726352,1.0237363994233202
Observed confounder,96,Pooled available adjustment,1.0220405385880795,0.9945561596936873
Observed confounder,96,Filtered hard gate,0.40025308666729215,0.22002456819936242
Observed confounder,96,Filtered soft gate,0.32442662457620886,0.3535196393422011
Observed confounder,96,Oracle state gate,0.0004288715007137584,0.020092791410504504
Observed confounder,97,Pooled unadjusted,2.2683491880937225,1.1268510052769722
Observed confounder,97,Pooled available adjustment,1.0222921169357528,0.9927015185664974
Observed confounder,97,Filtered hard gate,0.4075543575242941,0.22425702351341714
Observed confounder,97,Filtered soft gate,0.28584932054495915,0.301749010231774
Observed confounder,97,Oracle state gate,0.0007633505778597718,0.025932727705751165
Observed confounder,98,Pooled unadjusted,2.3170863442094363,1.1500271058585685
Observed confounder,98,Pooled available adjustment,1.026847363836961,1.0078282376847079
Observed confounder,98,Filtered hard gate,0.5757815698896196,0.29478401542111066
Observed confounder,98,Filtered soft gate,0.43836685605248693,0.40612188708411945
Observed confounder,98,Oracle state gate,0.0001563829734560774,0.009527055533625262
Observed confounder,99,Pooled unadjusted,1.791015016961577,0.9221615222127874
Observed confounder,99,Pooled available adjustment,1.0164921137883098,1.005704112038691
Observed confounder,99,Filtered hard gate,0.5389003386195926,0.32756568103155226
Observed confounder,99,Filtered soft gate,0.402349865858331,0.42479501263109737
Observed confounder,99,Oracle state gate,0.003779008132981418,0.06049879723473246
Observed confounder,100,Pooled unadjusted,1.7163151817762226,0.8725016800993697
Observed confounder,100,Pooled available adjustment,0.9611109701754136,0.9715525020402446
Observed confounder,100,Filtered hard gate,0.42587101167973923,0.2238330747599465
Observed confounder,100,Filtered soft gate,0.3388405504261798,0.3561343554562335
Observed confounder,100,Oracle state gate,0.0001817766203540712,0.011888218526826776
Observed confounder,101,Pooled unadjusted,2.4862240786430316,1.2249996239358731
Observed confounder,101,Pooled available adjustment,1.0441179828097895,0.9565714114628188
Observed confounder,101,Filtered hard gate,0.3850327121940782,0.2255026199241693
Observed confounder,101,Filtered soft gate,0.2952246565657758,0.308598890810761
Observed confounder,101,Oracle state gate,0.001747485382087008,0.0416016673122586
Observed confounder,102,Pooled unadjusted,2.1998899212942056,1.104560510472018
Observed confounder,102,Pooled available adjustment,0.995907640889947,0.9618340954645102
Observed confounder,102,Filtered hard gate,0.528980913999607,0.30758043141920166
Observed confounder,102,Filtered soft gate,0.3972154200411233,0.418289341979178
Observed confounder,102,Oracle state gate,0.0019551495057072267,0.043905797373441295
Observed confounder,103,Pooled unadjusted,2.5587229090058243,1.347559350581078
Observed confounder,103,Pooled available adjustment,0.9585076139413833,0.9774334471202766
Observed confounder,103,Filtered hard gate,0.41473532610035,0.2334464261173828
Observed confounder,103,Filtered soft gate,0.3116910373152865,0.32178156052151247
Observed confounder,103,Oracle state gate,0.0009259162139552099,0.028334821164336287
Observed confounder,104,Pooled unadjusted,2.426574424406378,1.3194881933463252
Observed confounder,104,Pooled available adjustment,0.9375245452611257,0.96367025820615
Observed confounder,104,Filtered hard gate,0.6348246449705441,0.345500265751303
Observed confounder,104,Filtered soft gate,0.4637434316800538,0.41058397277401293
Observed confounder,104,Oracle state gate,0.0014307612122340717,0.034865164733306926
Observed confounder,105,Pooled unadjusted,1.7789754935755153,1.0938165276085543
Observed confounder,105,Pooled available adjustment,0.9985971770560099,0.970950766528516
Observed confounder,105,Filtered hard gate,0.505277490304522,0.2577894015353137
Observed confounder,105,Filtered soft gate,0.36559523507051306,0.3756938039275138
Observed confounder,105,Oracle state gate,4.171154916689231e-05,0.006210733974011275
Observed confounder,106,Pooled unadjusted,2.540734108702366,1.2439686928143994
Observed confounder,106,Pooled available adjustment,1.0684785985059952,1.0157629355927906
Observed confounder,106,Filtered hard gate,0.5981598274630499,0.31226819689840896
Observed confounder,106,Filtered soft gate,0.4459730268021057,0.40134528191146024
Observed confounder,106,Oracle state gate,0.00039275359947111795,0.018724230500964355
Observed confounder,107,Pooled unadjusted,1.596585519706809,0.9257680267539137
Observed confounder,107,Pooled available adjustment,1.0313628948308033,1.0095350598064214
Observed confounder,107,Filtered hard gate,0.5407828601521381,0.2833362208039748
Observed confounder,107,Filtered soft gate,0.4159958442497126,0.4018857107425201
Observed confounder,107,Oracle state gate,0.0005950626680288817,0.01850675206788214
Observed confounder,108,Pooled unadjusted,2.5202966903564983,1.2443957129291703
Observed confounder,108,Pooled available adjustment,1.0503659418408742,1.0188729480807073
Observed confounder,108,Filtered hard gate,0.5005714283468028,0.2776992864174063
Observed confounder,108,Filtered soft gate,0.40327931525529115,0.38747091890090385
Observed confounder,108,Oracle state gate,0.001392809950132585,0.03504604071221713
Observed confounder,109,Pooled unadjusted,1.5054781146408993,0.798732818056764
Observed confounder,109,Pooled available adjustment,0.9099937259599794,0.9425354516105974
Observed confounder,109,Filtered hard gate,0.41769296078268714,0.21731202928169632
Observed confounder,109,Filtered soft gate,0.31843867463892755,0.3425397023164459
Observed confounder,109,Oracle state gate,0.00022223792133507423,0.011727069815883347
Observed confounder,110,Pooled unadjusted,1.1459301360744427,0.6381921783428338
Observed confounder,110,Pooled available adjustment,1.0432716228076666,1.0202710435996707
Observed confounder,110,Filtered hard gate,0.43616751777269275,0.23722669101789154
Observed confounder,110,Filtered soft gate,0.3405141947284796,0.3407701582887583
Observed confounder,110,Oracle state gate,0.00046579180711472235,0.02075802938143449
Observed confounder,111,Pooled unadjusted,2.1578031750860887,1.0890792967570628
Observed confounder,111,Pooled available adjustment,0.9969038153289533,0.9982663886281408
Observed confounder,111,Filtered hard gate,0.5457462904446833,0.2752455690951165
Observed confounder,111,Filtered soft gate,0.3948181841329286,0.37735533319715087
Observed confounder,111,Oracle state gate,1.0675004715465103e-05,0.0032576434193490613
Observed confounder,112,Pooled unadjusted,1.889573058488234,0.9559859091473232
Observed confounder,112,Pooled available adjustment,0.9757110856195561,0.9745935441917036
Observed confounder,112,Filtered hard gate,0.4321673346056729,0.24183672352285346
Observed confounder,112,Filtered soft gate,0.3260464389508262,0.37332559741583454
Observed confounder,112,Oracle state gate,0.0008271261414917761,0.026046618639807007
Observed confounder,113,Pooled unadjusted,1.6719245122888313,0.8478401975436657
Observed confounder,113,Pooled available adjustment,0.9888850488495404,0.9935711765917892
Observed confounder,113,Filtered hard gate,0.4328970322167426,0.22215062728112486
Observed confounder,113,Filtered soft gate,0.3355899130722365,0.363532700295253
Observed confounder,113,Oracle state gate,4.701452326343372e-05,0.006676025463381481
Observed confounder,114,Pooled unadjusted,1.8190694265624165,0.9112109670995054
Observed confounder,114,Pooled available adjustment,1.0018799661238018,1.0009036456030247
Observed confounder,114,Filtered hard gate,0.7407817997891384,0.38715069731524593
Observed confounder,114,Filtered soft gate,0.4957622055484432,0.46712562158886667
Observed confounder,114,Oracle state gate,0.00043546319670561184,0.018269530685229875
Observed confounder,115,Pooled unadjusted,1.7299464857514915,0.8699669452062485
Observed confounder,115,Pooled available adjustment,0.9856163808848832,0.9914488356841868
Observed confounder,115,Filtered hard gate,0.5152837318437294,0.2858329410722917
Observed confounder,115,Filtered soft gate,0.37757017682697824,0.3879448237731527
Observed confounder,115,Oracle state gate,0.0009354161910396276,0.029103662423737787
Observed confounder,116,Pooled unadjusted,1.7007547387425626,0.8971787064426919
Observed confounder,116,Pooled available adjustment,1.0074136806843663,1.0032531735761991
Observed confounder,116,Filtered hard gate,0.43166967633087233,0.23374394084729005
Observed confounder,116,Filtered soft gate,0.3209428525075134,0.34358271204059826
Observed confounder,116,Oracle state gate,0.00034848793637738825,0.01779344535592045
Observed confounder,117,Pooled unadjusted,2.414929363432024,1.3178047446113983
Observed confounder,117,Pooled available adjustment,0.9271478846330974,0.9561585322195371
Observed confounder,117,Filtered hard gate,0.5661371541525505,0.2934108717834215
Observed confounder,117,Filtered soft gate,0.4218589035138435,0.3982300771894958
Observed confounder,117,Oracle state gate,0.00013447222018414455,0.0115695113931766
Observed confounder,118,Pooled unadjusted,2.536496610447991,1.2481236358822754
Observed confounder,118,Pooled available adjustment,1.0165888018911335,1.0071089671435411
Observed confounder,118,Filtered hard gate,0.4527711076499219,0.2629599153591346
Observed confounder,118,Filtered soft gate,0.35835113541392,0.3902779247469193
Observed confounder,118,Oracle state gate,0.0016086208610252364,0.036085872129052995
Observed confounder,119,Pooled unadjusted,1.4743610286365993,0.850500482059016
Observed confounder,119,Pooled available adjustment,1.0424739768712912,1.0165170445051228
Observed confounder,119,Filtered hard gate,0.45616042046023164,0.25710690257579694
Observed confounder,119,Filtered soft gate,0.3435852062599217,0.37172082393086003
Observed confounder,119,Oracle state gate,0.0012187395916436082,0.03194624949339646
Observed confounder,120,Pooled unadjusted,2.197722258994774,1.0946681044932174
Observed confounder,120,Pooled available adjustment,1.0000539109631648,0.9988216473501489
Observed confounder,120,Filtered hard gate,0.4542903448902178,0.2545322364689905
Observed confounder,120,Filtered soft gate,0.33854339759571767,0.33663912216176184
Observed confounder,120,Oracle state gate,0.0012120874349544257,0.03291914702752601
Observed confounder,121,Pooled unadjusted,1.4774398870600072,0.7895978444436957
Observed confounder,121,Pooled available adjustment,1.0123519895650548,1.0058310443139091
Observed confounder,121,Filtered hard gate,0.45521095894240443,0.24605678595776584
Observed confounder,121,Filtered soft gate,0.3155274454091515,0.323257167548077
Observed confounder,121,Oracle state gate,0.0005790580364342907,0.024059520667567943
Observed confounder,122,Pooled unadjusted,2.1996316035179144,1.1125400837979218
Observed confounder,122,Pooled available adjustment,0.9871658547273248,0.9884543323882183
Observed confounder,122,Filtered hard gate,0.5205707599749319,0.305165043288754
Observed confounder,122,Filtered soft gate,0.4169286004471978,0.41623956040786547
Observed confounder,122,Oracle state gate,0.005079318399640318,0.047821911327137596
Observed confounder,123,Pooled unadjusted,2.465344440887349,1.224418409240628
Observed confounder,123,Pooled available adjustment,1.0123400124417146,1.0056915940763365
Observed confounder,123,Filtered hard gate,0.42883371172801255,0.2516721743767332
Observed confounder,123,Filtered soft gate,0.3245012917000315,0.3332647688830891
Observed confounder,123,Oracle state gate,0.002546961690618823,0.04613892693923304
Observed confounder,124,Pooled unadjusted,2.0911397828016383,1.0450070730868948
Observed confounder,124,Pooled available adjustment,0.9996336542988394,0.9997930287648831
Observed confounder,124,Filtered hard gate,0.49801440175718975,0.2781399911884619
Observed confounder,124,Filtered soft gate,0.389564503596465,0.3767488589280125
Observed confounder,124,Oracle state gate,0.0012973598749034926,0.035212705424478415
Observed confounder,125,Pooled unadjusted,1.6894856082341476,0.9651473764467426
Observed confounder,125,Pooled available adjustment,1.03928808457765,1.0064883209211948
Observed confounder,125,Filtered hard gate,0.5067826052354727,0.2908297119344006
Observed confounder,125,Filtered soft gate,0.37796898558524133,0.394008009695992
Observed confounder,125,Oracle state gate,0.003189594490606148,0.041117212929838234
Observed confounder,126,Pooled unadjusted,1.8673402325157236,0.9397958461898646
Observed confounder,126,Pooled available adjustment,0.9899165477119188,0.9937137073716783
Observed confounder,126,Filtered hard gate,0.4685390462640264,0.2726109732558532
Observed confounder,126,Filtered soft gate,0.3543352401649315,0.3825114813709911
Observed confounder,126,Oracle state gate,0.002450541332747374,0.03865972322915823
Observed confounder,127,Pooled unadjusted,2.4021578097946565,1.2622988880050843
Observed confounder,127,Pooled available adjustment,0.9663816115228525,0.9808526652851299
Observed confounder,127,Filtered hard gate,0.36790745486246273,0.19671479834997552
Observed confounder,127,Filtered soft gate,0.29210369084827115,0.3113219290985942
Observed confounder,127,Oracle state gate,0.00029871076578091426,0.016150735321847923
Observed confounder,128,Pooled unadjusted,2.4752023163403667,1.2226210845312484
Observed confounder,128,Pooled available adjustment,1.0364436802851429,1.0135429650693597
Observed confounder,128,Filtered hard gate,0.2278275842998868,0.12277023181040225
Observed confounder,128,Filtered soft gate,0.19864101711024346,0.2632861828918161
Observed confounder,128,Oracle state gate,9.028046291044878e-05,0.009403331329787592
Observed confounder,129,Pooled unadjusted,1.7868671405619443,0.8985201582723144
Observed confounder,129,Pooled available adjustment,1.0082307649810611,1.003519939631547
Observed confounder,129,Filtered hard gate,0.6720446039199507,0.34525149174401654
Observed confounder,129,Filtered soft gate,0.49468509690459433,0.4496564619669764
Observed confounder,129,Oracle state gate,0.00047744732255609266,0.014943899356724426
Observed confounder,130,Pooled unadjusted,2.091325567378771,1.0453561916298055
Observed confounder,130,Pooled available adjustment,0.9987212930892593,0.999044552168034
Observed confounder,130,Filtered hard gate,0.6284838234834526,0.32788602721006144
Observed confounder,130,Filtered soft gate,0.4410087912905772,0.4172741393731127
Observed confounder,130,Oracle state gate,0.0004999132371494975,0.020229118989110135
Observed confounder,131,Pooled unadjusted,1.8913611524844542,0.9676286232250749
Observed confounder,131,Pooled available adjustment,0.9581428139362501,0.9668345298552415
Observed confounder,131,Filtered hard gate,0.39387961368126095,0.2070003473952192
Observed confounder,131,Filtered soft gate,0.3093650699789483,0.34257182981981643
Observed confounder,131,Oracle state gate,0.00019308224638937545,0.012046313403918851
Observed confounder,132,Pooled unadjusted,1.6951409262654515,1.028747006780947
Observed confounder,132,Pooled available adjustment,1.0371200435255141,0.99164799600276
Observed confounder,132,Filtered hard gate,0.5420105545613757,0.3046498383841839
Observed confounder,132,Filtered soft gate,0.40116282177541507,0.4174563895311112
Observed confounder,132,Oracle state gate,0.002435889629321771,0.03472718655601028
Observed confounder,133,Pooled unadjusted,2.8011237700475506,1.3602969418651032
Observed confounder,133,Pooled available adjustment,1.1138097003027863,1.040370391558487
Observed confounder,133,Filtered hard gate,0.6408122586589691,0.3504588025624128
Observed confounder,133,Filtered soft gate,0.46098926525079864,0.4100409282984164
Observed confounder,133,Oracle state gate,0.0019868566178750033,0.04452886380540308
Observed confounder,134,Pooled unadjusted,2.9277715269495594,1.4070378555495795
Observed confounder,134,Pooled available adjustment,1.1504085444006407,1.0505887743025553
Observed confounder,134,Filtered hard gate,0.6442414960403753,0.3326003468072332
Observed confounder,134,Filtered soft gate,0.4540135101416268,0.4051129851763208
Observed confounder,134,Oracle state gate,0.00029954059489660967,0.01459938060701381
Observed confounder,135,Pooled unadjusted,1.9505579289852837,0.9800805727006751
Observed confounder,135,Pooled available adjustment,0.9988456274343791,0.9994051195815785
Observed confounder,135,Filtered hard gate,0.42551919111466385,0.2218142541944293
Observed confounder,135,Filtered soft gate,0.33443395598298925,0.3329416530469069
Observed confounder,135,Oracle state gate,0.00010682847956385507,0.009326959162522129
Observed confounder,136,Pooled unadjusted,2.2093789484094706,1.1005193993789797
Observed confounder,136,Pooled available adjustment,1.0252876111628164,0.9913281029183109
Observed confounder,136,Filtered hard gate,0.5303147100341439,0.2860249238960998
Observed confounder,136,Filtered soft gate,0.39274769533550724,0.3871271697374659
Observed confounder,136,Oracle state gate,0.0008586001407806298,0.023271228926839263
Observed confounder,137,Pooled unadjusted,3.237326773250782,1.543778084198238
Observed confounder,137,Pooled available adjustment,1.1544351279145755,1.0634312134096653
Observed confounder,137,Filtered hard gate,0.3978171053587445,0.2112391851252548
Observed confounder,137,Filtered soft gate,0.313711168881706,0.3476672589792257
Observed confounder,137,Oracle state gate,0.00021743027787616057,0.01296594645568704
Observed confounder,138,Pooled unadjusted,1.2951997581407135,0.6941352592547895
Observed confounder,138,Pooled available adjustment,0.9141105198548981,0.9504871922251446
Observed confounder,138,Filtered hard gate,0.5845292168401465,0.30316177303250225
Observed confounder,138,Filtered soft gate,0.44842442301525537,0.4305902469557296
Observed confounder,138,Oracle state gate,0.00013464621360569502,0.010947646051093397
Observed confounder,139,Pooled unadjusted,1.9604658708742018,0.9803784324811528
Observed confounder,139,Pooled available adjustment,1.0095175914357684,1.0019490462492266
Observed confounder,139,Filtered hard gate,0.6015955456747678,0.34118825880864684
Observed confounder,139,Filtered soft gate,0.4431809739617919,0.41181866574440223
Observed confounder,139,Oracle state gate,0.002743002640127578,0.051079418520788636
Observed confounder,140,Pooled unadjusted,1.6233953891269612,0.9433516960630243
Observed confounder,140,Pooled available adjustment,1.0268965022584553,1.0073117289923033
Observed confounder,140,Filtered hard gate,0.44469352107301996,0.24996326585982806
Observed confounder,140,Filtered soft gate,0.3486673101712399,0.37441744817537304
Observed confounder,140,Oracle state gate,0.0009854456907057198,0.02626597602675884
Observed confounder,141,Pooled unadjusted,1.2113161340833112,0.7266009772227087
Observed confounder,141,Pooled available adjustment,1.1097436715053348,1.0447269160034782
Observed confounder,141,Filtered hard gate,0.48215646434438963,0.2681107622913973
Observed confounder,141,Filtered soft gate,0.36393950242304984,0.39185632144468846
Observed confounder,141,Oracle state gate,0.001043121087409559,0.028857226517640867
Observed confounder,142,Pooled unadjusted,1.1560191718009782,0.8600186978843404
Observed confounder,142,Pooled available adjustment,1.2424097480634602,1.0686994197521535
Observed confounder,142,Filtered hard gate,0.5487200051291095,0.28596340744467774
Observed confounder,142,Filtered soft gate,0.3977637606808045,0.3625090818892853
Observed confounder,142,Oracle state gate,0.00025662101024117386,0.015975529757292193
Observed confounder,143,Pooled unadjusted,2.1496718431732535,1.0735864395442285
Observed confounder,143,Pooled available adjustment,1.0069768353430677,1.0024549876056816
Observed confounder,143,Filtered hard gate,0.5539937668457873,0.3051581824658502
Observed confounder,143,Filtered soft gate,0.419002511348169,0.40575350684517525
Observed confounder,143,Oracle state gate,0.0012805068553088889,0.03480130900638051
Observed confounder,144,Pooled unadjusted,1.8578825945280844,1.0198985766710589
Observed confounder,144,Pooled available adjustment,1.00771237554564,0.9975242555977009
Observed confounder,144,Filtered hard gate,0.4408152925213875,0.24751955412352938
Observed confounder,144,Filtered soft gate,0.32592497786332,0.3531115470787831
Observed confounder,144,Oracle state gate,0.0011324038414606181,0.02870184685504028
Observed confounder,145,Pooled unadjusted,1.8474298722315516,0.9283479262817103
Observed confounder,145,Pooled available adjustment,0.9856190140864435,0.9861232617364073
Observed confounder,145,Filtered hard gate,0.5760740565381015,0.29349009699947354
Observed confounder,145,Filtered soft gate,0.40817115350211414,0.4105295515940595
Observed confounder,145,Oracle state gate,5.406946491478723e-05,0.005112642324292169
Observed confounder,146,Pooled unadjusted,1.708345066813707,0.9949140773862074
Observed confounder,146,Pooled available adjustment,1.0336524290927602,1.001065264476563
Observed confounder,146,Filtered hard gate,0.6126892840835101,0.3325330140948637
Observed confounder,146,Filtered soft gate,0.4606311973844861,0.42520176749197286
Observed confounder,146,Oracle state gate,0.0011323152803747844,0.03268159387274745
Observed confounder,147,Pooled unadjusted,2.0434333766052535,1.0265658169865455
Observed confounder,147,Pooled available adjustment,0.9908889153272924,0.9859283725563862
Observed confounder,147,Filtered hard gate,0.6018420341364299,0.31669857780400285
Observed confounder,147,Filtered soft gate,0.43868035230707564,0.4187694048233624
Observed confounder,147,Oracle state gate,0.00034548158109026105,0.015854421171222266
Observed confounder,148,Pooled unadjusted,1.7753551251749027,0.9204233401945553
Observed confounder,148,Pooled available adjustment,0.9413760416585099,0.9589669043725709
Observed confounder,148,Filtered hard gate,0.5081786010398833,0.2865341780005953
Observed confounder,148,Filtered soft gate,0.3688348419448166,0.33915985523959025
Observed confounder,148,Oracle state gate,0.0022048210449324515,0.04530428629259051
Observed confounder,149,Pooled unadjusted,3.767800696831195,1.6880748492976236
Observed confounder,149,Pooled available adjustment,1.42106857712086,1.121015022753148
Observed confounder,149,Filtered hard gate,0.5522622049298674,0.29831736886297666
Observed confounder,149,Filtered soft gate,0.37896573706653797,0.37812733452321423
Observed confounder,149,Oracle state gate,0.0006753646416483526,0.02594867691231665
Observed confounder,150,Pooled unadjusted,3.1205821763380692,1.4658806828449817
Observed confounder,150,Pooled available adjustment,1.138867788925928,1.0404491290290854
Observed confounder,150,Filtered hard gate,0.4539701145737736,0.24002830614597656
Observed confounder,150,Filtered soft gate,0.32312419156096295,0.35870658968024144
Observed confounder,150,Oracle state gate,0.000185853357491009,0.013197703522373656
Observed confounder,151,Pooled unadjusted,2.26811398179148,1.130190241415789
Observed confounder,151,Pooled available adjustment,0.9959954102191393,0.9977142493879793
Observed confounder,151,Filtered hard gate,0.5881288090224938,0.30848290254955146
Observed confounder,151,Filtered soft gate,0.41649744018772494,0.41611208008739303
Observed confounder,151,Oracle state gate,0.00023166297954013956,0.014784898376734123
Observed confounder,152,Pooled unadjusted,2.0253291135310776,1.0164020432540837
Observed confounder,152,Pooled available adjustment,0.9948219502378265,0.98779834157413
Observed confounder,152,Filtered hard gate,0.5081025102991046,0.25918501315265485
Observed confounder,152,Filtered soft gate,0.35180773355962963,0.3626638759969561
Observed confounder,152,Oracle state gate,3.691030967433081e-05,0.005940540807910249
Observed confounder,153,Pooled unadjusted,1.9456413425310524,0.9748155428238987
Observed confounder,153,Pooled available adjustment,0.9958788847997214,0.9938510936704471
Observed confounder,153,Filtered hard gate,0.5205772040918307,0.3106842223702621
Observed confounder,153,Filtered soft gate,0.3962501347971081,0.41027751857099737
Observed confounder,153,Oracle state gate,0.00293178870678048,0.05099727616180795
Observed confounder,154,Pooled unadjusted,1.3150090865767228,0.8212166292622421
Observed confounder,154,Pooled available adjustment,1.1297891951429782,1.0442726899510808
Observed confounder,154,Filtered hard gate,0.42819314310033724,0.23622720454149193
Observed confounder,154,Filtered soft gate,0.33267505244107554,0.3517990433753258
Observed confounder,154,Oracle state gate,0.0008958222376249181,0.027354795591083374
Observed confounder,155,Pooled unadjusted,2.692669336540703,1.3299794496685668
Observed confounder,155,Pooled available adjustment,0.9975786170917926,0.9987795315609488
Observed confounder,155,Filtered hard gate,0.42114846801082034,0.23416502816887644
Observed confounder,155,Filtered soft gate,0.32910010510696713,0.3293014474480054
Observed confounder,155,Oracle state gate,0.000909746142046534,0.030152289976172635
Observed confounder,156,Pooled unadjusted,2.1443896621570393,1.0712262422835983
Observed confounder,156,Pooled available adjustment,0.9976435430865102,0.9953004632657672
Observed confounder,156,Filtered hard gate,0.47287906086016734,0.26146249129191784
Observed confounder,156,Filtered soft gate,0.3517652888551571,0.38124998072761057
Observed confounder,156,Oracle state gate,0.0007933845428519352,0.025875389141519108
Observed confounder,157,Pooled unadjusted,1.7601247395584965,0.9065804118592855
Observed confounder,157,Pooled available adjustment,1.0075836011906876,1.0032268744497956
Observed confounder,157,Filtered hard gate,0.4687861569728606,0.2651692223653249
Observed confounder,157,Filtered soft gate,0.35968199469209816,0.37991658304132736
Observed confounder,157,Oracle state gate,0.0012182969939144275,0.03417374865599986
Observed confounder,158,Pooled unadjusted,1.9517765760198507,0.9774336683478078
Observed confounder,158,Pooled available adjustment,0.9972529139960927,0.9981522814802235
Observed confounder,158,Filtered hard gate,0.547085351514113,0.28662353300112214
Observed confounder,158,Filtered soft gate,0.3944134940980155,0.3656542277599221
Observed confounder,158,Oracle state gate,0.00038784350122933524,0.018303116503668056
Observed confounder,159,Pooled unadjusted,1.6852108431716424,0.8874111452830241
Observed confounder,159,Pooled available adjustment,1.0019729268842583,1.000953795869564
Observed confounder,159,Filtered hard gate,0.5456276911024222,0.2903003635576185
Observed confounder,159,Filtered soft gate,0.41650283375813596,0.3907533974220664
Observed confounder,159,Oracle state gate,0.0005894785283634418,0.024263696506421715
Observed confounder,160,Pooled unadjusted,2.1710981744551394,1.0881609138611532
Observed confounder,160,Pooled available adjustment,0.9903147839690992,0.9804445069965421
Observed confounder,160,Filtered hard gate,0.48513645940902744,0.2797866429035595
Observed confounder,160,Filtered soft gate,0.3387058592613281,0.36800180691017004
Observed confounder,160,Oracle state gate,0.0018738093177238944,0.04316425709349802
Observed confounder,161,Pooled unadjusted,1.174103387856703,0.6210502297372598
Observed confounder,161,Pooled available adjustment,0.9193975009554184,0.9548904537868962
Observed confounder,161,Filtered hard gate,0.5465981954576452,0.27681090583388157
Observed confounder,161,Filtered soft gate,0.39360808662193436,0.3848791318224595
Observed confounder,161,Oracle state gate,1.7704681021216357e-05,0.0037838508120982173
Observed confounder,162,Pooled unadjusted,3.2211567224545137,1.508303922442196
Observed confounder,162,Pooled available adjustment,1.2342983445884765,1.0707067073581862
Observed confounder,162,Filtered hard gate,0.3583752997243236,0.22193797133459883
Observed confounder,162,Filtered soft gate,0.3074122461981322,0.36679399401208584
Observed confounder,162,Oracle state gate,0.0031113218239088125,0.04447498631907401
Observed confounder,163,Pooled unadjusted,1.976193591716495,0.992486570043391
Observed confounder,163,Pooled available adjustment,0.9953095786655584,0.9972162998181576
Observed confounder,163,Filtered hard gate,0.4396053840738912,0.23855882746844162
Observed confounder,163,Filtered soft gate,0.32013909054918316,0.3173970420556259
Observed confounder,163,Oracle state gate,0.0007857081118671606,0.024006502094404383
Observed confounder,164,Pooled unadjusted,1.7243121697616197,0.8634976373804503
Observed confounder,164,Pooled available adjustment,0.9900722683672665,0.9942645111763594
Observed confounder,164,Filtered hard gate,0.43123203464320725,0.2253403726374097
Observed confounder,164,Filtered soft gate,0.3363423118645899,0.35202730257964854
Observed confounder,164,Oracle state gate,0.00011494066659100457,0.010718145750719084
Observed confounder,165,Pooled unadjusted,1.57695467621659,0.8226850407152128
Observed confounder,165,Pooled available adjustment,0.9386525050530172,0.962154525562795
Observed confounder,165,Filtered hard gate,0.5092536271272587,0.28206830074134165
Observed confounder,165,Filtered soft gate,0.3675649820652138,0.3889044131388281
Observed confounder,165,Oracle state gate,0.0010998550117263953,0.029242672851866207
Observed confounder,166,Pooled unadjusted,2.8721655266677315,1.4103650331271442
Observed confounder,166,Pooled available adjustment,1.0111055155536353,1.0054268608402417
Observed confounder,166,Filtered hard gate,0.4934649193050044,0.2626353883662966
Observed confounder,166,Filtered soft gate,0.3540367704544952,0.3663604398965672
Observed confounder,166,Oracle state gate,0.00034683751465730523,0.018567410379198082
Observed confounder,167,Pooled unadjusted,2.0168235473132605,1.009019101560154
Observed confounder,167,Pooled available adjustment,0.9987040004191186,0.9987047370061508
Observed confounder,167,Filtered hard gate,0.596763839649542,0.318726016914743
Observed confounder,167,Filtered soft gate,0.419708105970918,0.40029694595515886
Observed confounder,167,Oracle state gate,0.0006139719961049828,0.024443577603154652
Observed confounder,168,Pooled unadjusted,2.704495622366142,1.319029803441205
Observed confounder,168,Pooled available adjustment,1.093257127807255,1.032074678874772
Observed confounder,168,Filtered hard gate,0.570915016622571,0.30186597302765633
Observed confounder,168,Filtered soft gate,0.40150344552968376,0.4044341718660064
Observed confounder,168,Oracle state gate,0.0002776459853912105,0.016597455422887722
Observed confounder,169,Pooled unadjusted,1.6174644424352054,0.8795589015069138
Observed confounder,169,Pooled available adjustment,1.0089899585639022,1.004017463988972
Observed confounder,169,Filtered hard gate,0.45865444451687554,0.25457952064725875
Observed confounder,169,Filtered soft gate,0.33939685315453777,0.36421234936295027
Observed confounder,169,Oracle state gate,0.00105932294001386,0.0227125665192999
Observed confounder,170,Pooled unadjusted,2.134399683251981,1.2030971757772053
Observed confounder,170,Pooled available adjustment,0.9556498234419142,0.9697448486873484
Observed confounder,170,Filtered hard gate,0.761007446987342,0.39563778138493894
Observed confounder,170,Filtered soft gate,0.5261562149854294,0.454430008382874
Observed confounder,170,Oracle state gate,0.00046881064517930945,0.020121737423054405
Observed confounder,171,Pooled unadjusted,2.417450856583119,1.1951011909387084
Observed confounder,171,Pooled available adjustment,1.0196327467888218,1.007331552046155
Observed confounder,171,Filtered hard gate,0.3356018037686612,0.1766756996624165
Observed confounder,171,Filtered soft gate,0.27756083463112685,0.3116878470067429
Observed confounder,171,Oracle state gate,0.00012017697770153793,0.01066027729743436
Observed confounder,172,Pooled unadjusted,2.4913176507839236,1.2693748592698275
Observed confounder,172,Pooled available adjustment,0.9725514282832095,0.9847490406393117
Observed confounder,172,Filtered hard gate,0.3510667180637144,0.20033171792789198
Observed confounder,172,Filtered soft gate,0.25908033231338834,0.30227914915285803
Observed confounder,172,Oracle state gate,0.0009233887412094229,0.030366670819792427
Observed confounder,173,Pooled unadjusted,2.6080520282385478,1.2683990019857898
Observed confounder,173,Pooled available adjustment,1.0915129260936018,1.007722514565754
Observed confounder,173,Filtered hard gate,0.6866209873579587,0.3695066549916735
Observed confounder,173,Filtered soft gate,0.508254527613993,0.4785121237149422
Observed confounder,173,Oracle state gate,0.0010682238583418532,0.026730273241865093
Observed confounder,174,Pooled unadjusted,2.147550125884465,1.0712843347517336
Observed confounder,174,Pooled available adjustment,1.0147330743454555,1.0011179110946802
Observed confounder,174,Filtered hard gate,0.6432799659743413,0.3662247795369213
Observed confounder,174,Filtered soft gate,0.46729182378419215,0.4391562342653228
Observed confounder,174,Oracle state gate,0.0028741858626770353,0.05258576214702456
Observed confounder,175,Pooled unadjusted,1.8918685083895714,0.9626402198732291
Observed confounder,175,Pooled available adjustment,1.0018699278849053,1.0007435355690373
Observed confounder,175,Filtered hard gate,0.5139549322122516,0.2678286361300573
Observed confounder,175,Filtered soft gate,0.40035891881052804,0.3826243785567892
Observed confounder,175,Oracle state gate,0.0002824132981159413,0.013985275174817654
Observed confounder,176,Pooled unadjusted,1.3124350064586952,0.735963989376367
Observed confounder,176,Pooled available adjustment,1.0751351693749271,1.031562413028415
Observed confounder,176,Filtered hard gate,0.5512566771247953,0.28637900693107304
Observed confounder,176,Filtered soft gate,0.4026318773038435,0.39753493159751735
Observed confounder,176,Oracle state gate,0.0002365179549516061,0.01020532487886414
Observed confounder,177,Pooled unadjusted,2.6626919878416473,1.3123368423699944
Observed confounder,177,Pooled available adjustment,1.0352425244952832,1.0155821351895213
Observed confounder,177,Filtered hard gate,0.7081945140620749,0.3763393058087635
Observed confounder,177,Filtered soft gate,0.49143815975722965,0.4224366135841382
Observed confounder,177,Oracle state gate,0.0016242225542037543,0.031912862128077375
Observed confounder,178,Pooled unadjusted,2.5549087860207447,1.2648528712940272
Observed confounder,178,Pooled available adjustment,1.031457185820604,1.0136544205889648
Observed confounder,178,Filtered hard gate,0.5825883515409805,0.31334647231264423
Observed confounder,178,Filtered soft gate,0.4367712015261973,0.4183692656210577
Observed confounder,178,Oracle state gate,0.0006482444084915158,0.02288808449065423
Observed confounder,179,Pooled unadjusted,2.1244876578526375,1.0691041379831236
Observed confounder,179,Pooled available adjustment,0.9841253020311485,0.974540983242292
Observed confounder,179,Filtered hard gate,0.44042501112846805,0.24568573232631533
Observed confounder,179,Filtered soft gate,0.32272764681991756,0.31203031175857304
Observed confounder,179,Oracle state gate,0.0018845373106337593,0.03445985943208395
Observed confounder,180,Pooled unadjusted,1.4072901465060867,0.7468829536855732
Observed confounder,180,Pooled available adjustment,0.9513772085507374,0.9733253925877667
Observed confounder,180,Filtered hard gate,0.6080160943765952,0.30874339724857514
Observed confounder,180,Filtered soft gate,0.4348587822900821,0.4189070474425087
Observed confounder,180,Oracle state gate,3.125964238521043e-05,0.005570516230983232
Observed confounder,181,Pooled unadjusted,2.2672568346699395,1.2024432866333796
Observed confounder,181,Pooled available adjustment,0.9789362867703435,0.9879372276786044
Observed confounder,181,Filtered hard gate,0.6600199758432816,0.3430972021520778
Observed confounder,181,Filtered soft gate,0.4465010989157971,0.42439572108723483
Observed confounder,181,Oracle state gate,0.00018657579541067355,0.013321078403243092
Observed confounder,182,Pooled unadjusted,2.777491405034778,1.34613795913895
Observed confounder,182,Pooled available adjustment,1.084052202378406,1.0294723479534422
Observed confounder,182,Filtered hard gate,0.5205045894317208,0.28693412623856196
Observed confounder,182,Filtered soft gate,0.3795979646793454,0.38433333906811956
Observed confounder,182,Oracle state gate,0.0009135896772781883,0.029723623676217798
Observed confounder,183,Pooled unadjusted,3.0260606233712313,1.4382269026030736
Observed confounder,183,Pooled available adjustment,1.1521672737148667,1.048438553772572
Observed confounder,183,Filtered hard gate,0.6089252944168215,0.31657114553212
Observed confounder,183,Filtered soft gate,0.4411566876151668,0.4030726562305148
Observed confounder,183,Oracle state gate,0.0005762830154703613,0.018962286786016424
Observed confounder,184,Pooled unadjusted,2.1612774675571673,1.0792948936954936
Observed confounder,184,Pooled available adjustment,1.0049617343646782,0.990848221572069
Observed confounder,184,Filtered hard gate,0.5686747178474206,0.30225390013926684
Observed confounder,184,Filtered soft gate,0.4198285716543992,0.40551858278414016
Observed confounder,184,Oracle state gate,0.00038120310284813186,0.017472907333665536
Observed confounder,185,Pooled unadjusted,2.404956904246238,1.1950150226027445
Observed confounder,185,Pooled available adjustment,1.0330209828906791,0.9408861179576181
Observed confounder,185,Filtered hard gate,0.42890618504141015,0.26414786939263435
Observed confounder,185,Filtered soft gate,0.35054424141537427,0.3725300057999423
Observed confounder,185,Oracle state gate,0.00461453663161289,0.05359009015927553
Observed confounder,186,Pooled unadjusted,1.8623401984637569,1.0789006108852273
Observed confounder,186,Pooled available adjustment,0.9960833504051264,0.9845710203868284
Observed confounder,186,Filtered hard gate,0.6064636360539023,0.3182198988215628
Observed confounder,186,Filtered soft gate,0.4396816914788574,0.40306769636546114
Observed confounder,186,Oracle state gate,0.0009012615442283751,0.022693679644215495
Observed confounder,187,Pooled unadjusted,2.4769987477356263,1.2368907582060862
Observed confounder,187,Pooled available adjustment,0.987412791429983,0.9932795048332708
Observed confounder,187,Filtered hard gate,0.6222893729079901,0.31990622683374964
Observed confounder,187,Filtered soft gate,0.4231632212893926,0.40609112296121463
Observed confounder,187,Oracle state gate,0.00011551729635776045,0.008684196771324952
Observed confounder,188,Pooled unadjusted,2.321632401216233,1.1562907944008862
Observed confounder,188,Pooled available adjustment,1.0022144964421005,1.0010700169431304
Observed confounder,188,Filtered hard gate,0.4901292876676938,0.26430567970153135
Observed confounder,188,Filtered soft gate,0.3729540171508139,0.37620886829667644
Observed confounder,188,Oracle state gate,0.0006743113283704057,0.019260916942982268
Observed confounder,189,Pooled unadjusted,1.7387670339006698,0.9162232343885429
Observed confounder,189,Pooled available adjustment,1.0015632098989122,1.0007457016117869
Observed confounder,189,Filtered hard gate,0.5283742220512416,0.28283001967753674
Observed confounder,189,Filtered soft gate,0.3838813179467789,0.38299680018776516
Observed confounder,189,Oracle state gate,0.0007223506099724086,0.025318836559087808
Observed confounder,190,Pooled unadjusted,1.7418296005903036,0.9050489492786034
Observed confounder,190,Pooled available adjustment,0.9296532242367173,0.9458706202281633
Observed confounder,190,Filtered hard gate,0.4048184735525997,0.24465827428375073
Observed confounder,190,Filtered soft gate,0.3306757667452849,0.36500449583368505
Observed confounder,190,Oracle state gate,0.001922829159871755,0.043377089799694145
Observed confounder,191,Pooled unadjusted,1.519576725987435,0.8734154067827282
Observed confounder,191,Pooled available adjustment,1.0824370296017047,1.0255176046359735
Observed confounder,191,Filtered hard gate,0.45269278731207757,0.26897836596002705
Observed confounder,191,Filtered soft gate,0.3457229874044894,0.38546550455718137
Observed confounder,191,Oracle state gate,0.0036102701024097435,0.046158736313570696
Observed confounder,192,Pooled unadjusted,1.3273814183101522,0.7352584449621767
Observed confounder,192,Pooled available adjustment,1.05373002235688,1.0234916370933616
Observed confounder,192,Filtered hard gate,0.5220346358839909,0.2692053052988274
Observed confounder,192,Filtered soft gate,0.3866644189700176,0.38100283568032084
Observed confounder,192,Oracle state gate,0.00038248052787260114,0.012609353946673976
Observed confounder,193,Pooled unadjusted,2.0958580057074068,1.0517984005290852
Observed confounder,193,Pooled available adjustment,0.9991362301873464,0.9995266910199723
Observed confounder,193,Filtered hard gate,0.46520576971341904,0.24559058310649198
Observed confounder,193,Filtered soft gate,0.36730418098714906,0.3850763453066858
Observed confounder,193,Oracle state gate,0.000265886270002346,0.012717274432412252
Observed confounder,194,Pooled unadjusted,1.1788869833511395,0.5932478262506653
Observed confounder,194,Pooled available adjustment,0.9704726876304792,0.9845463494957487
Observed confounder,194,Filtered hard gate,0.44999163811051374,0.23414240115546406
Observed confounder,194,Filtered soft gate,0.3459255259056261,0.3744660072145929
Observed confounder,194,Oracle state gate,0.00022191507191556377,0.009506071448620371
Observed confounder,195,Pooled unadjusted,3.117965214757662,1.5414373859348498
Observed confounder,195,Pooled available adjustment,1.0772943381284052,1.036119470254141
Observed confounder,195,Filtered hard gate,0.3384098027842781,0.17230619531909713
Observed confounder,195,Filtered soft gate,0.2629817545082235,0.3131974486446102
Observed confounder,195,Oracle state gate,1.3116942939299397e-05,0.003020029994974775
Observed confounder,196,Pooled unadjusted,2.2266492488067264,1.1080041736413837
Observed confounder,196,Pooled available adjustment,1.0131547872568885,1.0027863908134278
Observed confounder,196,Filtered hard gate,0.6415373033863718,0.34183029281999017
Observed confounder,196,Filtered soft gate,0.4343348655683816,0.42858480232367563
Observed confounder,196,Oracle state gate,0.0008218226435950213,0.027109013753398022
Observed confounder,197,Pooled unadjusted,1.672447166938129,0.8362674015756733
Observed confounder,197,Pooled available adjustment,0.9853105745057602,0.9912232722786246
Observed confounder,197,Filtered hard gate,0.4195386211710763,0.2682105404674014
Observed confounder,197,Filtered soft gate,0.30163059543872967,0.3258858964742312
Observed confounder,197,Oracle state gate,0.004709774213827082,0.06845833876709168
Observed confounder,198,Pooled unadjusted,1.3883538076570594,0.7267941989704232
Observed confounder,198,Pooled available adjustment,0.975165132091781,0.9869762502459848
Observed confounder,198,Filtered hard gate,0.5527338545685749,0.29134521267429314
Observed confounder,198,Filtered soft gate,0.3952868877232343,0.383904557330427
Observed confounder,198,Oracle state gate,0.00031396842583559354,0.01757233698425778
Observed confounder,199,Pooled unadjusted,1.5286230451497338,0.7755791675578542
Observed confounder,199,Pooled available adjustment,0.9784060512724666,0.9882572656171189
Observed confounder,199,Filtered hard gate,0.5207618681079929,0.2721548326569797
Observed confounder,199,Filtered soft gate,0.3539842110811617,0.3571032197432765
Observed confounder,199,Oracle state gate,0.000263078836062227,0.016148527010896474
Hidden confounder,0,Pooled unadjusted,2.595825942567342,1.2657906393109974
Hidden confounder,0,Pooled available adjustment,2.595825942567342,1.2657906393109974
Hidden confounder,0,Filtered hard gate,1.7059277421424717,1.1618219418661424
Hidden confounder,0,Filtered soft gate,1.4279604249418778,1.064785436479386
Hidden confounder,0,Oracle state gate,0.9154094673420704,0.9565385237188607
Hidden confounder,1,Pooled unadjusted,2.2223369428276585,1.1101067258726331
Hidden confounder,1,Pooled available adjustment,2.2223369428276585,1.1101067258726331
Hidden confounder,1,Filtered hard gate,1.3383700829049892,1.0876153424241457
Hidden confounder,1,Filtered soft gate,1.315412158553083,1.0631732013576924
Hidden confounder,1,Oracle state gate,1.0159070093322562,1.0078747523891156
Hidden confounder,2,Pooled unadjusted,2.0234740564310236,1.0202441160972326
Hidden confounder,2,Pooled available adjustment,2.0234740564310236,1.0202441160972326
Hidden confounder,2,Filtered hard gate,1.4965333519655193,1.128850405413216
Hidden confounder,2,Filtered soft gate,1.3374581196607447,1.0434309502769288
Hidden confounder,2,Oracle state gate,1.0286192709793573,1.0138911898582639
Hidden confounder,3,Pooled unadjusted,1.579875154911122,0.9523413443729266
Hidden confounder,3,Pooled available adjustment,1.579875154911122,0.9523413443729266
Hidden confounder,3,Filtered hard gate,1.47735048317684,1.126765521905319
Hidden confounder,3,Filtered soft gate,1.306280412035987,1.0404751859955559
Hidden confounder,3,Oracle state gate,1.0398312351965615,1.0196153342523482
Hidden confounder,4,Pooled unadjusted,2.5681430359850186,1.2648426921894353
Hidden confounder,4,Pooled available adjustment,2.5681430359850186,1.2648426921894353
Hidden confounder,4,Filtered hard gate,1.610948040681316,1.1761506606373004
Hidden confounder,4,Filtered soft gate,1.58278839511002,1.1589883719364489
Hidden confounder,4,Oracle state gate,1.1203793209109763,1.0581684552831399
Hidden confounder,5,Pooled unadjusted,1.8747722523355457,1.076465153839616
Hidden confounder,5,Pooled available adjustment,1.8747722523355457,1.076465153839616
Hidden confounder,5,Filtered hard gate,1.420261319657765,1.1008679978921128
Hidden confounder,5,Filtered soft gate,1.3145791218796388,1.0527644884061507
Hidden confounder,5,Oracle state gate,1.001760469221773,0.9967908999759444
Hidden confounder,6,Pooled unadjusted,0.9455514895562525,0.7568568405954953
Hidden confounder,6,Pooled available adjustment,0.9455514895562525,0.7568568405954953
Hidden confounder,6,Filtered hard gate,1.59264144258923,1.1387067075608481
Hidden confounder,6,Filtered soft gate,1.2896151852358089,0.9852330890515402
Hidden confounder,6,Oracle state gate,0.9487797990689472,0.9740412770166051
Hidden confounder,7,Pooled unadjusted,1.9776874766533323,1.0078465053255663
Hidden confounder,7,Pooled available adjustment,1.9776874766533323,1.0078465053255663
Hidden confounder,7,Filtered hard gate,1.5079790598882572,1.13199619113041
Hidden confounder,7,Filtered soft gate,1.3927291984226433,1.0770891125791728
Hidden confounder,7,Oracle state gate,1.0289672147339528,1.0138681743583897
Hidden confounder,8,Pooled unadjusted,2.815795620646285,1.3493315458575348
Hidden confounder,8,Pooled available adjustment,2.815795620646285,1.3493315458575348
Hidden confounder,8,Filtered hard gate,1.6529286108949168,1.162427197303181
Hidden confounder,8,Filtered soft gate,1.4454744619224829,1.079656721138132
Hidden confounder,8,Oracle state gate,1.0153731164046398,1.004655684559398
Hidden confounder,9,Pooled unadjusted,1.8516339021973356,0.9291382578482793
Hidden confounder,9,Pooled available adjustment,1.8516339021973356,0.9291382578482793
Hidden confounder,9,Filtered hard gate,1.370146959794459,1.102157848535394
Hidden confounder,9,Filtered soft gate,1.176184107376272,0.9895946875973229
Hidden confounder,9,Oracle state gate,1.0531791611660308,1.0262243551128014
Hidden confounder,10,Pooled unadjusted,2.0432754490262033,1.0216454615110875
Hidden confounder,10,Pooled available adjustment,2.0432754490262033,1.0216454615110875
Hidden confounder,10,Filtered hard gate,1.664282768159555,1.1714601148308021
Hidden confounder,10,Filtered soft gate,1.48136243929572,1.1121177330762197
Hidden confounder,10,Oracle state gate,1.029924788600095,1.0147533834307918
Hidden confounder,11,Pooled unadjusted,2.4731465180767636,1.213732473849474
Hidden confounder,11,Pooled available adjustment,2.4731465180767636,1.213732473849474
Hidden confounder,11,Filtered hard gate,1.412278149328025,1.092984072217699
Hidden confounder,11,Filtered soft gate,1.3051182312376575,1.0317044057739706
Hidden confounder,11,Oracle state gate,0.9463405244374351,0.972800217416453
Hidden confounder,12,Pooled unadjusted,2.771726319217143,1.3514741282085811
Hidden confounder,12,Pooled available adjustment,2.771726319217143,1.3514741282085811
Hidden confounder,12,Filtered hard gate,1.6918051214838825,1.1724406730128925
Hidden confounder,12,Filtered soft gate,1.6384453598714077,1.1591069444740565
Hidden confounder,12,Oracle state gate,0.9938542951087349,0.9967540212439571
Hidden confounder,13,Pooled unadjusted,3.063859454843644,1.4595970179620272
Hidden confounder,13,Pooled available adjustment,3.063859454843644,1.4595970179620272
Hidden confounder,13,Filtered hard gate,1.7108841807397552,1.1797281321532007
Hidden confounder,13,Filtered soft gate,1.6203655831352106,1.1511943419669206
Hidden confounder,13,Oracle state gate,1.0155430613221885,1.007688833938698
Hidden confounder,14,Pooled unadjusted,1.9906100432887528,1.000922596052638
Hidden confounder,14,Pooled available adjustment,1.9906100432887528,1.000922596052638
Hidden confounder,14,Filtered hard gate,1.2873052344173253,1.0776431834590217
Hidden confounder,14,Filtered soft gate,1.1663081762042944,0.9952667500619573
Hidden confounder,14,Oracle state gate,1.0290984905298937,1.0143283490774897
Hidden confounder,15,Pooled unadjusted,2.308854498243758,1.222949067185832
Hidden confounder,15,Pooled available adjustment,2.308854498243758,1.222949067185832
Hidden confounder,15,Filtered hard gate,1.4187036986550359,1.1164083513400054
Hidden confounder,15,Filtered soft gate,1.4392589970655838,1.1171257863584567
Hidden confounder,15,Oracle state gate,1.0644507529662182,1.0316262719436875
Hidden confounder,16,Pooled unadjusted,1.382433449346141,0.7422564054955908
Hidden confounder,16,Pooled available adjustment,1.382433449346141,0.7422564054955908
Hidden confounder,16,Filtered hard gate,1.2875063436770369,1.0689352242671903
Hidden confounder,16,Filtered soft gate,1.1061284175706498,0.9575812968153721
Hidden confounder,16,Oracle state gate,0.9878554007634724,0.9938033848305395
Hidden confounder,17,Pooled unadjusted,1.85354675812104,0.9634190300861504
Hidden confounder,17,Pooled available adjustment,1.85354675812104,0.9634190300861504
Hidden confounder,17,Filtered hard gate,1.4155363382663986,1.107368392451141
Hidden confounder,17,Filtered soft gate,1.3262523250618445,1.0542577720781192
Hidden confounder,17,Oracle state gate,1.0182173448974527,1.008961894850915
Hidden confounder,18,Pooled unadjusted,1.7655378488118079,0.8836933001962886
Hidden confounder,18,Pooled available adjustment,1.7655378488118079,0.8836933001962886
Hidden confounder,18,Filtered hard gate,1.4445112980748545,1.1061496987235189
Hidden confounder,18,Filtered soft gate,1.268694205891089,1.0191839816818915
Hidden confounder,18,Oracle state gate,0.9727757831630308,0.986185281392647
Hidden confounder,19,Pooled unadjusted,2.7068677266372148,1.311263408563365
Hidden confounder,19,Pooled available adjustment,2.7068677266372148,1.311263408563365
Hidden confounder,19,Filtered hard gate,1.482187373688462,1.140035979483745
Hidden confounder,19,Filtered soft gate,1.414179962139673,1.085097479221245
Hidden confounder,19,Oracle state gate,1.107356988030859,1.0522253659977776
Hidden confounder,20,Pooled unadjusted,2.733102819827608,1.3224896293837654
Hidden confounder,20,Pooled available adjustment,2.733102819827608,1.3224896293837654
Hidden confounder,20,Filtered hard gate,1.7730018389706523,1.2023248014934997
Hidden confounder,20,Filtered soft gate,1.6394053870347036,1.1619488972575804
Hidden confounder,20,Oracle state gate,1.051637567952375,1.0254016709690403
Hidden confounder,21,Pooled unadjusted,1.8353293769923942,1.081941795555253
Hidden confounder,21,Pooled available adjustment,1.8353293769923942,1.081941795555253
Hidden confounder,21,Filtered hard gate,1.692656178405487,1.1855679018013365
Hidden confounder,21,Filtered soft gate,1.5675222819336179,1.1343644038673377
Hidden confounder,21,Oracle state gate,1.0795020405781965,1.038402177834684
Hidden confounder,22,Pooled unadjusted,2.3995772751877746,1.1906020641624024
Hidden confounder,22,Pooled available adjustment,2.3995772751877746,1.1906020641624024
Hidden confounder,22,Filtered hard gate,1.3149242676029853,1.077470028342562
Hidden confounder,22,Filtered soft gate,1.183023173041805,0.9881102340917999
Hidden confounder,22,Oracle state gate,0.9990080702683263,0.9988664598437513
Hidden confounder,23,Pooled unadjusted,2.0220136012399346,1.0798594491752265
Hidden confounder,23,Pooled available adjustment,2.0220136012399346,1.0798594491752265
Hidden confounder,23,Filtered hard gate,1.3094385742147665,1.0584009910828878
Hidden confounder,23,Filtered soft gate,1.2501212109146436,1.0180306980426033
Hidden confounder,23,Oracle state gate,0.909163953652917,0.9532954669703944
Hidden confounder,24,Pooled unadjusted,1.890147978392768,0.9556421811498106
Hidden confounder,24,Pooled available adjustment,1.890147978392768,0.9556421811498106
Hidden confounder,24,Filtered hard gate,1.5558371769721684,1.1435005005880183
Hidden confounder,24,Filtered soft gate,1.323341393438473,1.02445825846637
Hidden confounder,24,Oracle state gate,1.0248153681522008,1.0123128443965
Hidden confounder,25,Pooled unadjusted,1.4263639873604608,0.8606038499120068
Hidden confounder,25,Pooled available adjustment,1.4263639873604608,0.8606038499120068
Hidden confounder,25,Filtered hard gate,1.579945792161532,1.1476355257112505
Hidden confounder,25,Filtered soft gate,1.344462173584923,1.0257304055179153
Hidden confounder,25,Oracle state gate,1.01730376090737,1.0085835553404898
Hidden confounder,26,Pooled unadjusted,1.7389210756798128,0.8743689585522879
Hidden confounder,26,Pooled available adjustment,1.7389210756798128,0.8743689585522879
Hidden confounder,26,Filtered hard gate,1.6670417364449175,1.1824730338809912
Hidden confounder,26,Filtered soft gate,1.4621715871437746,1.0874994532326305
Hidden confounder,26,Oracle state gate,1.0921305717074878,1.045043831978463
Hidden confounder,27,Pooled unadjusted,2.08404461615354,1.0418678496592266
Hidden confounder,27,Pooled available adjustment,2.08404461615354,1.0418678496592266
Hidden confounder,27,Filtered hard gate,1.3880555835812933,1.0889945038834368
Hidden confounder,27,Filtered soft gate,1.2689357513766613,1.0096945826642152
Hidden confounder,27,Oracle state gate,0.9561266953775492,0.9777845222491408
Hidden confounder,28,Pooled unadjusted,2.1490685188917746,1.2305754290744264
Hidden confounder,28,Pooled available adjustment,2.1490685188917746,1.2305754290744264
Hidden confounder,28,Filtered hard gate,1.422493690174975,1.097955345271225
Hidden confounder,28,Filtered soft gate,1.4192162623112106,1.104021404270783
Hidden confounder,28,Oracle state gate,0.961335565220862,0.9804683311285803
Hidden confounder,29,Pooled unadjusted,2.348181354656583,1.1737824988713128
Hidden confounder,29,Pooled available adjustment,2.348181354656583,1.1737824988713128
Hidden confounder,29,Filtered hard gate,1.359762643555574,1.0926446319256147
Hidden confounder,29,Filtered soft gate,1.3303710540901583,1.070774055694671
Hidden confounder,29,Oracle state gate,1.014363112835192,1.0071398534925957
Hidden confounder,30,Pooled unadjusted,1.8628665943972376,1.050617475707434
Hidden confounder,30,Pooled available adjustment,1.8628665943972376,1.050617475707434
Hidden confounder,30,Filtered hard gate,1.7799683787368326,1.2094074589585093
Hidden confounder,30,Filtered soft gate,1.609800918881779,1.1459142041492014
Hidden confounder,30,Oracle state gate,1.0942881026540303,1.045257118864839
Hidden confounder,31,Pooled unadjusted,2.135402669417382,1.0763394768461214
Hidden confounder,31,Pooled available adjustment,2.135402669417382,1.0763394768461214
Hidden confounder,31,Filtered hard gate,1.610056049782156,1.1594594696943186
Hidden confounder,31,Filtered soft gate,1.4122631193592097,1.051736246230126
Hidden confounder,31,Oracle state gate,1.0490442403880218,1.0234820994150826
Hidden confounder,32,Pooled unadjusted,2.0018291425291515,1.1450966411958188
Hidden confounder,32,Pooled available adjustment,2.0018291425291515,1.1450966411958188
Hidden confounder,32,Filtered hard gate,1.471090765853965,1.1071950314462957
Hidden confounder,32,Filtered soft gate,1.3688716930900504,1.0548263434085339
Hidden confounder,32,Oracle state gate,0.9453382764680269,0.9721646757213939
Hidden confounder,33,Pooled unadjusted,2.0289782537642105,1.14880493641414
Hidden confounder,33,Pooled available adjustment,2.0289782537642105,1.14880493641414
Hidden confounder,33,Filtered hard gate,1.7701921974931132,1.1868689733979245
Hidden confounder,33,Filtered soft gate,1.5141952181356721,1.0972657251341662
Hidden confounder,33,Oracle state gate,0.9757258715588221,0.9871682852223119
Hidden confounder,34,Pooled unadjusted,1.5060848099575979,0.8684442425910215
Hidden confounder,34,Pooled available adjustment,1.5060848099575979,0.8684442425910215
Hidden confounder,34,Filtered hard gate,1.3301023505358194,1.0686633228338491
Hidden confounder,34,Filtered soft gate,1.2253323240399705,1.0111297658127123
Hidden confounder,34,Oracle state gate,0.9310344532592064,0.9648101206778668
Hidden confounder,35,Pooled unadjusted,2.1357534254262873,1.0674049959721414
Hidden confounder,35,Pooled available adjustment,2.1357534254262873,1.0674049959721414
Hidden confounder,35,Filtered hard gate,1.3663215785844067,1.0805737565679008
Hidden confounder,35,Filtered soft gate,1.2440363404191712,1.0054819020414894
Hidden confounder,35,Oracle state gate,0.9418997822294185,0.9704595612619622
Hidden confounder,36,Pooled unadjusted,1.56446048967476,0.8308814991974173
Hidden confounder,36,Pooled available adjustment,1.56446048967476,0.8308814991974173
Hidden confounder,36,Filtered hard gate,1.3249813027097344,1.0856580598937222
Hidden confounder,36,Filtered soft gate,1.1757770403659218,0.9985860950391463
Hidden confounder,36,Oracle state gate,1.0212429481247154,1.0102058874031272
Hidden confounder,37,Pooled unadjusted,1.870415254600664,0.9428209027173001
Hidden confounder,37,Pooled available adjustment,1.870415254600664,0.9428209027173001
Hidden confounder,37,Filtered hard gate,1.4960465627228046,1.1314454575628592
Hidden confounder,37,Filtered soft gate,1.3326259868957404,1.0578600508048903
Hidden confounder,37,Oracle state gate,1.044274060697339,1.0197527659444057
Hidden confounder,38,Pooled unadjusted,2.257735964312669,1.1215756614302352
Hidden confounder,38,Pooled available adjustment,2.257735964312669,1.1215756614302352
Hidden confounder,38,Filtered hard gate,1.4164142060251081,1.1159220428434364
Hidden confounder,38,Filtered soft gate,1.3387490129720838,1.0639622110540536
Hidden confounder,38,Oracle state gate,1.0604955800950127,1.0297579151532474
Hidden confounder,39,Pooled unadjusted,2.0429138053673577,1.1528358007403525
Hidden confounder,39,Pooled available adjustment,2.0429138053673577,1.1528358007403525
Hidden confounder,39,Filtered hard gate,1.5338737250121166,1.135289731584753
Hidden confounder,39,Filtered soft gate,1.4842140935716375,1.113241711999078
Hidden confounder,39,Oracle state gate,1.0101786289104109,1.0050576340972468
Hidden confounder,40,Pooled unadjusted,2.821518614415223,1.3517746167224864
Hidden confounder,40,Pooled available adjustment,2.821518614415223,1.3517746167224864
Hidden confounder,40,Filtered hard gate,1.4472884961785717,1.105213818624112
Hidden confounder,40,Filtered soft gate,1.263048614471506,1.007440758924295
Hidden confounder,40,Oracle state gate,0.9633859795885792,0.9815133595632578
Hidden confounder,41,Pooled unadjusted,2.309595379849671,1.1907488884089665
Hidden confounder,41,Pooled available adjustment,2.309595379849671,1.1907488884089665
Hidden confounder,41,Filtered hard gate,1.6933405059888422,1.1935562361782062
Hidden confounder,41,Filtered soft gate,1.578484348915678,1.1464961180125592
Hidden confounder,41,Oracle state gate,1.1285618883762332,1.0620287054326172
Hidden confounder,42,Pooled unadjusted,1.8358524270504302,1.0399926830907678
Hidden confounder,42,Pooled available adjustment,1.8358524270504302,1.0399926830907678
Hidden confounder,42,Filtered hard gate,1.591391540409325,1.138185957772465
Hidden confounder,42,Filtered soft gate,1.4283940954080265,1.0757152837905086
Hidden confounder,42,Oracle state gate,0.9502249041504442,0.9746204162378637
Hidden confounder,43,Pooled unadjusted,1.6206748825821478,0.9359680247880727
Hidden confounder,43,Pooled available adjustment,1.6206748825821478,0.9359680247880727
Hidden confounder,43,Filtered hard gate,1.5051195931398311,1.1412821301793965
Hidden confounder,43,Filtered soft gate,1.3525507233800285,1.0651316868410108
Hidden confounder,43,Oracle state gate,1.0794796275743361,1.0389729300056612
Hidden confounder,44,Pooled unadjusted,2.4113149150869604,1.2034030559571307
Hidden confounder,44,Pooled available adjustment,2.4113149150869604,1.2034030559571307
Hidden confounder,44,Filtered hard gate,1.4903442608468187,1.1223081247373596
Hidden confounder,44,Filtered soft gate,1.473633928849213,1.114747580892053
Hidden confounder,44,Oracle state gate,0.9980591233224202,0.9990053307013492
Hidden confounder,45,Pooled unadjusted,2.012625627633571,1.0063903952411164
Hidden confounder,45,Pooled available adjustment,2.012625627633571,1.0063903952411164
Hidden confounder,45,Filtered hard gate,1.4621768178869734,1.1164754235768914
Hidden confounder,45,Filtered soft gate,1.3499636250382676,1.063252291116775
Hidden confounder,45,Oracle state gate,1.005503101664263,1.0025612871347653
Hidden confounder,46,Pooled unadjusted,2.0857915492061054,1.1048336858233345
Hidden confounder,46,Pooled available adjustment,2.0857915492061054,1.1048336858233345
Hidden confounder,46,Filtered hard gate,1.2893012914099844,1.054974792405164
Hidden confounder,46,Filtered soft gate,1.2503653847417955,1.0257097437160168
Hidden confounder,46,Oracle state gate,0.9190364395278499,0.9583974359568143
Hidden confounder,47,Pooled unadjusted,1.7987611732788824,1.0517007052929799
Hidden confounder,47,Pooled available adjustment,1.7987611732788824,1.0517007052929799
Hidden confounder,47,Filtered hard gate,1.3542704536903265,1.0967547240503395
Hidden confounder,47,Filtered soft gate,1.2931536761563338,1.059128028081905
Hidden confounder,47,Oracle state gate,1.0405327139869276,1.0200400450637253
Hidden confounder,48,Pooled unadjusted,1.8455373427284818,1.0215002606754768
Hidden confounder,48,Pooled available adjustment,1.8455373427284818,1.0215002606754768
Hidden confounder,48,Filtered hard gate,1.4589340060696274,1.1042097523724732
Hidden confounder,48,Filtered soft gate,1.3914777962529037,1.0670181084453274
Hidden confounder,48,Oracle state gate,0.9455744711522318,0.9724016396022943
Hidden confounder,49,Pooled unadjusted,2.39901906167822,1.1865306829906335
Hidden confounder,49,Pooled available adjustment,2.39901906167822,1.1865306829906335
Hidden confounder,49,Filtered hard gate,1.3708042755494185,1.1016858477271212
Hidden confounder,49,Filtered soft gate,1.2640622162193365,1.0236957310796306
Hidden confounder,49,Oracle state gate,1.0487513423425385,1.0232901101121212
Hidden confounder,50,Pooled unadjusted,2.062766938609367,1.033279700085784
Hidden confounder,50,Pooled available adjustment,2.062766938609367,1.033279700085784
Hidden confounder,50,Filtered hard gate,1.484444852077517,1.1378836292519359
Hidden confounder,50,Filtered soft gate,1.3692014323648032,1.063601033164507
Hidden confounder,50,Oracle state gate,1.0909951983939952,1.044455032679707
Hidden confounder,51,Pooled unadjusted,2.69690137557567,1.3295327658902092
Hidden confounder,51,Pooled available adjustment,2.69690137557567,1.3295327658902092
Hidden confounder,51,Filtered hard gate,1.4436410417324597,1.121425316767746
Hidden confounder,51,Filtered soft gate,1.4888382381824294,1.1389214479026146
Hidden confounder,51,Oracle state gate,1.0500486695029523,1.0245378861873238
Hidden confounder,52,Pooled unadjusted,1.6386484178337866,0.9951689359710201
Hidden confounder,52,Pooled available adjustment,1.6386484178337866,0.9951689359710201
Hidden confounder,52,Filtered hard gate,1.4341984903665246,1.1034495267869402
Hidden confounder,52,Filtered soft gate,1.3039836337709576,1.0303318501056187
Hidden confounder,52,Oracle state gate,0.9738581902427281,0.9868010485255133
Hidden confounder,53,Pooled unadjusted,1.4056967704685386,0.7101357088632827
Hidden confounder,53,Pooled available adjustment,1.4056967704685386,0.7101357088632827
Hidden confounder,53,Filtered hard gate,1.446758708596452,1.1053729250604734
Hidden confounder,53,Filtered soft gate,1.2879631172888597,1.0094912872116564
Hidden confounder,53,Oracle state gate,0.9769273598378493,0.9877585430028232
Hidden confounder,54,Pooled unadjusted,1.933663171807661,1.0595659173084957
Hidden confounder,54,Pooled available adjustment,1.933663171807661,1.0595659173084957
Hidden confounder,54,Filtered hard gate,1.5300325310887406,1.1405940680153444
Hidden confounder,54,Filtered soft gate,1.4483219475858884,1.0868871731309182
Hidden confounder,54,Oracle state gate,1.0469024027284919,1.0231686727991873
Hidden confounder,55,Pooled unadjusted,3.0014726237088953,1.5248606550479724
Hidden confounder,55,Pooled available adjustment,3.0014726237088953,1.5248606550479724
Hidden confounder,55,Filtered hard gate,1.379622293908365,1.0805753457345526
Hidden confounder,55,Filtered soft gate,1.4253899557983065,1.1070042208145532
Hidden confounder,55,Oracle state gate,0.9402649392537066,0.9692414691725528
Hidden confounder,56,Pooled unadjusted,2.4970168355382794,1.2245476044394026
Hidden confounder,56,Pooled available adjustment,2.4970168355382794,1.2245476044394026
Hidden confounder,56,Filtered hard gate,1.4427689360663583,1.089122324500399
Hidden confounder,56,Filtered soft gate,1.285296636197654,1.0308796732439431
Hidden confounder,56,Oracle state gate,0.9075644264739863,0.94945233955696
Hidden confounder,57,Pooled unadjusted,2.8184697738997047,1.3541956187714181
Hidden confounder,57,Pooled available adjustment,2.8184697738997047,1.3541956187714181
Hidden confounder,57,Filtered hard gate,1.3977938991792185,1.1152685314691244
Hidden confounder,57,Filtered soft gate,1.3700091240070755,1.0810670235543416
Hidden confounder,57,Oracle state gate,1.0836258262706207,1.0408363490707038
Hidden confounder,58,Pooled unadjusted,2.5550433157143284,1.2629502427706043
Hidden confounder,58,Pooled available adjustment,2.5550433157143284,1.2629502427706043
Hidden confounder,58,Filtered hard gate,1.557737544629133,1.132979132106995
Hidden confounder,58,Filtered soft gate,1.4927155138462882,1.1171638851373857
Hidden confounder,58,Oracle state gate,0.9646034794291573,0.9819350486438082
Hidden confounder,59,Pooled unadjusted,1.1616309770597846,0.7110557179801477
Hidden confounder,59,Pooled available adjustment,1.1616309770597846,0.7110557179801477
Hidden confounder,59,Filtered hard gate,1.362255364373938,1.0869662436202465
Hidden confounder,59,Filtered soft gate,1.17330222454046,0.979984087952213
Hidden confounder,59,Oracle state gate,0.9869508789184297,0.9932270255754094
Hidden confounder,60,Pooled unadjusted,1.4676500476956553,0.9436237226217635
Hidden confounder,60,Pooled available adjustment,1.4676500476956553,0.9436237226217635
Hidden confounder,60,Filtered hard gate,1.2527664010178887,1.0555584210287148
Hidden confounder,60,Filtered soft gate,1.1600318187399334,0.9933740163862855
Hidden confounder,60,Oracle state gate,0.9642942826002908,0.9819846830754901
Hidden confounder,61,Pooled unadjusted,1.2155172781911623,0.7468033396149089
Hidden confounder,61,Pooled available adjustment,1.2155172781911623,0.7468033396149089
Hidden confounder,61,Filtered hard gate,1.4720290843251989,1.0952452556186112
Hidden confounder,61,Filtered soft gate,1.2399680579940555,0.9820435325183048
Hidden confounder,61,Oracle state gate,0.8896171227130064,0.9428983116416733
Hidden confounder,62,Pooled unadjusted,2.0198100907659415,1.086500859912669
Hidden confounder,62,Pooled available adjustment,2.0198100907659415,1.086500859912669
Hidden confounder,62,Filtered hard gate,1.5297561743819033,1.1304648435446734
Hidden confounder,62,Filtered soft gate,1.426746616025764,1.0771031540225104
Hidden confounder,62,Oracle state gate,0.9914675326501188,0.9955368087485261
Hidden confounder,63,Pooled unadjusted,1.6609984686955335,0.8715471695183994
Hidden confounder,63,Pooled available adjustment,1.6609984686955335,0.8715471695183994
Hidden confounder,63,Filtered hard gate,1.4011001035663135,1.1006590928452586
Hidden confounder,63,Filtered soft gate,1.1995972160158412,0.993827470138609
Hidden confounder,63,Oracle state gate,1.0026539298792156,1.0013202021549892
Hidden confounder,64,Pooled unadjusted,2.064667559754227,1.0833864291591822
Hidden confounder,64,Pooled available adjustment,2.064667559754227,1.0833864291591822
Hidden confounder,64,Filtered hard gate,1.2875548059179476,1.0659813868971537
Hidden confounder,64,Filtered soft gate,1.264134523711419,1.037207021746302
Hidden confounder,64,Oracle state gate,0.9700273382706645,0.9848066625430439
Hidden confounder,65,Pooled unadjusted,2.827270156758257,1.362165245760681
Hidden confounder,65,Pooled available adjustment,2.827270156758257,1.362165245760681
Hidden confounder,65,Filtered hard gate,1.4770381642344788,1.121229667317889
Hidden confounder,65,Filtered soft gate,1.389006970112567,1.0700368516809666
Hidden confounder,65,Oracle state gate,1.0091674912504638,1.0042644113062564
Hidden confounder,66,Pooled unadjusted,1.652799529920543,0.8496181312444604
Hidden confounder,66,Pooled available adjustment,1.652799529920543,0.8496181312444604
Hidden confounder,66,Filtered hard gate,1.4993358418389497,1.1290462510111692
Hidden confounder,66,Filtered soft gate,1.3253509134395323,1.0308844962865347
Hidden confounder,66,Oracle state gate,1.0225945581833762,1.011203104309365
Hidden confounder,67,Pooled unadjusted,1.7607453389091396,0.9839729281410751
Hidden confounder,67,Pooled available adjustment,1.7607453389091396,0.9839729281410751
Hidden confounder,67,Filtered hard gate,1.51129344487637,1.1165343728364583
Hidden confounder,67,Filtered soft gate,1.3504757255260746,1.0586653236144756
Hidden confounder,67,Oracle state gate,0.952025074169524,0.9736251141908108
Hidden confounder,68,Pooled unadjusted,1.6061905820745472,0.8112795954999404
Hidden confounder,68,Pooled available adjustment,1.6061905820745472,0.8112795954999404
Hidden confounder,68,Filtered hard gate,1.3401475812231392,1.0818998033234923
Hidden confounder,68,Filtered soft gate,1.1929723069355087,0.9929845649051575
Hidden confounder,68,Oracle state gate,0.9878923395562897,0.9937054552454574
Hidden confounder,69,Pooled unadjusted,1.7539831432704267,0.8893982798287446
Hidden confounder,69,Pooled available adjustment,1.7539831432704267,0.8893982798287446
Hidden confounder,69,Filtered hard gate,1.3991482995987206,1.09269800728381
Hidden confounder,69,Filtered soft gate,1.257138198029781,1.0134841256964429
Hidden confounder,69,Oracle state gate,0.965805335006684,0.9826389473339595
Hidden confounder,70,Pooled unadjusted,1.2836365813607253,0.8503546335289388
Hidden confounder,70,Pooled available adjustment,1.2836365813607253,0.8503546335289388
Hidden confounder,70,Filtered hard gate,1.4363670382264275,1.0928014954469545
Hidden confounder,70,Filtered soft gate,1.2810102078262893,1.0195090279731596
Hidden confounder,70,Oracle state gate,0.9202137739005231,0.9592766116902917
Hidden confounder,71,Pooled unadjusted,2.071398915781698,1.035101403622707
Hidden confounder,71,Pooled available adjustment,2.071398915781698,1.035101403622707
Hidden confounder,71,Filtered hard gate,1.5401464611649072,1.1295137332945875
Hidden confounder,71,Filtered soft gate,1.3918233301594336,1.0683023375863452
Hidden confounder,71,Oracle state gate,0.9701369836434645,0.9849057760135048
Hidden confounder,72,Pooled unadjusted,1.2276723564433696,0.7275069064441358
Hidden confounder,72,Pooled available adjustment,1.2276723564433696,0.7275069064441358
Hidden confounder,72,Filtered hard gate,1.2735095601676807,1.079330286273568
Hidden confounder,72,Filtered soft gate,1.119251931014583,0.9822918221425134
Hidden confounder,72,Oracle state gate,1.0528334598366023,1.0260215412150568
Hidden confounder,73,Pooled unadjusted,1.607849754479195,0.8138812008513603
Hidden confounder,73,Pooled available adjustment,1.607849754479195,0.8138812008513603
Hidden confounder,73,Filtered hard gate,1.5725379375782964,1.146849924508893
Hidden confounder,73,Filtered soft gate,1.3658842280870163,1.040313312910086
Hidden confounder,73,Oracle state gate,1.0188680319799632,1.008850579227453
Hidden confounder,74,Pooled unadjusted,3.183417871391167,1.515804034626894
Hidden confounder,74,Pooled available adjustment,3.183417871391167,1.515804034626894
Hidden confounder,74,Filtered hard gate,1.718245650371367,1.1961734742601349
Hidden confounder,74,Filtered soft gate,1.6453683340300256,1.1804782935488325
Hidden confounder,74,Oracle state gate,1.0912411527910253,1.0440916881001607
Hidden confounder,75,Pooled unadjusted,2.1265342454576586,1.0750956512615113
Hidden confounder,75,Pooled available adjustment,2.1265342454576586,1.0750956512615113
Hidden confounder,75,Filtered hard gate,1.5787789511544998,1.1510811096519742
Hidden confounder,75,Filtered soft gate,1.4202296320337198,1.0822285262135032
Hidden confounder,75,Oracle state gate,1.035895003887659,1.0176598064122038
Hidden confounder,76,Pooled unadjusted,2.6140560280837786,1.274869416090832
Hidden confounder,76,Pooled available adjustment,2.6140560280837786,1.274869416090832
Hidden confounder,76,Filtered hard gate,1.8666520522575785,1.2397347962873906
Hidden confounder,76,Filtered soft gate,1.6970852508720253,1.1674656560383347
Hidden confounder,76,Oracle state gate,1.1407877226213818,1.0677519158637092
Hidden confounder,77,Pooled unadjusted,0.8381854817954675,0.5317593906592598
Hidden confounder,77,Pooled available adjustment,0.8381854817954675,0.5317593906592598
Hidden confounder,77,Filtered hard gate,1.514086420451506,1.1385768826864797
Hidden confounder,77,Filtered soft gate,1.1783539916159136,0.9636679801644603
Hidden confounder,77,Oracle state gate,1.0490070129505753,1.0240152543590295
Hidden confounder,78,Pooled unadjusted,3.2808511636566897,1.5493763789527353
Hidden confounder,78,Pooled available adjustment,3.2808511636566897,1.5493763789527353
Hidden confounder,78,Filtered hard gate,1.5807345561364505,1.1526167288862559
Hidden confounder,78,Filtered soft gate,1.5256525407547366,1.1338376808080848
Hidden confounder,78,Oracle state gate,1.043808622168734,1.0215795216322134
Hidden confounder,79,Pooled unadjusted,2.1117525747810886,1.058578563348554
Hidden confounder,79,Pooled available adjustment,2.1117525747810886,1.058578563348554
Hidden confounder,79,Filtered hard gate,1.5721192824581192,1.1159687751686318
Hidden confounder,79,Filtered soft gate,1.3655857436444672,1.028393967436809
Hidden confounder,79,Oracle state gate,0.8585269371835261,0.9265339227762015
Hidden confounder,80,Pooled unadjusted,1.693010278125309,0.873937227794599
Hidden confounder,80,Pooled available adjustment,1.693010278125309,0.873937227794599
Hidden confounder,80,Filtered hard gate,1.3959951304022833,1.1018357261672596
Hidden confounder,80,Filtered soft gate,1.211840687841307,1.0038588387466552
Hidden confounder,80,Oracle state gate,1.0167596659544471,1.0082966166882352
Hidden confounder,81,Pooled unadjusted,2.0400151149174404,1.0266153685375257
Hidden confounder,81,Pooled available adjustment,2.0400151149174404,1.0266153685375257
Hidden confounder,81,Filtered hard gate,1.6847991208436652,1.187053189724618
Hidden confounder,81,Filtered soft gate,1.506425381162585,1.1081029831944158
Hidden confounder,81,Oracle state gate,1.1015006320776064,1.0485274992497238
Hidden confounder,82,Pooled unadjusted,2.1796634498124647,1.0869348875680023
Hidden confounder,82,Pooled available adjustment,2.1796634498124647,1.0869348875680023
Hidden confounder,82,Filtered hard gate,1.4877603624115983,1.1237708535326862
Hidden confounder,82,Filtered soft gate,1.4297976647602868,1.086892963468798
Hidden confounder,82,Oracle state gate,1.009451400660241,1.0047074610113056
Hidden confounder,83,Pooled unadjusted,2.1664521615551795,1.1177169329853576
Hidden confounder,83,Pooled available adjustment,2.1664521615551795,1.1177169329853576
Hidden confounder,83,Filtered hard gate,1.5365034939724096,1.1196411439699658
Hidden confounder,83,Filtered soft gate,1.4384874181241523,1.0724715674588543
Hidden confounder,83,Oracle state gate,0.9249681043729114,0.9615384362287088
Hidden confounder,84,Pooled unadjusted,1.956202648057195,0.9921827694821127
Hidden confounder,84,Pooled available adjustment,1.956202648057195,0.9921827694821127
Hidden confounder,84,Filtered hard gate,1.5914411186801167,1.158665146326817
Hidden confounder,84,Filtered soft gate,1.463124679178068,1.095674067374154
Hidden confounder,84,Oracle state gate,1.060872991956559,1.0299045723975857
Hidden confounder,85,Pooled unadjusted,2.103874628352526,1.0595419722693955
Hidden confounder,85,Pooled available adjustment,2.103874628352526,1.0595419722693955
Hidden confounder,85,Filtered hard gate,1.539874825546104,1.141488942787489
Hidden confounder,85,Filtered soft gate,1.4391411870860378,1.096768774195375
Hidden confounder,85,Oracle state gate,1.0396391057247119,1.0188179284210575
Hidden confounder,86,Pooled unadjusted,2.053951972911654,1.0267794178457483
Hidden confounder,86,Pooled available adjustment,2.053951972911654,1.0267794178457483
Hidden confounder,86,Filtered hard gate,1.5281393179828047,1.121378360136981
Hidden confounder,86,Filtered soft gate,1.3553602929524826,1.043984747456061
Hidden confounder,86,Oracle state gate,0.9465101929247562,0.9727688108376361
Hidden confounder,87,Pooled unadjusted,1.3714491587792381,0.8852735480290439
Hidden confounder,87,Pooled available adjustment,1.3714491587792381,0.8852735480290439
Hidden confounder,87,Filtered hard gate,1.3749360507425483,1.076452627434157
Hidden confounder,87,Filtered soft gate,1.2268653769094886,1.0037293997418602
Hidden confounder,87,Oracle state gate,0.9109187754463107,0.9543912470179364
Hidden confounder,88,Pooled unadjusted,2.558124526914601,1.2600430654999857
Hidden confounder,88,Pooled available adjustment,2.558124526914601,1.2600430654999857
Hidden confounder,88,Filtered hard gate,1.475087355048751,1.1028499987904552
Hidden confounder,88,Filtered soft gate,1.4210268939379254,1.0844642940218219
Hidden confounder,88,Oracle state gate,0.9198268607621793,0.9590727071970877
Hidden confounder,89,Pooled unadjusted,2.7381299156133947,1.3186379016293273
Hidden confounder,89,Pooled available adjustment,2.7381299156133947,1.3186379016293273
Hidden confounder,89,Filtered hard gate,1.3832357012721868,1.1052281877819918
Hidden confounder,89,Filtered soft gate,1.3432433726714994,1.082008295758506
Hidden confounder,89,Oracle state gate,1.0452534596366623,1.0223721222721656
Hidden confounder,90,Pooled unadjusted,1.9235388054963327,1.024319383744114
Hidden confounder,90,Pooled available adjustment,1.9235388054963327,1.024319383744114
Hidden confounder,90,Filtered hard gate,1.4495865046869545,1.1054382941597787
Hidden confounder,90,Filtered soft gate,1.3153789398853344,1.036434211615845
Hidden confounder,90,Oracle state gate,0.9635631605722236,0.9813777221365158
Hidden confounder,91,Pooled unadjusted,1.448358391953191,0.9463271996448114
Hidden confounder,91,Pooled available adjustment,1.448358391953191,0.9463271996448114
Hidden confounder,91,Filtered hard gate,1.6754158613083951,1.1667892914252653
Hidden confounder,91,Filtered soft gate,1.490991968651667,1.0832235228016274
Hidden confounder,91,Oracle state gate,0.987542105990094,0.993467425889902
Hidden confounder,92,Pooled unadjusted,2.186262278873189,1.0910354159573323
Hidden confounder,92,Pooled available adjustment,2.186262278873189,1.0910354159573323
Hidden confounder,92,Filtered hard gate,1.546677866847288,1.1510960434461126
Hidden confounder,92,Filtered soft gate,1.4370344231658114,1.0965159064330683
Hidden confounder,92,Oracle state gate,1.0788054386194827,1.0386189288444516
Hidden confounder,93,Pooled unadjusted,1.3076254237911518,0.760545794426034
Hidden confounder,93,Pooled available adjustment,1.3076254237911518,0.760545794426034
Hidden confounder,93,Filtered hard gate,1.574910650964667,1.1400006944949692
Hidden confounder,93,Filtered soft gate,1.2900578357612449,0.9877317078022411
Hidden confounder,93,Oracle state gate,0.9819145814755257,0.9908522852143135
Hidden confounder,94,Pooled unadjusted,1.777924121431496,0.9999999999999999
Hidden confounder,94,Pooled available adjustment,1.777924121431496,0.9999999999999999
Hidden confounder,94,Filtered hard gate,1.5155353279121164,1.133303628462303
Hidden confounder,94,Filtered soft gate,1.4077929233906328,1.0786591087555186
Hidden confounder,94,Oracle state gate,1.0251632176298249,1.0124564477716067
Hidden confounder,95,Pooled unadjusted,1.6057198671820276,1.0351244248932199
Hidden confounder,95,Pooled available adjustment,1.6057198671820276,1.0351244248932199
Hidden confounder,95,Filtered hard gate,1.607229774371334,1.159450890608874
Hidden confounder,95,Filtered soft gate,1.4041771295569285,1.0694911366758506
Hidden confounder,95,Oracle state gate,1.0497440197624333,1.0237237756088091
Hidden confounder,96,Pooled unadjusted,1.6734913072726352,1.0237363994233202
Hidden confounder,96,Pooled available adjustment,1.6734913072726352,1.0237363994233202
Hidden confounder,96,Filtered hard gate,1.3951650397877067,1.0993188400735898
Hidden confounder,96,Filtered soft gate,1.3394417077578238,1.0634327794961136
Hidden confounder,96,Oracle state gate,1.0032683326576917,1.0014284583361395
Hidden confounder,97,Pooled unadjusted,2.2683491880937225,1.1268510052769722
Hidden confounder,97,Pooled available adjustment,2.2683491880937225,1.1268510052769722
Hidden confounder,97,Filtered hard gate,1.4255446379163126,1.0978496497337342
Hidden confounder,97,Filtered soft gate,1.3011174407682797,1.047898368377708
Hidden confounder,97,Oracle state gate,0.9584352465574643,0.9789473529685061
Hidden confounder,98,Pooled unadjusted,2.3170863442094363,1.1500271058585685
Hidden confounder,98,Pooled available adjustment,2.3170863442094363,1.1500271058585685
Hidden confounder,98,Filtered hard gate,1.4713305339139842,1.1200501962149625
Hidden confounder,98,Filtered soft gate,1.4148662435776964,1.074458856519714
Hidden confounder,98,Oracle state gate,1.0127000557364654,1.005955753242032
Hidden confounder,99,Pooled unadjusted,1.791015016961577,0.9221615222127874
Hidden confounder,99,Pooled available adjustment,1.791015016961577,0.9221615222127874
Hidden confounder,99,Filtered hard gate,1.4786780804811563,1.1192436699843658
Hidden confounder,99,Filtered soft gate,1.2960704355748662,1.027991259681604
Hidden confounder,99,Oracle state gate,0.9972950593870957,0.9984624160290119
Hidden confounder,100,Pooled unadjusted,1.7163151817762226,0.8725016800993697
Hidden confounder,100,Pooled available adjustment,1.7163151817762226,0.8725016800993697
Hidden confounder,100,Filtered hard gate,1.4378800502778886,1.1058016417978604
Hidden confounder,100,Filtered soft gate,1.2820860701449768,1.0200381599708779
Hidden confounder,100,Oracle state gate,0.9858442497150002,0.9925807964016784
Hidden confounder,101,Pooled unadjusted,2.4862240786430316,1.2249996239358731
Hidden confounder,101,Pooled available adjustment,2.4862240786430316,1.2249996239358731
Hidden confounder,101,Filtered hard gate,1.4590320662290475,1.1232300708182903
Hidden confounder,101,Filtered soft gate,1.332335833093678,1.0520704741866813
Hidden confounder,101,Oracle state gate,1.0425965187862933,1.0210752102576568
Hidden confounder,102,Pooled unadjusted,2.1998899212942056,1.104560510472018
Hidden confounder,102,Pooled available adjustment,2.1998899212942056,1.104560510472018
Hidden confounder,102,Filtered hard gate,1.4688039600620566,1.1161670560052108
Hidden confounder,102,Filtered soft gate,1.300984135940687,1.016461743545447
Hidden confounder,102,Oracle state gate,1.0052543541904986,1.001447239940561
Hidden confounder,103,Pooled unadjusted,2.5587229090058243,1.347559350581078
Hidden confounder,103,Pooled available adjustment,2.5587229090058243,1.347559350581078
Hidden confounder,103,Filtered hard gate,1.44300776057971,1.1145763996437685
Hidden confounder,103,Filtered soft gate,1.4391773471688691,1.1081521452886358
Hidden confounder,103,Oracle state gate,1.01454134352656,1.0057487616976597
Hidden confounder,104,Pooled unadjusted,2.426574424406378,1.3194881933463252
Hidden confounder,104,Pooled available adjustment,2.426574424406378,1.3194881933463252
Hidden confounder,104,Filtered hard gate,1.9052012877611615,1.2290276380303762
Hidden confounder,104,Filtered soft gate,1.8058887772039638,1.2242992946041096
Hidden confounder,104,Oracle state gate,1.0091483184892327,1.0043008012605512
Hidden confounder,105,Pooled unadjusted,1.7789754935755153,1.0938165276085543
Hidden confounder,105,Pooled available adjustment,1.7789754935755153,1.0938165276085543
Hidden confounder,105,Filtered hard gate,1.4380325577070734,1.1073091534068502
Hidden confounder,105,Filtered soft gate,1.3655483986494983,1.0763160052203125
Hidden confounder,105,Oracle state gate,0.988550802247738,0.9942555004200462
Hidden confounder,106,Pooled unadjusted,2.540734108702366,1.2439686928143994
Hidden confounder,106,Pooled available adjustment,2.540734108702366,1.2439686928143994
Hidden confounder,106,Filtered hard gate,1.6292071145341291,1.134962993363855
Hidden confounder,106,Filtered soft gate,1.4854153443582003,1.0832893505941676
Hidden confounder,106,Oracle state gate,0.8861588639428633,0.9408232708166367
Hidden confounder,107,Pooled unadjusted,1.596585519706809,0.9257680267539137
Hidden confounder,107,Pooled available adjustment,1.596585519706809,0.9257680267539137
Hidden confounder,107,Filtered hard gate,1.3415873915732504,1.0687439981445404
Hidden confounder,107,Filtered soft gate,1.190179250771262,0.9768069307162726
Hidden confounder,107,Oracle state gate,0.9141999526213177,0.9561342987608992
Hidden confounder,108,Pooled unadjusted,2.5202966903564983,1.2443957129291703
Hidden confounder,108,Pooled available adjustment,2.5202966903564983,1.2443957129291703
Hidden confounder,108,Filtered hard gate,1.6314707757582068,1.1612722851987118
Hidden confounder,108,Filtered soft gate,1.5628749052821471,1.130353756178376
Hidden confounder,108,Oracle state gate,1.0176812379696598,1.008788739554803
Hidden confounder,109,Pooled unadjusted,1.5054781146408993,0.798732818056764
Hidden confounder,109,Pooled available adjustment,1.5054781146408993,0.798732818056764
Hidden confounder,109,Filtered hard gate,1.493944864833254,1.1233750592692293
Hidden confounder,109,Filtered soft gate,1.2622086990694916,1.0057161047784526
Hidden confounder,109,Oracle state gate,1.0005818496637813,1.000276728180998
Hidden confounder,110,Pooled unadjusted,1.1459301360744427,0.6381921783428338
Hidden confounder,110,Pooled available adjustment,1.1459301360744427,0.6381921783428338
Hidden confounder,110,Filtered hard gate,1.4029618697981978,1.1063524707127912
Hidden confounder,110,Filtered soft gate,1.2054356812890465,0.9973074726070873
Hidden confounder,110,Oracle state gate,1.0313261294579448,1.0155125161453065
Hidden confounder,111,Pooled unadjusted,2.1578031750860887,1.0890792967570628
Hidden confounder,111,Pooled available adjustment,2.1578031750860887,1.0890792967570628
Hidden confounder,111,Filtered hard gate,1.6705066676753133,1.1730267419647078
Hidden confounder,111,Filtered soft gate,1.529331441460797,1.1215175885662543
Hidden confounder,111,Oracle state gate,1.030097052360127,1.0149357566060964
Hidden confounder,112,Pooled unadjusted,1.889573058488234,0.9559859091473232
Hidden confounder,112,Pooled available adjustment,1.889573058488234,0.9559859091473232
Hidden confounder,112,Filtered hard gate,1.3619846224168746,1.0797896512741807
Hidden confounder,112,Filtered soft gate,1.1953401556738381,0.9837309429963296
Hidden confounder,112,Oracle state gate,0.9518827614531906,0.9750776080146948
Hidden confounder,113,Pooled unadjusted,1.6719245122888313,0.8478401975436657
Hidden confounder,113,Pooled available adjustment,1.6719245122888313,0.8478401975436657
Hidden confounder,113,Filtered hard gate,1.3262188453884427,1.0668374482484169
Hidden confounder,113,Filtered soft gate,1.2277320265132834,0.987473668799502
Hidden confounder,113,Oracle state gate,0.9354198881089199,0.966207548895466
Hidden confounder,114,Pooled unadjusted,1.8190694265624165,0.9112109670995054
Hidden confounder,114,Pooled available adjustment,1.8190694265624165,0.9112109670995054
Hidden confounder,114,Filtered hard gate,1.722028343677481,1.1740509402793256
Hidden confounder,114,Filtered soft gate,1.4248258773932134,1.0587715635590527
Hidden confounder,114,Oracle state gate,0.9585561327288092,0.9789393762510591
Hidden confounder,115,Pooled unadjusted,1.7299464857514915,0.8699669452062485
Hidden confounder,115,Pooled available adjustment,1.7299464857514915,0.8699669452062485
Hidden confounder,115,Filtered hard gate,1.4013485091008393,1.095930327123386
Hidden confounder,115,Filtered soft gate,1.2438066540642176,1.0125796803643838
Hidden confounder,115,Oracle state gate,0.98180202353116,0.9904219751348108
Hidden confounder,116,Pooled unadjusted,1.7007547387425626,0.8971787064426919
Hidden confounder,116,Pooled available adjustment,1.7007547387425626,0.8971787064426919
Hidden confounder,116,Filtered hard gate,1.3219329780139317,1.0778935404719578
Hidden confounder,116,Filtered soft gate,1.2050257950485297,1.008376430184914
Hidden confounder,116,Oracle state gate,0.9872239692587241,0.9935756722457352
Hidden confounder,117,Pooled unadjusted,2.414929363432024,1.3178047446113983
Hidden confounder,117,Pooled available adjustment,2.414929363432024,1.3178047446113983
Hidden confounder,117,Filtered hard gate,1.661840426001964,1.1557639805546869
Hidden confounder,117,Filtered soft gate,1.599440466170468,1.1448295482161535
Hidden confounder,117,Oracle state gate,0.9537853275011091,0.976434472641935
Hidden confounder,118,Pooled unadjusted,2.536496610447991,1.2481236358822754
Hidden confounder,118,Pooled available adjustment,2.536496610447991,1.2481236358822754
Hidden confounder,118,Filtered hard gate,1.7141186045553276,1.195223209089933
Hidden confounder,118,Filtered soft gate,1.6623191835158557,1.1843052439448658
Hidden confounder,118,Oracle state gate,1.0911186069648975,1.0444999397083086
Hidden confounder,119,Pooled unadjusted,1.4743610286365993,0.850500482059016
Hidden confounder,119,Pooled available adjustment,1.4743610286365993,0.850500482059016
Hidden confounder,119,Filtered hard gate,1.305992050193375,1.0566752926986347
Hidden confounder,119,Filtered soft gate,1.1506179876967422,0.9652728872544203
Hidden confounder,119,Oracle state gate,0.9065175689750229,0.9517586290610954
Hidden confounder,120,Pooled unadjusted,2.197722258994774,1.0946681044932174
Hidden confounder,120,Pooled available adjustment,2.197722258994774,1.0946681044932174
Hidden confounder,120,Filtered hard gate,1.6052085539428138,1.1752758876383163
Hidden confounder,120,Filtered soft gate,1.4975249900282528,1.1306201192949197
Hidden confounder,120,Oracle state gate,1.137301071140314,1.065517536082068
Hidden confounder,121,Pooled unadjusted,1.4774398870600072,0.7895978444436957
Hidden confounder,121,Pooled available adjustment,1.4774398870600072,0.7895978444436957
Hidden confounder,121,Filtered hard gate,1.4178965032526312,1.1018556463639297
Hidden confounder,121,Filtered soft gate,1.2071763354318816,0.9947430426516354
Hidden confounder,121,Oracle state gate,0.9869926842263206,0.9934715621478919
Hidden confounder,122,Pooled unadjusted,2.1996316035179144,1.1125400837979218
Hidden confounder,122,Pooled available adjustment,2.1996316035179144,1.1125400837979218
Hidden confounder,122,Filtered hard gate,1.5632543166945039,1.1475205340509638
Hidden confounder,122,Filtered soft gate,1.4571538342795363,1.0954277148112406
Hidden confounder,122,Oracle state gate,1.0373968186182652,1.0185208169507811
Hidden confounder,123,Pooled unadjusted,2.465344440887349,1.224418409240628
Hidden confounder,123,Pooled available adjustment,2.465344440887349,1.224418409240628
Hidden confounder,123,Filtered hard gate,1.5251782728608676,1.1432152402379512
Hidden confounder,123,Filtered soft gate,1.4606499907963644,1.1143605311078608
Hidden confounder,123,Oracle state gate,1.0658764447331879,1.0321744610148826
Hidden confounder,124,Pooled unadjusted,2.0911397828016383,1.0450070730868948
Hidden confounder,124,Pooled available adjustment,2.0911397828016383,1.0450070730868948
Hidden confounder,124,Filtered hard gate,1.4215649720473873,1.0953496645866059
Hidden confounder,124,Filtered soft gate,1.3243362833875425,1.039100309924378
Hidden confounder,124,Oracle state gate,0.9492427984229203,0.9741533328672877
Hidden confounder,125,Pooled unadjusted,1.6894856082341476,0.9651473764467426
Hidden confounder,125,Pooled available adjustment,1.6894856082341476,0.9651473764467426
Hidden confounder,125,Filtered hard gate,1.40639194854169,1.101679367668193
Hidden confounder,125,Filtered soft gate,1.2924982705087251,1.033762930957908
Hidden confounder,125,Oracle state gate,1.0006617567949452,1.000316175804146
Hidden confounder,126,Pooled unadjusted,1.8673402325157236,0.9397958461898646
Hidden confounder,126,Pooled available adjustment,1.8673402325157236,0.9397958461898646
Hidden confounder,126,Filtered hard gate,1.532405528781659,1.130249712079576
Hidden confounder,126,Filtered soft gate,1.3922893065525321,1.0599435052579997
Hidden confounder,126,Oracle state gate,0.9977607871116134,0.9971420636679493
Hidden confounder,127,Pooled unadjusted,2.4021578097946565,1.2622988880050843
Hidden confounder,127,Pooled available adjustment,2.4021578097946565,1.2622988880050843
Hidden confounder,127,Filtered hard gate,1.5750657735460065,1.1504224074740175
Hidden confounder,127,Filtered soft gate,1.5600275519884113,1.1485621004759445
Hidden confounder,127,Oracle state gate,1.0336550209039197,1.0166802426429065
Hidden confounder,128,Pooled unadjusted,2.4752023163403667,1.2226210845312484
Hidden confounder,128,Pooled available adjustment,2.4752023163403667,1.2226210845312484
Hidden confounder,128,Filtered hard gate,1.1700813991388028,1.0432215055060665
Hidden confounder,128,Filtered soft gate,1.1845609419230054,1.0249187849378945
Hidden confounder,128,Oracle state gate,1.003036589228506,1.0015027573518382
Hidden confounder,129,Pooled unadjusted,1.7868671405619443,0.8985201582723144
Hidden confounder,129,Pooled available adjustment,1.7868671405619443,0.8985201582723144
Hidden confounder,129,Filtered hard gate,1.3930110134777665,1.1006896901430032
Hidden confounder,129,Filtered soft gate,1.229889987253105,0.9982051608644982
Hidden confounder,129,Oracle state gate,1.0139355341744416,1.0064213443537633
Hidden confounder,130,Pooled unadjusted,2.091325567378771,1.0453561916298055
Hidden confounder,130,Pooled available adjustment,2.091325567378771,1.0453561916298055
Hidden confounder,130,Filtered hard gate,1.6176137355328164,1.1666888282890027
Hidden confounder,130,Filtered soft gate,1.467249558602155,1.0805680228730692
Hidden confounder,130,Oracle state gate,1.074407498767022,1.036530699388139
Hidden confounder,131,Pooled unadjusted,1.8913611524844542,0.9676286232250749
Hidden confounder,131,Pooled available adjustment,1.8913611524844542,0.9676286232250749
Hidden confounder,131,Filtered hard gate,1.5110103007502425,1.1340050600658753
Hidden confounder,131,Filtered soft gate,1.3048132868296174,1.0261428666344021
Hidden confounder,131,Oracle state gate,1.0305282135545313,1.0150294468666852
Hidden confounder,132,Pooled unadjusted,1.6951409262654515,1.028747006780947
Hidden confounder,132,Pooled available adjustment,1.6951409262654515,1.028747006780947
Hidden confounder,132,Filtered hard gate,1.571856021235641,1.1483719150084717
Hidden confounder,132,Filtered soft gate,1.3946170052106999,1.0568646747329873
Hidden confounder,132,Oracle state gate,1.0374493626223684,1.0168249355456376
Hidden confounder,133,Pooled unadjusted,2.8011237700475506,1.3602969418651032
Hidden confounder,133,Pooled available adjustment,2.8011237700475506,1.3602969418651032
Hidden confounder,133,Filtered hard gate,1.5427587413399242,1.099875811594744
Hidden confounder,133,Filtered soft gate,1.4029114854402687,1.0662940018861014
Hidden confounder,133,Oracle state gate,0.8308315810628436,0.9099111761314509
Hidden confounder,134,Pooled unadjusted,2.9277715269495594,1.4070378555495795
Hidden confounder,134,Pooled available adjustment,2.9277715269495594,1.4070378555495795
Hidden confounder,134,Filtered hard gate,1.4963677984144566,1.1229595602897566
Hidden confounder,134,Filtered soft gate,1.4269646892957113,1.0877157091985228
Hidden confounder,134,Oracle state gate,0.9907589965346658,0.9952691865575953
Hidden confounder,135,Pooled unadjusted,1.9505579289852837,0.9800805727006751
Hidden confounder,135,Pooled available adjustment,1.9505579289852837,0.9800805727006751
Hidden confounder,135,Filtered hard gate,1.6203522996637585,1.174070719118568
Hidden confounder,135,Filtered soft gate,1.504132298881878,1.1174174694254548
Hidden confounder,135,Oracle state gate,1.102138861290689,1.0496223565943519
Hidden confounder,136,Pooled unadjusted,2.2093789484094706,1.1005193993789797
Hidden confounder,136,Pooled available adjustment,2.2093789484094706,1.1005193993789797
Hidden confounder,136,Filtered hard gate,1.333639501205687,1.0731660305729511
Hidden confounder,136,Filtered soft gate,1.231186472877878,0.992947178771379
Hidden confounder,136,Oracle state gate,0.9575745415792357,0.9763009830912172
Hidden confounder,137,Pooled unadjusted,3.237326773250782,1.543778084198238
Hidden confounder,137,Pooled available adjustment,3.237326773250782,1.543778084198238
Hidden confounder,137,Filtered hard gate,1.442726218876937,1.1043660445251093
Hidden confounder,137,Filtered soft gate,1.4607312522521612,1.1171064533021526
Hidden confounder,137,Oracle state gate,0.9722083129800492,0.9859060794129889
Hidden confounder,138,Pooled unadjusted,1.2951997581407135,0.6941352592547895
Hidden confounder,138,Pooled available adjustment,1.2951997581407135,0.6941352592547895
Hidden confounder,138,Filtered hard gate,1.6169623869730771,1.159900074176887
Hidden confounder,138,Filtered soft gate,1.3135442925818397,1.003494521318003
Hidden confounder,138,Oracle state gate,1.032276706357261,1.0160094216922158
Hidden confounder,139,Pooled unadjusted,1.9604658708742018,0.9803784324811528
Hidden confounder,139,Pooled available adjustment,1.9604658708742018,0.9803784324811528
Hidden confounder,139,Filtered hard gate,1.638615078126676,1.1669490119642882
Hidden confounder,139,Filtered soft gate,1.4715756011577072,1.0895423918810907
Hidden confounder,139,Oracle state gate,1.0424825508572804,1.0209965008447044
Hidden confounder,140,Pooled unadjusted,1.6233953891269612,0.9433516960630243
Hidden confounder,140,Pooled available adjustment,1.6233953891269612,0.9433516960630243
Hidden confounder,140,Filtered hard gate,1.2114280486677158,1.047531224934142
Hidden confounder,140,Filtered soft gate,1.1125306785946214,0.9563163937144402
Hidden confounder,140,Oracle state gate,0.975086365613611,0.9871433401244442
Hidden confounder,141,Pooled unadjusted,1.2113161340833112,0.7266009772227087
Hidden confounder,141,Pooled available adjustment,1.2113161340833112,0.7266009772227087
Hidden confounder,141,Filtered hard gate,1.4185758437083729,1.0954130661228805
Hidden confounder,141,Filtered soft gate,1.1844172919996327,0.9675617132508096
Hidden confounder,141,Oracle state gate,0.9515819412386167,0.9754786246385959
Hidden confounder,142,Pooled unadjusted,1.1560191718009782,0.8600186978843404
Hidden confounder,142,Pooled available adjustment,1.1560191718009782,0.8600186978843404
Hidden confounder,142,Filtered hard gate,1.5111700175664884,1.1254629042077167
Hidden confounder,142,Filtered soft gate,1.3061687242284794,1.025587723751508
Hidden confounder,142,Oracle state gate,0.9860749637921422,0.9929701507481422
Hidden confounder,143,Pooled unadjusted,2.1496718431732535,1.0735864395442285
Hidden confounder,143,Pooled available adjustment,2.1496718431732535,1.0735864395442285
Hidden confounder,143,Filtered hard gate,1.521710603082549,1.1231419125606503
Hidden confounder,143,Filtered soft gate,1.4136443574670607,1.0695362322802808
Hidden confounder,143,Oracle state gate,0.9618293728823715,0.9806233765318746
Hidden confounder,144,Pooled unadjusted,1.8578825945280844,1.0198985766710589
Hidden confounder,144,Pooled available adjustment,1.8578825945280844,1.0198985766710589
Hidden confounder,144,Filtered hard gate,1.4519250581882037,1.1138841187323505
Hidden confounder,144,Filtered soft gate,1.3239596744273219,1.054893794993266
Hidden confounder,144,Oracle state gate,1.0070910965961062,1.003095421240434
Hidden confounder,145,Pooled unadjusted,1.8474298722315516,0.9283479262817103
Hidden confounder,145,Pooled available adjustment,1.8474298722315516,0.9283479262817103
Hidden confounder,145,Filtered hard gate,1.3724848408554395,1.0855209162179644
Hidden confounder,145,Filtered soft gate,1.2152300573004493,0.9772971424356686
Hidden confounder,145,Oracle state gate,0.9701039692466527,0.983452898191902
Hidden confounder,146,Pooled unadjusted,1.708345066813707,0.9949140773862074
Hidden confounder,146,Pooled available adjustment,1.708345066813707,0.9949140773862074
Hidden confounder,146,Filtered hard gate,1.6469112873791567,1.1711760239992663
Hidden confounder,146,Filtered soft gate,1.471897460026423,1.092441119536672
Hidden confounder,146,Oracle state gate,1.059301128143103,1.0285727995750709
Hidden confounder,147,Pooled unadjusted,2.0434333766052535,1.0265658169865455
Hidden confounder,147,Pooled available adjustment,2.0434333766052535,1.0265658169865455
Hidden confounder,147,Filtered hard gate,1.6004551768208144,1.154769089904523
Hidden confounder,147,Filtered soft gate,1.442405502084987,1.0704803075781366
Hidden confounder,147,Oracle state gate,1.0377352430841964,1.0175385694715193
Hidden confounder,148,Pooled unadjusted,1.7753551251749027,0.9204233401945553
Hidden confounder,148,Pooled available adjustment,1.7753551251749027,0.9204233401945553
Hidden confounder,148,Filtered hard gate,1.3201858996668685,1.0840161334203928
Hidden confounder,148,Filtered soft gate,1.1384639541714836,0.9786168759819032
Hidden confounder,148,Oracle state gate,1.0178687983176875,1.007898696524879
Hidden confounder,149,Pooled unadjusted,3.767800696831195,1.6880748492976236
Hidden confounder,149,Pooled available adjustment,3.767800696831195,1.6880748492976236
Hidden confounder,149,Filtered hard gate,1.510569766879114,1.112815827374487
Hidden confounder,149,Filtered soft gate,1.4013809261103838,1.0905100661031835
Hidden confounder,149,Oracle state gate,0.9283820613348442,0.9632079409961465
Hidden confounder,150,Pooled unadjusted,3.1205821763380692,1.4658806828449817
Hidden confounder,150,Pooled available adjustment,3.1205821763380692,1.4658806828449817
Hidden confounder,150,Filtered hard gate,1.518496914866165,1.1463643090620041
Hidden confounder,150,Filtered soft gate,1.4391744536196183,1.1032601874429642
Hidden confounder,150,Oracle state gate,1.0926478739398968,1.0452655226493834
Hidden confounder,151,Pooled unadjusted,2.26811398179148,1.130190241415789
Hidden confounder,151,Pooled available adjustment,2.26811398179148,1.130190241415789
Hidden confounder,151,Filtered hard gate,1.833508794059054,1.224874517619281
Hidden confounder,151,Filtered soft gate,1.6556730889104878,1.1620507315477682
Hidden confounder,151,Oracle state gate,1.0989431029658958,1.0482494266782436
Hidden confounder,152,Pooled unadjusted,2.0253291135310776,1.0164020432540837
Hidden confounder,152,Pooled available adjustment,2.0253291135310776,1.0164020432540837
Hidden confounder,152,Filtered hard gate,1.3617236432781659,1.0822776780286079
Hidden confounder,152,Filtered soft gate,1.2446942262563672,1.0122433968379714
Hidden confounder,152,Oracle state gate,0.9590397055205749,0.9791474334550945
Hidden confounder,153,Pooled unadjusted,1.9456413425310524,0.9748155428238987
Hidden confounder,153,Pooled available adjustment,1.9456413425310524,0.9748155428238987
Hidden confounder,153,Filtered hard gate,1.3806360961842032,1.0838542245790113
Hidden confounder,153,Filtered soft gate,1.290107026119279,1.025496665716098
Hidden confounder,153,Oracle state gate,0.9432150133536799,0.9707460252054341
Hidden confounder,154,Pooled unadjusted,1.3150090865767228,0.8212166292622421
Hidden confounder,154,Pooled available adjustment,1.3150090865767228,0.8212166292622421
Hidden confounder,154,Filtered hard gate,1.3277225367756806,1.0754919977100303
Hidden confounder,154,Filtered soft gate,1.2050906697885275,0.9967489686903689
Hidden confounder,154,Oracle state gate,0.966603042382432,0.9829334943723375
Hidden confounder,155,Pooled unadjusted,2.692669336540703,1.3299794496685668
Hidden confounder,155,Pooled available adjustment,2.692669336540703,1.3299794496685668
Hidden confounder,155,Filtered hard gate,1.4556160886844678,1.1258751268852394
Hidden confounder,155,Filtered soft gate,1.5066172987781024,1.1500039722626567
Hidden confounder,155,Oracle state gate,1.0691680132640675,1.0335625415630274
Hidden confounder,156,Pooled unadjusted,2.1443896621570393,1.0712262422835983
Hidden confounder,156,Pooled available adjustment,2.1443896621570393,1.0712262422835983
Hidden confounder,156,Filtered hard gate,1.6380291802630373,1.172628923326602
Hidden confounder,156,Filtered soft gate,1.4513933838624293,1.0846708004742933
Hidden confounder,156,Oracle state gate,1.0727543853282044,1.0356894255088491
Hidden confounder,157,Pooled unadjusted,1.7601247395584965,0.9065804118592855
Hidden confounder,157,Pooled available adjustment,1.7601247395584965,0.9065804118592855
Hidden confounder,157,Filtered hard gate,1.4610035911670072,1.107717007852139
Hidden confounder,157,Filtered soft gate,1.349776337728966,1.050463850150849
Hidden confounder,157,Oracle state gate,0.9621313181173939,0.9808418074777221
Hidden confounder,158,Pooled unadjusted,1.9517765760198507,0.9774336683478078
Hidden confounder,158,Pooled available adjustment,1.9517765760198507,0.9774336683478078
Hidden confounder,158,Filtered hard gate,1.424971008101501,1.1014560745628992
Hidden confounder,158,Filtered soft gate,1.2782809457499207,1.0255500788528467
Hidden confounder,158,Oracle state gate,0.9741194980025426,0.9869678200674818
Hidden confounder,159,Pooled unadjusted,1.6852108431716424,0.8874111452830241
Hidden confounder,159,Pooled available adjustment,1.6852108431716424,0.8874111452830241
Hidden confounder,159,Filtered hard gate,1.385531623536,1.0842783625743795
Hidden confounder,159,Filtered soft gate,1.248558049385282,0.9986839335147568
Hidden confounder,159,Oracle state gate,0.9368757864774777,0.9679134523284373
Hidden confounder,160,Pooled unadjusted,2.1710981744551394,1.0881609138611532
Hidden confounder,160,Pooled available adjustment,2.1710981744551394,1.0881609138611532
Hidden confounder,160,Filtered hard gate,1.426611193825885,1.0993675861892074
Hidden confounder,160,Filtered soft gate,1.247493372923104,1.0067690184520355
Hidden confounder,160,Oracle state gate,0.9624197169017212,0.9810298450287749
Hidden confounder,161,Pooled unadjusted,1.174103387856703,0.6210502297372598
Hidden confounder,161,Pooled available adjustment,1.174103387856703,0.6210502297372598
Hidden confounder,161,Filtered hard gate,1.4783816139732748,1.117738850336323
Hidden confounder,161,Filtered soft gate,1.1542636255323477,0.9482120640100702
Hidden confounder,161,Oracle state gate,0.9893890402535647,0.9946796959089377
Hidden confounder,162,Pooled unadjusted,3.2211567224545137,1.508303922442196
Hidden confounder,162,Pooled available adjustment,3.2211567224545137,1.508303922442196
Hidden confounder,162,Filtered hard gate,1.39433285050655,1.106131155932193
Hidden confounder,162,Filtered soft gate,1.4198640078176592,1.1017001936340745
Hidden confounder,162,Oracle state gate,1.0364103858440017,1.0176938796442552
Hidden confounder,163,Pooled unadjusted,1.976193591716495,0.992486570043391
Hidden confounder,163,Pooled available adjustment,1.976193591716495,0.992486570043391
Hidden confounder,163,Filtered hard gate,1.6138866995913086,1.1694547874952832
Hidden confounder,163,Filtered soft gate,1.4216540343138493,1.0906319314913027
Hidden confounder,163,Oracle state gate,1.086955488444333,1.04182875006735
Hidden confounder,164,Pooled unadjusted,1.7243121697616197,0.8634976373804503
Hidden confounder,164,Pooled available adjustment,1.7243121697616197,0.8634976373804503
Hidden confounder,164,Filtered hard gate,1.3444359494992795,1.0837507763990177
Hidden confounder,164,Filtered soft gate,1.2036198959828557,0.9940222186355395
Hidden confounder,164,Oracle state gate,0.9898098431622048,0.9947735372174825
Hidden confounder,165,Pooled unadjusted,1.57695467621659,0.8226850407152128
Hidden confounder,165,Pooled available adjustment,1.57695467621659,0.8226850407152128
Hidden confounder,165,Filtered hard gate,1.4299664364457494,1.0939056131649996
Hidden confounder,165,Filtered soft gate,1.1270178029422462,0.9423884668314453
Hidden confounder,165,Oracle state gate,0.9255100325925016,0.9615883016486853
Hidden confounder,166,Pooled unadjusted,2.8721655266677315,1.4103650331271442
Hidden confounder,166,Pooled available adjustment,2.8721655266677315,1.4103650331271442
Hidden confounder,166,Filtered hard gate,1.442152414293037,1.0963841257486713
Hidden confounder,166,Filtered soft gate,1.410910505855704,1.0944319998702006
Hidden confounder,166,Oracle state gate,0.9447093311346141,0.9706648672851851
Hidden confounder,167,Pooled unadjusted,2.0168235473132605,1.009019101560154
Hidden confounder,167,Pooled available adjustment,2.0168235473132605,1.009019101560154
Hidden confounder,167,Filtered hard gate,1.6652387297632194,1.1627605499814875
Hidden confounder,167,Filtered soft gate,1.4456873141145956,1.0755898552822392
Hidden confounder,167,Oracle state gate,0.9801310293424675,0.9900114703354114
Hidden confounder,168,Pooled unadjusted,2.704495622366142,1.319029803441205
Hidden confounder,168,Pooled available adjustment,2.704495622366142,1.319029803441205
Hidden confounder,168,Filtered hard gate,1.6133701208365492,1.1526871157933773
Hidden confounder,168,Filtered soft gate,1.5114644216910225,1.1190574355937666
Hidden confounder,168,Oracle state gate,0.9940903824162035,0.9961409407538854
Hidden confounder,169,Pooled unadjusted,1.6174644424352054,0.8795589015069138
Hidden confounder,169,Pooled available adjustment,1.6174644424352054,0.8795589015069138
Hidden confounder,169,Filtered hard gate,1.1775951767240123,1.0384516258091567
Hidden confounder,169,Filtered soft gate,1.1014029780087853,0.9640713860074658
Hidden confounder,169,Oracle state gate,0.9765542660681823,0.9873163625123309
Hidden confounder,170,Pooled unadjusted,2.134399683251981,1.2030971757772053
Hidden confounder,170,Pooled available adjustment,2.134399683251981,1.2030971757772053
Hidden confounder,170,Filtered hard gate,1.8350477571388446,1.211920156416266
Hidden confounder,170,Filtered soft gate,1.691689202663696,1.1650407391117064
Hidden confounder,170,Oracle state gate,1.0137649792521368,1.0063971719202358
Hidden confounder,171,Pooled unadjusted,2.417450856583119,1.1951011909387084
Hidden confounder,171,Pooled available adjustment,2.417450856583119,1.1951011909387084
Hidden confounder,171,Filtered hard gate,1.289424123782,1.0615215809315246
Hidden confounder,171,Filtered soft gate,1.2843265261005732,1.0413071794504867
Hidden confounder,171,Oracle state gate,0.9552221261965154,0.9763906588691746
Hidden confounder,172,Pooled unadjusted,2.4913176507839236,1.2693748592698275
Hidden confounder,172,Pooled available adjustment,2.4913176507839236,1.2693748592698275
Hidden confounder,172,Filtered hard gate,1.4078241348791178,1.097961890592466
Hidden confounder,172,Filtered soft gate,1.396148612988604,1.099856411531954
Hidden confounder,172,Oracle state gate,0.9897981554826026,0.9939825988488554
Hidden confounder,173,Pooled unadjusted,2.6080520282385478,1.2683990019857898
Hidden confounder,173,Pooled available adjustment,2.6080520282385478,1.2683990019857898
Hidden confounder,173,Filtered hard gate,1.7179685960185906,1.187390667475037
Hidden confounder,173,Filtered soft gate,1.5837844962290992,1.1159296733562596
Hidden confounder,173,Oracle state gate,1.059141086715355,1.027145124653338
Hidden confounder,174,Pooled unadjusted,2.147550125884465,1.0712843347517336
Hidden confounder,174,Pooled available adjustment,2.147550125884465,1.0712843347517336
Hidden confounder,174,Filtered hard gate,1.6533668947466422,1.1674352189107309
Hidden confounder,174,Filtered soft gate,1.49392844869777,1.0905009669511074
Hidden confounder,174,Oracle state gate,1.0246045815038936,1.012216076994355
Hidden confounder,175,Pooled unadjusted,1.8918685083895714,0.9626402198732291
Hidden confounder,175,Pooled available adjustment,1.8918685083895714,0.9626402198732291
Hidden confounder,175,Filtered hard gate,1.6257217790899792,1.166125847161242
Hidden confounder,175,Filtered soft gate,1.4834701879092886,1.0995150664949653
Hidden confounder,175,Oracle state gate,1.05418554471172,1.0266774671733059
Hidden confounder,176,Pooled unadjusted,1.3124350064586952,0.735963989376367
Hidden confounder,176,Pooled available adjustment,1.3124350064586952,0.735963989376367
Hidden confounder,176,Filtered hard gate,1.4916768677606869,1.1307514078831433
Hidden confounder,176,Filtered soft gate,1.2588154564355998,1.005961474884938
Hidden confounder,176,Oracle state gate,1.0434139235738458,1.0214623754718528
Hidden confounder,177,Pooled unadjusted,2.6626919878416473,1.3123368423699944
Hidden confounder,177,Pooled available adjustment,2.6626919878416473,1.3123368423699944
Hidden confounder,177,Filtered hard gate,1.8057597352948629,1.2036458080243515
Hidden confounder,177,Filtered soft gate,1.6979863072359045,1.1656932531741035
Hidden confounder,177,Oracle state gate,1.0088383912114824,1.0041583423660443
Hidden confounder,178,Pooled unadjusted,2.5549087860207447,1.2648528712940272
Hidden confounder,178,Pooled available adjustment,2.5549087860207447,1.2648528712940272
Hidden confounder,178,Filtered hard gate,1.4371054773194962,1.0974151576523326
Hidden confounder,178,Filtered soft gate,1.3865774638369066,1.0741839797934962
Hidden confounder,178,Oracle state gate,0.9338521148710994,0.9663295423345564
Hidden confounder,179,Pooled unadjusted,2.1244876578526375,1.0691041379831236
Hidden confounder,179,Pooled available adjustment,2.1244876578526375,1.0691041379831236
Hidden confounder,179,Filtered hard gate,1.3290878591760003,1.080827492321159
Hidden confounder,179,Filtered soft gate,1.1760722937605452,1.0020997009939108
Hidden confounder,179,Oracle state gate,0.9923137113998414,0.995851343237868
Hidden confounder,180,Pooled unadjusted,1.4072901465060867,0.7468829536855732
Hidden confounder,180,Pooled available adjustment,1.4072901465060867,0.7468829536855732
Hidden confounder,180,Filtered hard gate,1.672126927587498,1.1875287995311075
Hidden confounder,180,Filtered soft gate,1.3777577610259073,1.042189647869234
Hidden confounder,180,Oracle state gate,1.1153315573846216,1.056014946198181
Hidden confounder,181,Pooled unadjusted,2.2672568346699395,1.2024432866333796
Hidden confounder,181,Pooled available adjustment,2.2672568346699395,1.2024432866333796
Hidden confounder,181,Filtered hard gate,1.7410180189894162,1.1856496500807192
Hidden confounder,181,Filtered soft gate,1.5560673771148963,1.127176828045457
Hidden confounder,181,Oracle state gate,0.9986749653453909,0.9990950289579532
Hidden confounder,182,Pooled unadjusted,2.777491405034778,1.34613795913895
Hidden confounder,182,Pooled available adjustment,2.777491405034778,1.34613795913895
Hidden confounder,182,Filtered hard gate,1.5056635895952637,1.1313177128679008
Hidden confounder,182,Filtered soft gate,1.4248948305079803,1.095194961235822
Hidden confounder,182,Oracle state gate,1.0289249734282788,1.01429223800645
Hidden confounder,183,Pooled unadjusted,3.0260606233712313,1.4382269026030736
Hidden confounder,183,Pooled available adjustment,3.0260606233712313,1.4382269026030736
Hidden confounder,183,Filtered hard gate,1.5839725693936884,1.1530661073822577
Hidden confounder,183,Filtered soft gate,1.4570493066220331,1.0930705829185905
Hidden confounder,183,Oracle state gate,1.041244071635852,1.020413603676263
Hidden confounder,184,Pooled unadjusted,2.1612774675571673,1.0792948936954936
Hidden confounder,184,Pooled available adjustment,2.1612774675571673,1.0792948936954936
Hidden confounder,184,Filtered hard gate,1.4052792049175378,1.0963790069813604
Hidden confounder,184,Filtered soft gate,1.259233548495807,1.0114490145158024
Hidden confounder,184,Oracle state gate,0.9728082631182017,0.9863041939383702
Hidden confounder,185,Pooled unadjusted,2.404956904246238,1.1950150226027445
Hidden confounder,185,Pooled available adjustment,2.404956904246238,1.1950150226027445
Hidden confounder,185,Filtered hard gate,1.502696531415208,1.1236134545967564
Hidden confounder,185,Filtered soft gate,1.3486795003065757,1.0465155489970794
Hidden confounder,185,Oracle state gate,0.9975267105557505,0.9978200829494747
Hidden confounder,186,Pooled unadjusted,1.8623401984637569,1.0789006108852273
Hidden confounder,186,Pooled available adjustment,1.8623401984637569,1.0789006108852273
Hidden confounder,186,Filtered hard gate,1.5513309586018968,1.1362823824747066
Hidden confounder,186,Filtered soft gate,1.419224934764066,1.079082579753138
Hidden confounder,186,Oracle state gate,0.994425856352402,0.9969311183076457
Hidden confounder,187,Pooled unadjusted,2.4769987477356263,1.2368907582060862
Hidden confounder,187,Pooled available adjustment,2.4769987477356263,1.2368907582060862
Hidden confounder,187,Filtered hard gate,1.851237098113892,1.221443125504434
Hidden confounder,187,Filtered soft gate,1.6961967156828315,1.177758241844523
Hidden confounder,187,Oracle state gate,1.0509198528695065,1.0251334077379028
Hidden confounder,188,Pooled unadjusted,2.321632401216233,1.1562907944008862
Hidden confounder,188,Pooled available adjustment,2.321632401216233,1.1562907944008862
Hidden confounder,188,Filtered hard gate,1.5594688154637715,1.135732736397346
Hidden confounder,188,Filtered soft gate,1.4346814682754783,1.0850216120773637
Hidden confounder,188,Oracle state gate,0.978028112711244,0.9889492784744047
Hidden confounder,189,Pooled unadjusted,1.7387670339006698,0.9162232343885429
Hidden confounder,189,Pooled available adjustment,1.7387670339006698,0.9162232343885429
Hidden confounder,189,Filtered hard gate,1.3900521906388217,1.0947649969925675
Hidden confounder,189,Filtered soft gate,1.3017929012740883,1.0265514915538942
Hidden confounder,189,Oracle state gate,0.9863706189515711,0.9930886321936939
Hidden confounder,190,Pooled unadjusted,1.7418296005903036,0.9050489492786034
Hidden confounder,190,Pooled available adjustment,1.7418296005903036,0.9050489492786034
Hidden confounder,190,Filtered hard gate,1.3015243464526045,1.0619181435690073
Hidden confounder,190,Filtered soft gate,1.140900316893247,0.9629108284310217
Hidden confounder,190,Oracle state gate,0.9361190555510093,0.9674730440664953
Hidden confounder,191,Pooled unadjusted,1.519576725987435,0.8734154067827282
Hidden confounder,191,Pooled available adjustment,1.519576725987435,0.8734154067827282
Hidden confounder,191,Filtered hard gate,1.4255748736894223,1.1155465184924847
Hidden confounder,191,Filtered soft gate,1.2544276271452433,1.0140860004360968
Hidden confounder,191,Oracle state gate,1.0522211105907078,1.0255498357982542
Hidden confounder,192,Pooled unadjusted,1.3273814183101522,0.7352584449621767
Hidden confounder,192,Pooled available adjustment,1.3273814183101522,0.7352584449621767
Hidden confounder,192,Filtered hard gate,1.4106161887188968,1.1008782701113924
Hidden confounder,192,Filtered soft gate,1.2029926586803026,0.9756127058086785
Hidden confounder,192,Oracle state gate,0.9883931816554421,0.9941048095949448
Hidden confounder,193,Pooled unadjusted,2.0958580057074068,1.0517984005290852
Hidden confounder,193,Pooled available adjustment,2.0958580057074068,1.0517984005290852
Hidden confounder,193,Filtered hard gate,1.5362891454730159,1.1304849078108967
Hidden confounder,193,Filtered soft gate,1.4389415589402335,1.0843594525797415
Hidden confounder,193,Oracle state gate,0.9816850915628345,0.9907820138134887
Hidden confounder,194,Pooled unadjusted,1.1788869833511395,0.5932478262506653
Hidden confounder,194,Pooled available adjustment,1.1788869833511395,0.5932478262506653
Hidden confounder,194,Filtered hard gate,1.4622264626961943,1.1101530282723258
Hidden confounder,194,Filtered soft gate,1.229025037335631,0.9843074025007803
Hidden confounder,194,Oracle state gate,0.9821936756875275,0.9906156684835435
Hidden confounder,195,Pooled unadjusted,3.117965214757662,1.5414373859348498
Hidden confounder,195,Pooled available adjustment,3.117965214757662,1.5414373859348498
Hidden confounder,195,Filtered hard gate,1.2814657647955388,1.0391705394192794
Hidden confounder,195,Filtered soft gate,1.3314695965805126,1.0742295490923863
Hidden confounder,195,Oracle state gate,0.864050865420557,0.9294527897918832
Hidden confounder,196,Pooled unadjusted,2.2266492488067264,1.1080041736413837
Hidden confounder,196,Pooled available adjustment,2.2266492488067264,1.1080041736413837
Hidden confounder,196,Filtered hard gate,1.6666368866533996,1.1797589382877063
Hidden confounder,196,Filtered soft gate,1.489189665387823,1.0935771546801947
Hidden confounder,196,Oracle state gate,1.0806100518162494,1.0394990993896487
Hidden confounder,197,Pooled unadjusted,1.672447166938129,0.8362674015756733
Hidden confounder,197,Pooled available adjustment,1.672447166938129,0.8362674015756733
Hidden confounder,197,Filtered hard gate,1.501852274405624,1.1409486047455188
Hidden confounder,197,Filtered soft gate,1.3320740982012484,1.0575577221480996
Hidden confounder,197,Oracle state gate,1.083441678999562,1.0407882993832351
Hidden confounder,198,Pooled unadjusted,1.3883538076570594,0.7267941989704232
Hidden confounder,198,Pooled available adjustment,1.3883538076570594,0.7267941989704232
Hidden confounder,198,Filtered hard gate,1.639249600105646,1.1830454382608862
Hidden confounder,198,Filtered soft gate,1.3873796946852726,1.058058454463015
Hidden confounder,198,Oracle state gate,1.1308050727342367,1.063002676920013
Hidden confounder,199,Pooled unadjusted,1.5286230451497338,0.7755791675578542
Hidden confounder,199,Pooled available adjustment,1.5286230451497338,0.7755791675578542
Hidden confounder,199,Filtered hard gate,1.5106899371778915,1.1286401949673355
Hidden confounder,199,Filtered soft gate,1.2473423540934458,0.9964970796822408
Hidden confounder,199,Oracle state gate,1.0044180116390946,1.0021971076326226
Emission shift,0,Pooled unadjusted,2.595825942567342,1.2657906393109974
Emission shift,0,Pooled available adjustment,1.0766811332489754,1.0166590384186642
Emission shift,0,Filtered hard gate,3.3113512361728707,1.6526472526580065
Emission shift,0,Filtered soft gate,2.788255148062162,1.5835281161568637
Emission shift,0,Oracle state gate,2.1371582163874232e-05,0.004619306913023502
Emission shift,1,Pooled unadjusted,2.2223369428276585,1.1101067258726331
Emission shift,1,Pooled available adjustment,0.998778490342331,0.9993693598192892
Emission shift,1,Filtered hard gate,3.7901832163784195,1.8752410338257632
Emission shift,1,Filtered soft gate,3.2309004937270305,1.7513155394115993
Emission shift,1,Oracle state gate,0.0007731661054739744,0.02538509055638123
Emission shift,2,Pooled unadjusted,2.0234740564310236,1.0202441160972326
Emission shift,2,Pooled available adjustment,0.983507394687755,0.9785475237322975
Emission shift,2,Filtered hard gate,3.351464406300272,1.6924764970095336
Emission shift,2,Filtered soft gate,2.7991122478164687,1.5915073799731871
Emission shift,2,Oracle state gate,0.0009511283192709104,0.029618462455858356
Emission shift,3,Pooled unadjusted,1.579875154911122,0.9523413443729266
Emission shift,3,Pooled available adjustment,1.0933378622196392,1.0146722153598493
Emission shift,3,Filtered hard gate,3.370350847464113,1.694415362046217
Emission shift,3,Filtered soft gate,2.779535408966635,1.5881909682381228
Emission shift,3,Oracle state gate,0.001414504364626415,0.03638820203736738
Emission shift,4,Pooled unadjusted,2.5681430359850186,1.2648426921894353
Emission shift,4,Pooled available adjustment,1.026446453258557,1.0112322589357938
Emission shift,4,Filtered hard gate,3.600532814240644,1.807821166413214
Emission shift,4,Filtered soft gate,2.928632081456081,1.6518128467992
Emission shift,4,Oracle state gate,5.678804098025127e-05,0.007534493792080301
Emission shift,5,Pooled unadjusted,1.8747722523355457,1.076465153839616
Emission shift,5,Pooled available adjustment,1.0067101404766676,0.9809472771485348
Emission shift,5,Filtered hard gate,3.6207547792373034,1.7976385194182511
Emission shift,5,Filtered soft gate,2.921985542761721,1.645833766962136
Emission shift,5,Oracle state gate,0.00025698234737092326,0.014885860064844323
Emission shift,6,Pooled unadjusted,0.9455514895562525,0.7568568405954953
Emission shift,6,Pooled available adjustment,1.382920141338738,1.1298646478626304
Emission shift,6,Filtered hard gate,3.5188658305151748,1.7538691669646183
Emission shift,6,Filtered soft gate,2.914363617233083,1.633917906095711
Emission shift,6,Oracle state gate,0.002062584585706908,0.0450194034471692
Emission shift,7,Pooled unadjusted,1.9776874766533323,1.0078465053255663
Emission shift,7,Pooled available adjustment,1.0009322729030816,0.9996834896718999
Emission shift,7,Filtered hard gate,3.547245836849913,1.7741594706759998
Emission shift,7,Filtered soft gate,2.925088749998721,1.6453694680021307
Emission shift,7,Oracle state gate,0.0009564159892391564,0.030825566774898987
Emission shift,8,Pooled unadjusted,2.815795620646285,1.3493315458575348
Emission shift,8,Pooled available adjustment,1.0655914507298572,1.0136851582876312
Emission shift,8,Filtered hard gate,3.4580335008365175,1.7243895798465687
Emission shift,8,Filtered soft gate,2.8610748596583635,1.6154683183751513
Emission shift,8,Oracle state gate,4.1801324233607955e-05,0.006013427446594902
Emission shift,9,Pooled unadjusted,1.8516339021973356,0.9291382578482793
Emission shift,9,Pooled available adjustment,1.0026138483451488,1.0012409146877388
Emission shift,9,Filtered hard gate,3.5925784710402113,1.7899909431373027
Emission shift,9,Filtered soft gate,2.9781173725094656,1.6645678512698951
Emission shift,9,Oracle state gate,0.0003908868914030439,0.01844065790764802
Emission shift,10,Pooled unadjusted,2.0432754490262033,1.0216454615110875
Emission shift,10,Pooled available adjustment,0.999769372764963,0.9991658108821763
Emission shift,10,Filtered hard gate,3.477184145379124,1.7412701318411359
Emission shift,10,Filtered soft gate,2.865130672729076,1.6189612728373046
Emission shift,10,Oracle state gate,0.0005679174401337007,0.023830344931676857
Emission shift,11,Pooled unadjusted,2.4731465180767636,1.213732473849474
Emission shift,11,Pooled available adjustment,1.0582801928073868,1.0
Emission shift,11,Filtered hard gate,3.4310501459059553,1.7172349267199751
Emission shift,11,Filtered soft gate,2.892482653469112,1.6263740843618302
Emission shift,11,Oracle state gate,1.3718637469150513e-05,0.0034054921119650583
Emission shift,12,Pooled unadjusted,2.771726319217143,1.3514741282085811
Emission shift,12,Pooled available adjustment,1.0920878008497352,1.0349132765629798
Emission shift,12,Filtered hard gate,3.380847733383535,1.7031322578385317
Emission shift,12,Filtered soft gate,2.846397352081094,1.6055557709233959
Emission shift,12,Oracle state gate,0.0014911712481979408,0.0339463080343524
Emission shift,13,Pooled unadjusted,3.063859454843644,1.4595970179620272
Emission shift,13,Pooled available adjustment,1.1330442999744528,1.0487040653064823
Emission shift,13,Filtered hard gate,3.456975389576137,1.7321303888549273
Emission shift,13,Filtered soft gate,2.8257943573630246,1.6041070847088976
Emission shift,13,Oracle state gate,4.40557393271825e-05,0.006530635565586699
Emission shift,14,Pooled unadjusted,1.9906100432887528,1.000922596052638
Emission shift,14,Pooled available adjustment,0.9887881450219982,0.9892848583945484
Emission shift,14,Filtered hard gate,3.552391082322992,1.7898836249011916
Emission shift,14,Filtered soft gate,2.9348620912367145,1.655805336790169
Emission shift,14,Oracle state gate,0.0009136315501187027,0.028934485878221648
Emission shift,15,Pooled unadjusted,2.308854498243758,1.222949067185832
Emission shift,15,Pooled available adjustment,0.9659378481861789,0.9792209187218882
Emission shift,15,Filtered hard gate,3.6266626792928,1.8327502055467275
Emission shift,15,Filtered soft gate,3.0131718823072733,1.68833473230229
Emission shift,15,Oracle state gate,0.001859223728404659,0.034796126982244276
Emission shift,16,Pooled unadjusted,1.382433449346141,0.7422564054955908
Emission shift,16,Pooled available adjustment,1.0255967332363125,1.0118494490030276
Emission shift,16,Filtered hard gate,3.5000606757773784,1.743320299340703
Emission shift,16,Filtered soft gate,2.93355258020178,1.637303538948891
Emission shift,16,Oracle state gate,0.00011350163631498105,0.010453241377404136
Emission shift,17,Pooled unadjusted,1.85354675812104,0.9634190300861504
Emission shift,17,Pooled available adjustment,1.0054294511827595,1.0017064386215104
Emission shift,17,Filtered hard gate,3.6041645637131983,1.7970264962514815
Emission shift,17,Filtered soft gate,2.8937954932862486,1.6386769730475017
Emission shift,17,Oracle state gate,0.00047070736152089737,0.019946418901078268
Emission shift,18,Pooled unadjusted,1.7655378488118079,0.8836933001962886
Emission shift,18,Pooled available adjustment,0.9927524892127937,0.995803608675437
Emission shift,18,Filtered hard gate,3.7433813053432154,1.8520192610144255
Emission shift,18,Filtered soft gate,3.084747858672574,1.707289912512058
Emission shift,18,Oracle state gate,0.0008524180099866121,0.026626436099352644
Emission shift,19,Pooled unadjusted,2.7068677266372148,1.311263408563365
Emission shift,19,Pooled available adjustment,1.041000812914434,1.0133725223978578
Emission shift,19,Filtered hard gate,3.311643948540861,1.6786110371281793
Emission shift,19,Filtered soft gate,2.7138396060113017,1.5650983254907715
Emission shift,19,Oracle state gate,0.0006871459882509096,0.020495786235613097
Emission shift,20,Pooled unadjusted,2.733102819827608,1.3224896293837654
Emission shift,20,Pooled available adjustment,1.0951779803875357,1.0261132009049057
Emission shift,20,Filtered hard gate,3.585631082399769,1.7710143420890954
Emission shift,20,Filtered soft gate,2.8986862346739706,1.6285779157992641
Emission shift,20,Oracle state gate,0.0009125462299025,0.029959095974554487
Emission shift,21,Pooled unadjusted,1.8353293769923942,1.081941795555253
Emission shift,21,Pooled available adjustment,1.0047478696019918,0.9778559193011609
Emission shift,21,Filtered hard gate,3.3965039033771247,1.714286113482072
Emission shift,21,Filtered soft gate,2.7547023655794747,1.5847531085177229
Emission shift,21,Oracle state gate,0.0003838292695587043,0.017989071283350415
Emission shift,22,Pooled unadjusted,2.3995772751877746,1.1906020641624024
Emission shift,22,Pooled available adjustment,1.0367030031239808,0.9507157849200725
Emission shift,22,Filtered hard gate,3.6101787890306185,1.807353546635331
Emission shift,22,Filtered soft gate,2.9823470224413495,1.6735628226987855
Emission shift,22,Oracle state gate,7.354283386287799e-05,0.008569295762677764
Emission shift,23,Pooled unadjusted,2.0220136012399346,1.0798594491752265
Emission shift,23,Pooled available adjustment,0.9957660389201984,0.9974399528382509
Emission shift,23,Filtered hard gate,3.4001728742358783,1.7294633196870086
Emission shift,23,Filtered soft gate,2.7926251241974933,1.6041698969105853
Emission shift,23,Oracle state gate,0.0009700826600100129,0.030842087437201997
Emission shift,24,Pooled unadjusted,1.890147978392768,0.9556421811498106
Emission shift,24,Pooled available adjustment,0.9781538155726119,0.9822867857488148
Emission shift,24,Filtered hard gate,3.4702363845800837,1.7479340054189825
Emission shift,24,Filtered soft gate,2.8669687655636085,1.628981379288494
Emission shift,24,Oracle state gate,0.00042506352540155423,0.018863495533293327
Emission shift,25,Pooled unadjusted,1.4263639873604608,0.8606038499120068
Emission shift,25,Pooled available adjustment,1.0892723573314098,1.0291830713232453
Emission shift,25,Filtered hard gate,3.459227194407505,1.7260259845338277
Emission shift,25,Filtered soft gate,2.8518268211709747,1.6137982764383163
Emission shift,25,Oracle state gate,0.00015377924725398125,0.010114090084438601
Emission shift,26,Pooled unadjusted,1.7389210756798128,0.8743689585522879
Emission shift,26,Pooled available adjustment,0.998988574590343,0.9994891910892474
Emission shift,26,Filtered hard gate,3.4562411064536427,1.7356629002523494
Emission shift,26,Filtered soft gate,2.8010211875488578,1.5980953598260759
Emission shift,26,Oracle state gate,0.0004347185937446245,0.02071552093096581
Emission shift,27,Pooled unadjusted,2.08404461615354,1.0418678496592266
Emission shift,27,Pooled available adjustment,1.004829201499447,0.9955462652998642
Emission shift,27,Filtered hard gate,3.4024233432462463,1.6860730167169136
Emission shift,27,Filtered soft gate,2.7994500938617994,1.577203895359256
Emission shift,27,Oracle state gate,0.0006338961607906302,0.020955783160734646
Emission shift,28,Pooled unadjusted,2.1490685188917746,1.2305754290744264
Emission shift,28,Pooled available adjustment,0.9387111340003433,0.957875179968858
Emission shift,28,Filtered hard gate,3.628973878446589,1.812377892460187
Emission shift,28,Filtered soft gate,3.061573810193218,1.6914090321304893
Emission shift,28,Oracle state gate,0.0001994153921991798,0.012606111489927099
Emission shift,29,Pooled unadjusted,2.348181354656583,1.1737824988713128
Emission shift,29,Pooled available adjustment,0.9988951666162064,0.9994423271044384
Emission shift,29,Filtered hard gate,3.485418789376319,1.7271772009599347
Emission shift,29,Filtered soft gate,2.946058865688389,1.6315867679120097
Emission shift,29,Oracle state gate,0.001142301871657459,0.028880279842662882
Emission shift,30,Pooled unadjusted,1.8628665943972376,1.050617475707434
Emission shift,30,Pooled available adjustment,1.007592036516608,0.9905650769365878
Emission shift,30,Filtered hard gate,3.5381483582364064,1.766162317221959
Emission shift,30,Filtered soft gate,2.8794635434243934,1.6284840726245227
Emission shift,30,Oracle state gate,0.0009995932572868706,0.03125426371820844
Emission shift,31,Pooled unadjusted,2.135402669417382,1.0763394768461214
Emission shift,31,Pooled available adjustment,0.9864085614943094,0.9620710810874216
Emission shift,31,Filtered hard gate,3.191337298976878,1.631954899795447
Emission shift,31,Filtered soft gate,2.6287605025988916,1.5308605943226268
Emission shift,31,Oracle state gate,0.0017533840602542952,0.029848537971207078
Emission shift,32,Pooled unadjusted,2.0018291425291515,1.1450966411958188
Emission shift,32,Pooled available adjustment,0.9710067510905007,0.9745965239218747
Emission shift,32,Filtered hard gate,3.4314375803043875,1.7382255944226868
Emission shift,32,Filtered soft gate,2.8290512257172513,1.6170932273739163
Emission shift,32,Oracle state gate,0.0004981819432545943,0.018368956505540414
Emission shift,33,Pooled unadjusted,2.0289782537642105,1.14880493641414
Emission shift,33,Pooled available adjustment,0.9713279920242148,0.9766926772435757
Emission shift,33,Filtered hard gate,3.698354944747105,1.8120807878446825
Emission shift,33,Filtered soft gate,3.0747101384320756,1.6811711244350076
Emission shift,33,Oracle state gate,0.001979888567927701,0.04379332664277519
Emission shift,34,Pooled unadjusted,1.5060848099575979,0.8684442425910215
Emission shift,34,Pooled available adjustment,1.0478329593965607,1.017280542812066
Emission shift,34,Filtered hard gate,3.5603092520104345,1.7721990240671646
Emission shift,34,Filtered soft gate,2.992506126288122,1.660824533829272
Emission shift,34,Oracle state gate,0.0007861286822264205,0.02696602409555355
Emission shift,35,Pooled unadjusted,2.1357534254262873,1.0674049959721414
Emission shift,35,Pooled available adjustment,1.0065029492946604,1.0024308057057725
Emission shift,35,Filtered hard gate,3.4702889176341842,1.729651804846943
Emission shift,35,Filtered soft gate,2.841980325110252,1.604876349537791
Emission shift,35,Oracle state gate,9.033525423655346e-05,0.008232363033775593
Emission shift,36,Pooled unadjusted,1.56446048967476,0.8308814991974173
Emission shift,36,Pooled available adjustment,1.0304414246149514,1.012682450765191
Emission shift,36,Filtered hard gate,3.6147578250364276,1.81178518120841
Emission shift,36,Filtered soft gate,3.0045413996787946,1.6793968349966522
Emission shift,36,Oracle state gate,0.0001507660466507184,0.012194729419783475
Emission shift,37,Pooled unadjusted,1.870415254600664,0.9428209027173001
Emission shift,37,Pooled available adjustment,0.9944784400340432,0.9969951343312766
Emission shift,37,Filtered hard gate,3.6991894115624087,1.8243534906037466
Emission shift,37,Filtered soft gate,3.006549649372823,1.67152399572637
Emission shift,37,Oracle state gate,0.001570866984721501,0.03611233443016148
Emission shift,38,Pooled unadjusted,2.257735964312669,1.1215756614302352
Emission shift,38,Pooled available adjustment,1.0139809952831431,1.0014709406334648
Emission shift,38,Filtered hard gate,3.5636133370468803,1.7821907078084567
Emission shift,38,Filtered soft gate,3.0406279692924043,1.6763029039928565
Emission shift,38,Oracle state gate,0.0004642450151373603,0.02150053626205616
Emission shift,39,Pooled unadjusted,2.0429138053673577,1.1528358007403525
Emission shift,39,Pooled available adjustment,0.9708253920357883,0.9772327021516878
Emission shift,39,Filtered hard gate,3.381160072187584,1.730430976345861
Emission shift,39,Filtered soft gate,2.8287919984896184,1.6173036110842671
Emission shift,39,Oracle state gate,0.002583705358388103,0.047007627260031486
Emission shift,40,Pooled unadjusted,2.821518614415223,1.3517746167224864
Emission shift,40,Pooled available adjustment,1.1234330728130582,0.9669052957011461
Emission shift,40,Filtered hard gate,3.6377459873241995,1.799247286930153
Emission shift,40,Filtered soft gate,2.9283275611113946,1.646189681525158
Emission shift,40,Oracle state gate,0.0012797789857646484,0.027795227510258133
Emission shift,41,Pooled unadjusted,2.309595379849671,1.1907488884089665
Emission shift,41,Pooled available adjustment,0.9798692413491433,0.9881409694432414
Emission shift,41,Filtered hard gate,3.5304184783713723,1.7585618648335193
Emission shift,41,Filtered soft gate,2.889388135943788,1.6274419086979837
Emission shift,41,Oracle state gate,0.0049434095534975795,0.07025566638278495
Emission shift,42,Pooled unadjusted,1.8358524270504302,1.0399926830907678
Emission shift,42,Pooled available adjustment,1.0077809789665522,0.99330775618075
Emission shift,42,Filtered hard gate,3.3359362145341263,1.6873754507417529
Emission shift,42,Filtered soft gate,2.6976160955543484,1.56188113193186
Emission shift,42,Oracle state gate,0.0027058626458351612,0.05080845005817554
Emission shift,43,Pooled unadjusted,1.6206748825821478,0.9359680247880727
Emission shift,43,Pooled available adjustment,1.0449100019826567,1.0111346516084416
Emission shift,43,Filtered hard gate,3.6792515871664344,1.8211864091553456
Emission shift,43,Filtered soft gate,3.0299263648748527,1.6770521592447316
Emission shift,43,Oracle state gate,0.0011488655818398183,0.026093264376831782
Emission shift,44,Pooled unadjusted,2.4113149150869604,1.2034030559571307
Emission shift,44,Pooled available adjustment,0.9946192114066441,0.9972035374116553
Emission shift,44,Filtered hard gate,3.5290067434244494,1.7729111750598094
Emission shift,44,Filtered soft gate,2.999004349647299,1.669243283281675
Emission shift,44,Oracle state gate,0.00023983280295513493,0.014892103356802248
Emission shift,45,Pooled unadjusted,2.012625627633571,1.0063903952411164
Emission shift,45,Pooled available adjustment,0.9998578822056404,0.999701233700536
Emission shift,45,Filtered hard gate,3.6479890027697985,1.8003399598710719
Emission shift,45,Filtered soft gate,3.0270254664260774,1.6712287511143367
Emission shift,45,Oracle state gate,0.000917212134597599,0.030194429947946105
Emission shift,46,Pooled unadjusted,2.0857915492061054,1.1048336858233345
Emission shift,46,Pooled available adjustment,0.9911393547566979,0.9942533525778802
Emission shift,46,Filtered hard gate,3.6273562665922117,1.8169578965668698
Emission shift,46,Filtered soft gate,2.964633102352,1.6695211976527076
Emission shift,46,Oracle state gate,0.0001590161998809783,0.012588963584745332
Emission shift,47,Pooled unadjusted,1.7987611732788824,1.0517007052929799
Emission shift,47,Pooled available adjustment,1.007776291529739,0.9894725577252205
Emission shift,47,Filtered hard gate,3.741469952199531,1.8375167585635785
Emission shift,47,Filtered soft gate,3.1558418757833415,1.7178479881589481
Emission shift,47,Oracle state gate,0.0019553099612348696,0.04233547488352518
Emission shift,48,Pooled unadjusted,1.8455373427284818,1.0215002606754768
Emission shift,48,Pooled available adjustment,1.001298743480451,0.9983848406066729
Emission shift,48,Filtered hard gate,3.261426693127024,1.6411004930946984
Emission shift,48,Filtered soft gate,2.6640489443074,1.5443102935734896
Emission shift,48,Oracle state gate,0.00013645152933932603,0.010903303670127196
Emission shift,49,Pooled unadjusted,2.39901906167822,1.1865306829906335
Emission shift,49,Pooled available adjustment,1.0092730705923225,0.9785144249971091
Emission shift,49,Filtered hard gate,3.508115117788644,1.7636674111076018
Emission shift,49,Filtered soft gate,2.923319686818667,1.6446019330170976
Emission shift,49,Oracle state gate,0.0003484703523069299,0.016893230131947448
Emission shift,50,Pooled unadjusted,2.062766938609367,1.033279700085784
Emission shift,50,Pooled available adjustment,0.9963828983537074,0.9976072299322492
Emission shift,50,Filtered hard gate,3.420569748226145,1.7124702569255872
Emission shift,50,Filtered soft gate,2.7975821592670282,1.5936768492212399
Emission shift,50,Oracle state gate,6.317694842653281e-06,0.002309563623511757
Emission shift,51,Pooled unadjusted,2.69690137557567,1.3295327658902092
Emission shift,51,Pooled available adjustment,1.057806056250938,1.0246197665871752
Emission shift,51,Filtered hard gate,3.537436755616686,1.7633237239590644
Emission shift,51,Filtered soft gate,2.852561203857124,1.6226828718731081
Emission shift,51,Oracle state gate,7.026931000857076e-05,0.0070295332598015355
Emission shift,52,Pooled unadjusted,1.6386484178337866,0.9951689359710201
Emission shift,52,Pooled available adjustment,1.0329721553273705,1.0010540887999542
Emission shift,52,Filtered hard gate,3.5062349158615045,1.7563865749474648
Emission shift,52,Filtered soft gate,2.937592076651719,1.6466563332061346
Emission shift,52,Oracle state gate,0.00023227538983340934,0.01519941387659857
Emission shift,53,Pooled unadjusted,1.4056967704685386,0.7101357088632827
Emission shift,53,Pooled available adjustment,0.965802048351387,0.9807215707456765
Emission shift,53,Filtered hard gate,3.624399758727341,1.798826448868732
Emission shift,53,Filtered soft gate,2.989908222004994,1.6623343250230385
Emission shift,53,Oracle state gate,0.0007850240948144757,0.025262528264224877
Emission shift,54,Pooled unadjusted,1.933663171807661,1.0595659173084957
Emission shift,54,Pooled available adjustment,0.9997855507122837,0.9913965778520722
Emission shift,54,Filtered hard gate,3.3034300000606964,1.6706984348543483
Emission shift,54,Filtered soft gate,2.678449368908981,1.5564454309888411
Emission shift,54,Oracle state gate,0.00047290551860506116,0.017301293750577557
Emission shift,55,Pooled unadjusted,3.0014726237088953,1.5248606550479724
Emission shift,55,Pooled available adjustment,0.9449169333788907,0.9710063138813999
Emission shift,55,Filtered hard gate,3.6083347589762225,1.806538333109742
Emission shift,55,Filtered soft gate,2.9207323307623727,1.652924331559408
Emission shift,55,Oracle state gate,0.0012037347697220696,0.03248984009494162
Emission shift,56,Pooled unadjusted,2.4970168355382794,1.2245476044394026
Emission shift,56,Pooled available adjustment,1.0328324895676455,1.006898469232759
Emission shift,56,Filtered hard gate,3.7001104219629157,1.8174640185309276
Emission shift,56,Filtered soft gate,2.9947568468104215,1.659145602798686
Emission shift,56,Oracle state gate,0.0028693805047607032,0.043809556877907094
Emission shift,57,Pooled unadjusted,2.8184697738997047,1.3541956187714181
Emission shift,57,Pooled available adjustment,1.074287170754857,1.0217543233695412
Emission shift,57,Filtered hard gate,3.4976285792576034,1.7709474106711949
Emission shift,57,Filtered soft gate,2.922964781851272,1.6488596017394501
Emission shift,57,Oracle state gate,0.0025007281964259764,0.04360078332838029
Emission shift,58,Pooled unadjusted,2.5550433157143284,1.2629502427706043
Emission shift,58,Pooled available adjustment,1.0425027036983756,1.0174465677646198
Emission shift,58,Filtered hard gate,3.529863085729255,1.7754198693578205
Emission shift,58,Filtered soft gate,2.8821076598236246,1.6356649349254317
Emission shift,58,Oracle state gate,0.00010397632336335985,0.00801763928269812
Emission shift,59,Pooled unadjusted,1.1616309770597846,0.7110557179801477
Emission shift,59,Pooled available adjustment,1.1140771175626023,1.0471800977796109
Emission shift,59,Filtered hard gate,3.391642960040064,1.726026863888858
Emission shift,59,Filtered soft gate,2.8254973423213823,1.6128104064541726
Emission shift,59,Oracle state gate,0.001602150880567171,0.038501125759710535
Emission shift,60,Pooled unadjusted,1.4676500476956553,0.9436237226217635
Emission shift,60,Pooled available adjustment,1.114073028250302,1.0201101384092766
Emission shift,60,Filtered hard gate,3.608021471654829,1.8121554620500087
Emission shift,60,Filtered soft gate,2.9589670997319564,1.6634614324148196
Emission shift,60,Oracle state gate,0.0026857897137425733,0.05105903400501802
Emission shift,61,Pooled unadjusted,1.2155172781911623,0.7468033396149089
Emission shift,61,Pooled available adjustment,1.0740720193688489,1.0314625457391675
Emission shift,61,Filtered hard gate,3.7163804574445787,1.8192061948175495
Emission shift,61,Filtered soft gate,3.1125046525692635,1.6935347992257725
Emission shift,61,Oracle state gate,0.0016081227423281673,0.035584997763915154
Emission shift,62,Pooled unadjusted,2.0198100907659415,1.086500859912669
Emission shift,62,Pooled available adjustment,0.9912616434938203,0.9902351416085332
Emission shift,62,Filtered hard gate,3.4951359129204773,1.758749909391997
Emission shift,62,Filtered soft gate,2.89153989488121,1.6365502500922224
Emission shift,62,Oracle state gate,0.00018760719944210653,0.010012956400897657
Emission shift,63,Pooled unadjusted,1.6609984686955335,0.8715471695183994
Emission shift,63,Pooled available adjustment,0.9162892082503299,0.9397135548479688
Emission shift,63,Filtered hard gate,3.4449560566786657,1.7292887299562971
Emission shift,63,Filtered soft gate,2.8617408126109525,1.6233386753488661
Emission shift,63,Oracle state gate,0.0001507963185201217,0.010874949632137676
Emission shift,64,Pooled unadjusted,2.064667559754227,1.0833864291591822
Emission shift,64,Pooled available adjustment,0.9940525885960858,0.9959859841940804
Emission shift,64,Filtered hard gate,3.3487604620219877,1.710174298267344
Emission shift,64,Filtered soft gate,2.8012690126754864,1.6009944921072827
Emission shift,64,Oracle state gate,0.00142550255864016,0.03452480027207404
Emission shift,65,Pooled unadjusted,2.827270156758257,1.362165245760681
Emission shift,65,Pooled available adjustment,1.0984104547073457,1.031560035073422
Emission shift,65,Filtered hard gate,3.4560689969413287,1.7430870246798367
Emission shift,65,Filtered soft gate,2.7764722261645822,1.596670794671034
Emission shift,65,Oracle state gate,0.0008389005820447036,0.027445049206602665
Emission shift,66,Pooled unadjusted,1.652799529920543,0.8496181312444604
Emission shift,66,Pooled available adjustment,1.0068507640894035,1.0032083640063103
Emission shift,66,Filtered hard gate,3.517848790752233,1.7574699574571746
Emission shift,66,Filtered soft gate,2.896632528213802,1.6345404870883755
Emission shift,66,Oracle state gate,9.176758978853263e-05,0.008673376443822961
Emission shift,67,Pooled unadjusted,1.7607453389091396,0.9839729281410751
Emission shift,67,Pooled available adjustment,1.019741831455522,1.002225770458608
Emission shift,67,Filtered hard gate,3.4976649286328083,1.7514013618288726
Emission shift,67,Filtered soft gate,2.9092512418935184,1.6329029705555218
Emission shift,67,Oracle state gate,6.398606328495866e-05,0.007853276326198722
Emission shift,68,Pooled unadjusted,1.6061905820745472,0.8112795954999404
Emission shift,68,Pooled available adjustment,0.9755462547107773,0.9858463153685646
Emission shift,68,Filtered hard gate,3.5110744749466805,1.7499904837126254
Emission shift,68,Filtered soft gate,2.9086822964665147,1.6353179333492451
Emission shift,68,Oracle state gate,9.977249171775979e-05,0.009352363374425571
Emission shift,69,Pooled unadjusted,1.7539831432704267,0.8893982798287446
Emission shift,69,Pooled available adjustment,1.0120738819202935,1.0050288970522265
Emission shift,69,Filtered hard gate,3.470433285392167,1.7519125700262057
Emission shift,69,Filtered soft gate,2.875178038796813,1.6259240488178122
Emission shift,69,Oracle state gate,0.0024677156383831173,0.04639099868913603
Emission shift,70,Pooled unadjusted,1.2836365813607253,0.8503546335289388
Emission shift,70,Pooled available adjustment,1.1456128485626254,1.0456652241013522
Emission shift,70,Filtered hard gate,3.3998367795755313,1.7336530533510146
Emission shift,70,Filtered soft gate,2.7799348377118047,1.6044750354083268
Emission shift,70,Oracle state gate,0.0031855593952558677,0.046767335045232575
Emission shift,71,Pooled unadjusted,2.071398915781698,1.035101403622707
Emission shift,71,Pooled available adjustment,1.0045286640251774,1.0003693737841872
Emission shift,71,Filtered hard gate,3.806189505895053,1.8668754504569616
Emission shift,71,Filtered soft gate,3.134975420765941,1.7130649734844103
Emission shift,71,Oracle state gate,0.001895954396439729,0.04290514356350596
Emission shift,72,Pooled unadjusted,1.2276723564433696,0.7275069064441358
Emission shift,72,Pooled available adjustment,1.107924869772169,1.043924247846955
Emission shift,72,Filtered hard gate,3.4727818223432734,1.748531957660893
Emission shift,72,Filtered soft gate,2.903811126636543,1.6358105888089987
Emission shift,72,Oracle state gate,0.00010614695798459983,0.009529628922904806
Emission shift,73,Pooled unadjusted,1.607849754479195,0.8138812008513603
Emission shift,73,Pooled available adjustment,1.0270131052291613,1.011602240820959
Emission shift,73,Filtered hard gate,3.3859136580911313,1.7017226009344617
Emission shift,73,Filtered soft gate,2.8170581700570487,1.6036044457785645
Emission shift,73,Oracle state gate,6.867867799150359e-05,0.008134130267993004
Emission shift,74,Pooled unadjusted,3.183417871391167,1.515804034626894
Emission shift,74,Pooled available adjustment,1.1930627866630756,1.073127173171159
Emission shift,74,Filtered hard gate,3.7114161012889118,1.8412609665881063
Emission shift,74,Filtered soft gate,3.1173443768987825,1.7108577309380766
Emission shift,74,Oracle state gate,0.0002696315389483859,0.0127502730808014
Emission shift,75,Pooled unadjusted,2.1265342454576586,1.0750956512615113
Emission shift,75,Pooled available adjustment,0.9997422411740897,0.9998696497430801
Emission shift,75,Filtered hard gate,3.4519914200630275,1.7122740400684295
Emission shift,75,Filtered soft gate,2.796180783102499,1.5820152690827836
Emission shift,75,Oracle state gate,0.00044016574659260394,0.017188153793371498
Emission shift,76,Pooled unadjusted,2.6140560280837786,1.274869416090832
Emission shift,76,Pooled available adjustment,1.0265949211446392,1.00938118288179
Emission shift,76,Filtered hard gate,3.38817788989937,1.7194386519284413
Emission shift,76,Filtered soft gate,2.7734098349297116,1.5987822245327656
Emission shift,76,Oracle state gate,0.000801529701248518,0.020161052101612828
Emission shift,77,Pooled unadjusted,0.8381854817954675,0.5317593906592598
Emission shift,77,Pooled available adjustment,1.1681704282589416,1.0743257612473789
Emission shift,77,Filtered hard gate,3.4495498025370295,1.7479054844808792
Emission shift,77,Filtered soft gate,2.867815488562961,1.6284818561586096
Emission shift,77,Oracle state gate,0.00023383970181844194,0.008530109090950304
Emission shift,78,Pooled unadjusted,3.2808511636566897,1.5493763789527353
Emission shift,78,Pooled available adjustment,1.1180006365460882,1.0489804281209045
Emission shift,78,Filtered hard gate,3.369379952925593,1.7026773783822415
Emission shift,78,Filtered soft gate,2.8209126880257953,1.5983106625814545
Emission shift,78,Oracle state gate,0.00019488681640875992,0.010918103739751132
Emission shift,79,Pooled unadjusted,2.1117525747810886,1.058578563348554
Emission shift,79,Pooled available adjustment,1.0044450403258687,0.9803311207742642
Emission shift,79,Filtered hard gate,3.273739820330361,1.6451958104982072
Emission shift,79,Filtered soft gate,2.6497921476574073,1.536959901986409
Emission shift,79,Oracle state gate,0.00015674242705034018,0.00937879659991375
Emission shift,80,Pooled unadjusted,1.693010278125309,0.873937227794599
Emission shift,80,Pooled available adjustment,0.9503495142167488,0.9678877804040996
Emission shift,80,Filtered hard gate,3.442045224283185,1.7357276795499001
Emission shift,80,Filtered soft gate,2.940124209656277,1.6422787421989433
Emission shift,80,Oracle state gate,0.00032769089194277046,0.01727129709756471
Emission shift,81,Pooled unadjusted,2.0400151149174404,1.0266153685375257
Emission shift,81,Pooled available adjustment,0.9862995242205785,0.9843118142820743
Emission shift,81,Filtered hard gate,3.389321266838502,1.7282088679488392
Emission shift,81,Filtered soft gate,2.8129400521684116,1.610962568545974
Emission shift,81,Oracle state gate,0.0011418567799728841,0.03375136934405599
Emission shift,82,Pooled unadjusted,2.1796634498124647,1.0869348875680023
Emission shift,82,Pooled available adjustment,1.0174396920091549,1.0040562502269361
Emission shift,82,Filtered hard gate,3.6929525301420307,1.823699996136932
Emission shift,82,Filtered soft gate,3.0145350311947885,1.6721915194473982
Emission shift,82,Oracle state gate,0.0020989279482755033,0.03725396020735124
Emission shift,83,Pooled unadjusted,2.1664521615551795,1.1177169329853576
Emission shift,83,Pooled available adjustment,0.9976005294686708,0.9987475713185127
Emission shift,83,Filtered hard gate,3.635611309549737,1.802675753522225
Emission shift,83,Filtered soft gate,3.0567382428461225,1.6883390430329273
Emission shift,83,Oracle state gate,0.00035475252347946264,0.016463408437327763
Emission shift,84,Pooled unadjusted,1.956202648057195,0.9921827694821127
Emission shift,84,Pooled available adjustment,0.9724404319945154,0.9674455348271583
Emission shift,84,Filtered hard gate,3.280191440218273,1.6594109013316318
Emission shift,84,Filtered soft gate,2.7408027186369948,1.55618642502511
Emission shift,84,Oracle state gate,0.0017703914841401334,0.041123821844053624
Emission shift,85,Pooled unadjusted,2.103874628352526,1.0595419722693955
Emission shift,85,Pooled available adjustment,0.9964771987170068,0.9969271768026227
Emission shift,85,Filtered hard gate,3.5846029584454553,1.7632114769557217
Emission shift,85,Filtered soft gate,2.942517395741571,1.6355463325310602
Emission shift,85,Oracle state gate,0.0015469073836865284,0.03930798087624182
Emission shift,86,Pooled unadjusted,2.053951972911654,1.0267794178457483
Emission shift,86,Pooled available adjustment,1.001209889438609,0.9989710317892916
Emission shift,86,Filtered hard gate,3.602274599164252,1.7737323056923473
Emission shift,86,Filtered soft gate,2.9703956069760293,1.6470884724927504
Emission shift,86,Oracle state gate,0.0014625054527470877,0.03553437602443203
Emission shift,87,Pooled unadjusted,1.3714491587792381,0.8852735480290439
Emission shift,87,Pooled available adjustment,1.0867187677138839,1.0268737931440621
Emission shift,87,Filtered hard gate,3.4639555069062764,1.7323074270029633
Emission shift,87,Filtered soft gate,2.816758944115535,1.605598779584212
Emission shift,87,Oracle state gate,9.925902132196887e-05,0.009955640354321253
Emission shift,88,Pooled unadjusted,2.558124526914601,1.2600430654999857
Emission shift,88,Pooled available adjustment,1.0513953464043773,1.0193618168184688
Emission shift,88,Filtered hard gate,3.6140616404557178,1.780183453716466
Emission shift,88,Filtered soft gate,3.0244159862738043,1.6596804464968582
Emission shift,88,Oracle state gate,0.0033101146339382763,0.047685707657887
Emission shift,89,Pooled unadjusted,2.7381299156133947,1.3186379016293273
Emission shift,89,Pooled available adjustment,1.0710750615556321,1.006288461042436
Emission shift,89,Filtered hard gate,3.765495208272987,1.8721912053908167
Emission shift,89,Filtered soft gate,3.192886453881478,1.7407013067634132
Emission shift,89,Oracle state gate,0.0010813917973413068,0.029806366641132367
Emission shift,90,Pooled unadjusted,1.9235388054963327,1.024319383744114
Emission shift,90,Pooled available adjustment,0.9993496572240217,0.999455697697165
Emission shift,90,Filtered hard gate,3.3445939468012376,1.6919634912137393
Emission shift,90,Filtered soft gate,2.7933681544987956,1.5866933603004343
Emission shift,90,Oracle state gate,0.00039648806601430076,0.019907717690046088
Emission shift,91,Pooled unadjusted,1.448358391953191,0.9463271996448114
Emission shift,91,Pooled available adjustment,1.0917583980529426,1.0172336134212911
Emission shift,91,Filtered hard gate,3.4968101623273107,1.7428888133651488
Emission shift,91,Filtered soft gate,2.8694508700631727,1.6236622916839614
Emission shift,91,Oracle state gate,0.00029494061753217117,0.014337573300712147
Emission shift,92,Pooled unadjusted,2.186262278873189,1.0910354159573323
Emission shift,92,Pooled available adjustment,1.002171499860493,1.000970722750317
Emission shift,92,Filtered hard gate,3.5460323105704274,1.7770470527874798
Emission shift,92,Filtered soft gate,2.972913848064445,1.6608667288535925
Emission shift,92,Oracle state gate,0.0011532730635242401,0.03382461009794746
Emission shift,93,Pooled unadjusted,1.3076254237911518,0.760545794426034
Emission shift,93,Pooled available adjustment,1.084834426186827,1.0343326427400708
Emission shift,93,Filtered hard gate,3.6514086819508527,1.7954060120893969
Emission shift,93,Filtered soft gate,3.046702376539005,1.6756971454177096
Emission shift,93,Oracle state gate,0.0012312190537535285,0.022230650757426248
Emission shift,94,Pooled unadjusted,1.777924121431496,0.9999999999999999
Emission shift,94,Pooled available adjustment,1.024919391954727,1.0
Emission shift,94,Filtered hard gate,3.480974468841954,1.7643532605747136
Emission shift,94,Filtered soft gate,2.923153313566537,1.6480597219007809
Emission shift,94,Oracle state gate,0.001324513098803178,0.026238080106965492
Emission shift,95,Pooled unadjusted,1.6057198671820276,1.0351244248932199
Emission shift,95,Pooled available adjustment,1.0782917055741637,0.984069096256197
Emission shift,95,Filtered hard gate,3.412442000956528,1.7069162939575189
Emission shift,95,Filtered soft gate,2.766432859597445,1.5783373997895067
Emission shift,95,Oracle state gate,0.00015917255603537469,0.012477550839510321
Emission shift,96,Pooled unadjusted,1.6734913072726352,1.0237363994233202
Emission shift,96,Pooled available adjustment,1.0220405385880795,0.9945561596936873
Emission shift,96,Filtered hard gate,3.4980616180697615,1.7685157805836538
Emission shift,96,Filtered soft gate,2.896432215859517,1.6413964443576847
Emission shift,96,Oracle state gate,0.0004288715007137584,0.020092791410504504
Emission shift,97,Pooled unadjusted,2.2683491880937225,1.1268510052769722
Emission shift,97,Pooled available adjustment,1.0222921169357528,0.9927015185664974
Emission shift,97,Filtered hard gate,3.704536279700959,1.8316465843460454
Emission shift,97,Filtered soft gate,3.074340419749481,1.6923681649755145
Emission shift,97,Oracle state gate,0.0007633505778597718,0.025932727705751165
Emission shift,98,Pooled unadjusted,2.3170863442094363,1.1500271058585685
Emission shift,98,Pooled available adjustment,1.026847363836961,1.0078282376847079
Emission shift,98,Filtered hard gate,3.399924789490933,1.693809637273837
Emission shift,98,Filtered soft gate,2.7279002785040656,1.5594835116846653
Emission shift,98,Oracle state gate,0.0001563829734560774,0.009527055533625262
Emission shift,99,Pooled unadjusted,1.791015016961577,0.9221615222127874
Emission shift,99,Pooled available adjustment,1.0164921137883098,1.005704112038691
Emission shift,99,Filtered hard gate,3.2236106392141037,1.6685423581240346
Emission shift,99,Filtered soft gate,2.7082039239465203,1.5753708364394128
Emission shift,99,Oracle state gate,0.003779008132981418,0.06049879723473246
Emission shift,100,Pooled unadjusted,1.7163151817762226,0.8725016800993697
Emission shift,100,Pooled available adjustment,0.9611109701754136,0.9715525020402446
Emission shift,100,Filtered hard gate,3.450489177979919,1.7352508344650461
Emission shift,100,Filtered soft gate,2.8596030879057115,1.6247169782293718
Emission shift,100,Oracle state gate,0.0001817766203540712,0.011888218526826776
Emission shift,101,Pooled unadjusted,2.4862240786430316,1.2249996239358731
Emission shift,101,Pooled available adjustment,1.0441179828097895,0.9565714114628188
Emission shift,101,Filtered hard gate,3.700638353488798,1.81633626877392
Emission shift,101,Filtered soft gate,3.00598187758714,1.6656940736126127
Emission shift,101,Oracle state gate,0.001747485382087008,0.0416016673122586
Emission shift,102,Pooled unadjusted,2.1998899212942056,1.104560510472018
Emission shift,102,Pooled available adjustment,0.995907640889947,0.9618340954645102
Emission shift,102,Filtered hard gate,3.388741677466866,1.7386840611313354
Emission shift,102,Filtered soft gate,2.794390274890012,1.6087274668048368
Emission shift,102,Oracle state gate,0.0019551495057072267,0.043905797373441295
Emission shift,103,Pooled unadjusted,2.5587229090058243,1.347559350581078
Emission shift,103,Pooled available adjustment,0.9585076139413833,0.9774334471202766
Emission shift,103,Filtered hard gate,3.4543687965040957,1.751605139130216
Emission shift,103,Filtered soft gate,2.877846595019251,1.6332029935043801
Emission shift,103,Oracle state gate,0.0009259162139552099,0.028334821164336287
Emission shift,104,Pooled unadjusted,2.426574424406378,1.3194881933463252
Emission shift,104,Pooled available adjustment,0.9375245452611257,0.96367025820615
Emission shift,104,Filtered hard gate,3.5118190071678113,1.7557169280794505
Emission shift,104,Filtered soft gate,2.8890461526487714,1.6271642076977524
Emission shift,104,Oracle state gate,0.0014307612122340717,0.034865164733306926
Emission shift,105,Pooled unadjusted,1.7789754935755153,1.0938165276085543
Emission shift,105,Pooled available adjustment,0.9985971770560099,0.970950766528516
Emission shift,105,Filtered hard gate,3.47161402635758,1.7357145142776305
Emission shift,105,Filtered soft gate,2.88217624882109,1.6213290660323605
Emission shift,105,Oracle state gate,4.171154916689231e-05,0.006210733974011275
Emission shift,106,Pooled unadjusted,2.540734108702366,1.2439686928143994
Emission shift,106,Pooled available adjustment,1.0684785985059952,1.0157629355927906
Emission shift,106,Filtered hard gate,3.4230102713482284,1.6994603659453107
Emission shift,106,Filtered soft gate,2.8254003400897467,1.5943755645650777
Emission shift,106,Oracle state gate,0.00039275359947111795,0.018724230500964355
Emission shift,107,Pooled unadjusted,1.596585519706809,0.9257680267539137
Emission shift,107,Pooled available adjustment,1.0313628948308033,1.0095350598064214
Emission shift,107,Filtered hard gate,3.456419284304667,1.712739937126594
Emission shift,107,Filtered soft gate,2.8468938181166514,1.6004790121547863
Emission shift,107,Oracle state gate,0.0005950626680288817,0.01850675206788214
Emission shift,108,Pooled unadjusted,2.5202966903564983,1.2443957129291703
Emission shift,108,Pooled available adjustment,1.0503659418408742,1.0188729480807073
Emission shift,108,Filtered hard gate,3.4904922608748907,1.732529509740255
Emission shift,108,Filtered soft gate,2.8118495054810904,1.599374864531363
Emission shift,108,Oracle state gate,0.001392809950132585,0.03504604071221713
Emission shift,109,Pooled unadjusted,1.5054781146408993,0.798732818056764
Emission shift,109,Pooled available adjustment,0.9099937259599794,0.9425354516105974
Emission shift,109,Filtered hard gate,3.6609919824518338,1.8144863013726449
Emission shift,109,Filtered soft gate,3.0606494934967934,1.6935407224328833
Emission shift,109,Oracle state gate,0.00022223792133507423,0.011727069815883347
Emission shift,110,Pooled unadjusted,1.1459301360744427,0.6381921783428338
Emission shift,110,Pooled available adjustment,1.0432716228076666,1.0202710435996707
Emission shift,110,Filtered hard gate,3.3888584449571963,1.712360837391085
Emission shift,110,Filtered soft gate,2.7861963973572204,1.591189076173473
Emission shift,110,Oracle state gate,0.00046579180711472235,0.02075802938143449
Emission shift,111,Pooled unadjusted,2.1578031750860887,1.0890792967570628
Emission shift,111,Pooled available adjustment,0.9969038153289533,0.9982663886281408
Emission shift,111,Filtered hard gate,3.4149025044312875,1.70519777489503
Emission shift,111,Filtered soft gate,2.8977834977274686,1.617523270452839
Emission shift,111,Oracle state gate,1.0675004715465103e-05,0.0032576434193490613
Emission shift,112,Pooled unadjusted,1.889573058488234,0.9559859091473232
Emission shift,112,Pooled available adjustment,0.9757110856195561,0.9745935441917036
Emission shift,112,Filtered hard gate,3.4855338672748695,1.7718080076936427
Emission shift,112,Filtered soft gate,2.887093965213653,1.6414207590381433
Emission shift,112,Oracle state gate,0.0008271261414917761,0.026046618639807007
Emission shift,113,Pooled unadjusted,1.6719245122888313,0.8478401975436657
Emission shift,113,Pooled available adjustment,0.9888850488495404,0.9935711765917892
Emission shift,113,Filtered hard gate,3.5213753864555692,1.7591463258175508
Emission shift,113,Filtered soft gate,2.9294953075812726,1.6452533276085655
Emission shift,113,Oracle state gate,4.701452326343372e-05,0.006676025463381481
Emission shift,114,Pooled unadjusted,1.8190694265624165,0.9112109670995054
Emission shift,114,Pooled available adjustment,1.0018799661238018,1.0009036456030247
Emission shift,114,Filtered hard gate,3.2420341718952215,1.6306345341747313
Emission shift,114,Filtered soft gate,2.7183615036391404,1.5522495809497627
Emission shift,114,Oracle state gate,0.00043546319670561184,0.018269530685229875
Emission shift,115,Pooled unadjusted,1.7299464857514915,0.8699669452062485
Emission shift,115,Pooled available adjustment,0.9856163808848832,0.9914488356841868
Emission shift,115,Filtered hard gate,3.5192050846563574,1.7853653186331635
Emission shift,115,Filtered soft gate,2.9334713159390353,1.6568769522676943
Emission shift,115,Oracle state gate,0.0009354161910396276,0.029103662423737787
Emission shift,116,Pooled unadjusted,1.7007547387425626,0.8971787064426919
Emission shift,116,Pooled available adjustment,1.0074136806843663,1.0032531735761991
Emission shift,116,Filtered hard gate,3.253371302227449,1.645274906831788
Emission shift,116,Filtered soft gate,2.669363743330297,1.5479913911770455
Emission shift,116,Oracle state gate,0.00034848793637738825,0.01779344535592045
Emission shift,117,Pooled unadjusted,2.414929363432024,1.3178047446113983
Emission shift,117,Pooled available adjustment,0.9271478846330974,0.9561585322195371
Emission shift,117,Filtered hard gate,3.4969891656340826,1.7546308763429053
Emission shift,117,Filtered soft gate,2.8521837222945954,1.6247327405646748
Emission shift,117,Oracle state gate,0.00013447222018414455,0.0115695113931766
Emission shift,118,Pooled unadjusted,2.536496610447991,1.2481236358822754
Emission shift,118,Pooled available adjustment,1.0165888018911335,1.0071089671435411
Emission shift,118,Filtered hard gate,3.3506144708092735,1.7145692597549953
Emission shift,118,Filtered soft gate,2.810394780189139,1.6116122544352034
Emission shift,118,Oracle state gate,0.0016086208610252364,0.036085872129052995
Emission shift,119,Pooled unadjusted,1.4743610286365993,0.850500482059016
Emission shift,119,Pooled available adjustment,1.0424739768712912,1.0165170445051228
Emission shift,119,Filtered hard gate,3.4391129086042462,1.7305126750975683
Emission shift,119,Filtered soft gate,2.806735490728427,1.605966469753261
Emission shift,119,Oracle state gate,0.0012187395916436082,0.03194624949339646
Emission shift,120,Pooled unadjusted,2.197722258994774,1.0946681044932174
Emission shift,120,Pooled available adjustment,1.0000539109631648,0.9988216473501489
Emission shift,120,Filtered hard gate,3.5039008379863916,1.7469025146233645
Emission shift,120,Filtered soft gate,2.848374393915816,1.6167761388274557
Emission shift,120,Oracle state gate,0.0012120874349544257,0.03291914702752601
Emission shift,121,Pooled unadjusted,1.4774398870600072,0.7895978444436957
Emission shift,121,Pooled available adjustment,1.0123519895650548,1.0058310443139091
Emission shift,121,Filtered hard gate,3.555437575481842,1.75990090749904
Emission shift,121,Filtered soft gate,2.928176830177534,1.6293251838715854
Emission shift,121,Oracle state gate,0.0005790580364342907,0.024059520667567943
Emission shift,122,Pooled unadjusted,2.1996316035179144,1.1125400837979218
Emission shift,122,Pooled available adjustment,0.9871658547273248,0.9884543323882183
Emission shift,122,Filtered hard gate,3.1610763266065165,1.6372941969724153
Emission shift,122,Filtered soft gate,2.6043224074153835,1.5335467256231072
Emission shift,122,Oracle state gate,0.005079318399640318,0.047821911327137596
Emission shift,123,Pooled unadjusted,2.465344440887349,1.224418409240628
Emission shift,123,Pooled available adjustment,1.0123400124417146,1.0056915940763365
Emission shift,123,Filtered hard gate,3.8180833318898078,1.882539161436494
Emission shift,123,Filtered soft gate,3.139348036037686,1.725821638144701
Emission shift,123,Oracle state gate,0.002546961690618823,0.04613892693923304
Emission shift,124,Pooled unadjusted,2.0911397828016383,1.0450070730868948
Emission shift,124,Pooled available adjustment,0.9996336542988394,0.9997930287648831
Emission shift,124,Filtered hard gate,3.540651634016295,1.7688838026968767
Emission shift,124,Filtered soft gate,2.986881099527781,1.6593267544662185
Emission shift,124,Oracle state gate,0.0012973598749034926,0.035212705424478415
Emission shift,125,Pooled unadjusted,1.6894856082341476,0.9651473764467426
Emission shift,125,Pooled available adjustment,1.03928808457765,1.0064883209211948
Emission shift,125,Filtered hard gate,3.4295954209772854,1.7526082637995697
Emission shift,125,Filtered soft gate,2.8183889895818135,1.6188742004057477
Emission shift,125,Oracle state gate,0.003189594490606148,0.041117212929838234
Emission shift,126,Pooled unadjusted,1.8673402325157236,0.9397958461898646
Emission shift,126,Pooled available adjustment,0.9899165477119188,0.9937137073716783
Emission shift,126,Filtered hard gate,3.448405635666174,1.7507698504068931
Emission shift,126,Filtered soft gate,2.8654881494908224,1.629375299801475
Emission shift,126,Oracle state gate,0.002450541332747374,0.03865972322915823
Emission shift,127,Pooled unadjusted,2.4021578097946565,1.2622988880050843
Emission shift,127,Pooled available adjustment,0.9663816115228525,0.9808526652851299
Emission shift,127,Filtered hard gate,3.7493392203855906,1.8576248507905426
Emission shift,127,Filtered soft gate,3.129042324461247,1.7202763522455142
Emission shift,127,Oracle state gate,0.00029871076578091426,0.016150735321847923
Emission shift,128,Pooled unadjusted,2.4752023163403667,1.2226210845312484
Emission shift,128,Pooled available adjustment,1.0364436802851429,1.0135429650693597
Emission shift,128,Filtered hard gate,3.6224052259843194,1.8095063407085379
Emission shift,128,Filtered soft gate,2.951717947820623,1.6586210462932451
Emission shift,128,Oracle state gate,9.028046291044878e-05,0.009403331329787592
Emission shift,129,Pooled unadjusted,1.7868671405619443,0.8985201582723144
Emission shift,129,Pooled available adjustment,1.0082307649810611,1.003519939631547
Emission shift,129,Filtered hard gate,3.524941571937765,1.7484373378319302
Emission shift,129,Filtered soft gate,2.8421503360100324,1.6073702321802699
Emission shift,129,Oracle state gate,0.00047744732255609266,0.014943899356724426
Emission shift,130,Pooled unadjusted,2.091325567378771,1.0453561916298055
Emission shift,130,Pooled available adjustment,0.9987212930892593,0.999044552168034
Emission shift,130,Filtered hard gate,3.455503589081039,1.712877181238424
Emission shift,130,Filtered soft gate,2.795992850498855,1.5908192096297562
Emission shift,130,Oracle state gate,0.0004999132371494975,0.020229118989110135
Emission shift,131,Pooled unadjusted,1.8913611524844542,0.9676286232250749
Emission shift,131,Pooled available adjustment,0.9581428139362501,0.9668345298552415
Emission shift,131,Filtered hard gate,3.607277603108081,1.7959697883346504
Emission shift,131,Filtered soft gate,2.9578262688678514,1.6556186665485224
Emission shift,131,Oracle state gate,0.00019308224638937545,0.012046313403918851
Emission shift,132,Pooled unadjusted,1.6951409262654515,1.028747006780947
Emission shift,132,Pooled available adjustment,1.0371200435255141,0.99164799600276
Emission shift,132,Filtered hard gate,3.48633144140697,1.7795843287309898
Emission shift,132,Filtered soft gate,2.945644177815855,1.6614654037600098
Emission shift,132,Oracle state gate,0.002435889629321771,0.03472718655601028
Emission shift,133,Pooled unadjusted,2.8011237700475506,1.3602969418651032
Emission shift,133,Pooled available adjustment,1.1138097003027863,1.040370391558487
Emission shift,133,Filtered hard gate,3.6170151099261902,1.775745826383748
Emission shift,133,Filtered soft gate,2.8902521684114024,1.6252675338856029
Emission shift,133,Oracle state gate,0.0019868566178750033,0.04452886380540308
Emission shift,134,Pooled unadjusted,2.9277715269495594,1.4070378555495795
Emission shift,134,Pooled available adjustment,1.1504085444006407,1.0505887743025553
Emission shift,134,Filtered hard gate,3.432050773873046,1.706484796049569
Emission shift,134,Filtered soft gate,2.813167155901854,1.5963931377453928
Emission shift,134,Oracle state gate,0.00029954059489660967,0.01459938060701381
Emission shift,135,Pooled unadjusted,1.9505579289852837,0.9800805727006751
Emission shift,135,Pooled available adjustment,0.9988456274343791,0.9994051195815785
Emission shift,135,Filtered hard gate,3.627702752797493,1.8176577309996376
Emission shift,135,Filtered soft gate,2.9981489597647815,1.6745277581464253
Emission shift,135,Oracle state gate,0.00010682847956385507,0.009326959162522129
Emission shift,136,Pooled unadjusted,2.2093789484094706,1.1005193993789797
Emission shift,136,Pooled available adjustment,1.0252876111628164,0.9913281029183109
Emission shift,136,Filtered hard gate,3.455401202309468,1.744121557175175
Emission shift,136,Filtered soft gate,2.8607721857822717,1.624806934459732
Emission shift,136,Oracle state gate,0.0008586001407806298,0.023271228926839263
Emission shift,137,Pooled unadjusted,3.237326773250782,1.543778084198238
Emission shift,137,Pooled available adjustment,1.1544351279145755,1.0634312134096653
Emission shift,137,Filtered hard gate,3.3428852306506336,1.6751609172407558
Emission shift,137,Filtered soft gate,2.750898846684782,1.5658024389238026
Emission shift,137,Oracle state gate,0.00021743027787616057,0.01296594645568704
Emission shift,138,Pooled unadjusted,1.2951997581407135,0.6941352592547895
Emission shift,138,Pooled available adjustment,0.9141105198548981,0.9504871922251446
Emission shift,138,Filtered hard gate,3.4005896888326586,1.7148719135170112
Emission shift,138,Filtered soft gate,2.7526282121181067,1.5829315247915532
Emission shift,138,Oracle state gate,0.00013464621360569502,0.010947646051093397
Emission shift,139,Pooled unadjusted,1.9604658708742018,0.9803784324811528
Emission shift,139,Pooled available adjustment,1.0095175914357684,1.0019490462492266
Emission shift,139,Filtered hard gate,3.5343476605260418,1.7606125940867055
Emission shift,139,Filtered soft gate,2.878085986944057,1.6225540981629472
Emission shift,139,Oracle state gate,0.002743002640127578,0.051079418520788636
Emission shift,140,Pooled unadjusted,1.6233953891269612,0.9433516960630243
Emission shift,140,Pooled available adjustment,1.0268965022584553,1.0073117289923033
Emission shift,140,Filtered hard gate,3.3045976347413393,1.6796807269668357
Emission shift,140,Filtered soft gate,2.727423412392308,1.572107748681914
Emission shift,140,Oracle state gate,0.0009854456907057198,0.02626597602675884
Emission shift,141,Pooled unadjusted,1.2113161340833112,0.7266009772227087
Emission shift,141,Pooled available adjustment,1.1097436715053348,1.0447269160034782
Emission shift,141,Filtered hard gate,3.454414146580204,1.7370929255350125
Emission shift,141,Filtered soft gate,2.8053614336824,1.6105805417482184
Emission shift,141,Oracle state gate,0.001043121087409559,0.028857226517640867
Emission shift,142,Pooled unadjusted,1.1560191718009782,0.8600186978843404
Emission shift,142,Pooled available adjustment,1.2424097480634602,1.0686994197521535
Emission shift,142,Filtered hard gate,3.684382171087661,1.829531853115608
Emission shift,142,Filtered soft gate,3.0943390640570696,1.6993375533768986
Emission shift,142,Oracle state gate,0.00025662101024117386,0.015975529757292193
Emission shift,143,Pooled unadjusted,2.1496718431732535,1.0735864395442285
Emission shift,143,Pooled available adjustment,1.0069768353430677,1.0024549876056816
Emission shift,143,Filtered hard gate,3.4631355383316538,1.727352073939107
Emission shift,143,Filtered soft gate,2.7623727299448584,1.5789344266079692
Emission shift,143,Oracle state gate,0.0012805068553088889,0.03480130900638051
Emission shift,144,Pooled unadjusted,1.8578825945280844,1.0198985766710589
Emission shift,144,Pooled available adjustment,1.00771237554564,0.9975242555977009
Emission shift,144,Filtered hard gate,3.499655376619221,1.7663919837124427
Emission shift,144,Filtered soft gate,2.9338343050250586,1.6496019000935258
Emission shift,144,Oracle state gate,0.0011324038414606181,0.02870184685504028
Emission shift,145,Pooled unadjusted,1.8474298722315516,0.9283479262817103
Emission shift,145,Pooled available adjustment,0.9856190140864435,0.9861232617364073
Emission shift,145,Filtered hard gate,3.6257052957289897,1.8189576021158909
Emission shift,145,Filtered soft gate,3.01662200908406,1.6823939858960288
Emission shift,145,Oracle state gate,5.406946491478723e-05,0.005112642324292169
Emission shift,146,Pooled unadjusted,1.708345066813707,0.9949140773862074
Emission shift,146,Pooled available adjustment,1.0336524290927602,1.001065264476563
Emission shift,146,Filtered hard gate,3.485309562211621,1.74028859383535
Emission shift,146,Filtered soft gate,2.8206635322861295,1.605779012358584
Emission shift,146,Oracle state gate,0.0011323152803747844,0.03268159387274745
Emission shift,147,Pooled unadjusted,2.0434333766052535,1.0265658169865455
Emission shift,147,Pooled available adjustment,0.9908889153272924,0.9859283725563862
Emission shift,147,Filtered hard gate,3.2765315780294357,1.6557500200714772
Emission shift,147,Filtered soft gate,2.737314193141886,1.5716640812388294
Emission shift,147,Oracle state gate,0.00034548158109026105,0.015854421171222266
Emission shift,148,Pooled unadjusted,1.7753551251749027,0.9204233401945553
Emission shift,148,Pooled available adjustment,0.9413760416585099,0.9589669043725709
Emission shift,148,Filtered hard gate,3.8128773333918375,1.8620943134305328
Emission shift,148,Filtered soft gate,3.0700937434150264,1.6944582378737314
Emission shift,148,Oracle state gate,0.0022048210449324515,0.04530428629259051
Emission shift,149,Pooled unadjusted,3.767800696831195,1.6880748492976236
Emission shift,149,Pooled available adjustment,1.42106857712086,1.121015022753148
Emission shift,149,Filtered hard gate,3.5677445299259176,1.78069940210258
Emission shift,149,Filtered soft gate,2.889362717781349,1.632920739402789
Emission shift,149,Oracle state gate,0.0006753646416483526,0.02594867691231665
Emission shift,150,Pooled unadjusted,3.1205821763380692,1.4658806828449817
Emission shift,150,Pooled available adjustment,1.138867788925928,1.0404491290290854
Emission shift,150,Filtered hard gate,3.3508727727596463,1.689771722914221
Emission shift,150,Filtered soft gate,2.777619710588471,1.5890740866905033
Emission shift,150,Oracle state gate,0.000185853357491009,0.013197703522373656
Emission shift,151,Pooled unadjusted,2.26811398179148,1.130190241415789
Emission shift,151,Pooled available adjustment,0.9959954102191393,0.9977142493879793
Emission shift,151,Filtered hard gate,3.2774054182243595,1.6527918880922465
Emission shift,151,Filtered soft gate,2.6944391699590216,1.5508937786958998
Emission shift,151,Oracle state gate,0.00023166297954013956,0.014784898376734123
Emission shift,152,Pooled unadjusted,2.0253291135310776,1.0164020432540837
Emission shift,152,Pooled available adjustment,0.9948219502378265,0.98779834157413
Emission shift,152,Filtered hard gate,3.6304088036471085,1.8151242072641878
Emission shift,152,Filtered soft gate,3.053593620694588,1.691970575785368
Emission shift,152,Oracle state gate,3.691030967433081e-05,0.005940540807910249
Emission shift,153,Pooled unadjusted,1.9456413425310524,0.9748155428238987
Emission shift,153,Pooled available adjustment,0.9958788847997214,0.9938510936704471
Emission shift,153,Filtered hard gate,3.3102371193164144,1.7057907363076508
Emission shift,153,Filtered soft gate,2.693062002761609,1.573059502990162
Emission shift,153,Oracle state gate,0.00293178870678048,0.05099727616180795
Emission shift,154,Pooled unadjusted,1.3150090865767228,0.8212166292622421
Emission shift,154,Pooled available adjustment,1.1297891951429782,1.0442726899510808
Emission shift,154,Filtered hard gate,3.616311492041624,1.7938440862563034
Emission shift,154,Filtered soft gate,2.9861051394098523,1.6655867346513806
Emission shift,154,Oracle state gate,0.0008958222376249181,0.027354795591083374
Emission shift,155,Pooled unadjusted,2.692669336540703,1.3299794496685668
Emission shift,155,Pooled available adjustment,0.9975786170917926,0.9987795315609488
Emission shift,155,Filtered hard gate,3.5842485143506764,1.7697510369060045
Emission shift,155,Filtered soft gate,2.961073272344065,1.6492881567752256
Emission shift,155,Oracle state gate,0.000909746142046534,0.030152289976172635
Emission shift,156,Pooled unadjusted,2.1443896621570393,1.0712262422835983
Emission shift,156,Pooled available adjustment,0.9976435430865102,0.9953004632657672
Emission shift,156,Filtered hard gate,3.433740350286819,1.7431301337419467
Emission shift,156,Filtered soft gate,2.8481858746978443,1.6206781242925985
Emission shift,156,Oracle state gate,0.0007933845428519352,0.025875389141519108
Emission shift,157,Pooled unadjusted,1.7601247395584965,0.9065804118592855
Emission shift,157,Pooled available adjustment,1.0075836011906876,1.0032268744497956
Emission shift,157,Filtered hard gate,3.414350836690168,1.7140870676603042
Emission shift,157,Filtered soft gate,2.7878557199091,1.5911413556339573
Emission shift,157,Oracle state gate,0.0012182969939144275,0.03417374865599986
Emission shift,158,Pooled unadjusted,1.9517765760198507,0.9774336683478078
Emission shift,158,Pooled available adjustment,0.9972529139960927,0.9981522814802235
Emission shift,158,Filtered hard gate,3.5721301973089905,1.771322623541021
Emission shift,158,Filtered soft gate,2.8927453295577608,1.6282024009860379
Emission shift,158,Oracle state gate,0.00038784350122933524,0.018303116503668056
Emission shift,159,Pooled unadjusted,1.6852108431716424,0.8874111452830241
Emission shift,159,Pooled available adjustment,1.0019729268842583,1.000953795869564
Emission shift,159,Filtered hard gate,3.602652756884701,1.782454015962634
Emission shift,159,Filtered soft gate,2.987938029964691,1.6599439080283724
Emission shift,159,Oracle state gate,0.0005894785283634418,0.024263696506421715
Emission shift,160,Pooled unadjusted,2.1710981744551394,1.0881609138611532
Emission shift,160,Pooled available adjustment,0.9903147839690992,0.9804445069965421
Emission shift,160,Filtered hard gate,3.5959337977922767,1.7989371186174998
Emission shift,160,Filtered soft gate,2.9330323448169127,1.650106921049015
Emission shift,160,Oracle state gate,0.0018738093177238944,0.04316425709349802
Emission shift,161,Pooled unadjusted,1.174103387856703,0.6210502297372598
Emission shift,161,Pooled available adjustment,0.9193975009554184,0.9548904537868962
Emission shift,161,Filtered hard gate,3.505044226321599,1.756709193198039
Emission shift,161,Filtered soft gate,2.843313260813271,1.6147518763461903
Emission shift,161,Oracle state gate,1.7704681021216357e-05,0.0037838508120982173
Emission shift,162,Pooled unadjusted,3.2211567224545137,1.508303922442196
Emission shift,162,Pooled available adjustment,1.2342983445884765,1.0707067073581862
Emission shift,162,Filtered hard gate,3.5463472340775226,1.7983181309251877
Emission shift,162,Filtered soft gate,3.0000916153605086,1.6753984267122974
Emission shift,162,Oracle state gate,0.0031113218239088125,0.04447498631907401
Emission shift,163,Pooled unadjusted,1.976193591716495,0.992486570043391
Emission shift,163,Pooled available adjustment,0.9953095786655584,0.9972162998181576
Emission shift,163,Filtered hard gate,3.583748426934542,1.7758262703547831
Emission shift,163,Filtered soft gate,2.9377271166619567,1.6406071613373348
Emission shift,163,Oracle state gate,0.0007857081118671606,0.024006502094404383
Emission shift,164,Pooled unadjusted,1.7243121697616197,0.8634976373804503
Emission shift,164,Pooled available adjustment,0.9900722683672665,0.9942645111763594
Emission shift,164,Filtered hard gate,3.565925675627641,1.7855973350520298
Emission shift,164,Filtered soft gate,2.9420098846813127,1.6569063932399313
Emission shift,164,Oracle state gate,0.00011494066659100457,0.010718145750719084
Emission shift,165,Pooled unadjusted,1.57695467621659,0.8226850407152128
Emission shift,165,Pooled available adjustment,0.9386525050530172,0.962154525562795
Emission shift,165,Filtered hard gate,3.4670631780222974,1.744030332933877
Emission shift,165,Filtered soft gate,2.851898593175777,1.6235460939258004
Emission shift,165,Oracle state gate,0.0010998550117263953,0.029242672851866207
Emission shift,166,Pooled unadjusted,2.8721655266677315,1.4103650331271442
Emission shift,166,Pooled available adjustment,1.0111055155536353,1.0054268608402417
Emission shift,166,Filtered hard gate,3.535259520019098,1.773803606302614
Emission shift,166,Filtered soft gate,2.905982223898756,1.6394459097064336
Emission shift,166,Oracle state gate,0.00034683751465730523,0.018567410379198082
Emission shift,167,Pooled unadjusted,2.0168235473132605,1.009019101560154
Emission shift,167,Pooled available adjustment,0.9987040004191186,0.9987047370061508
Emission shift,167,Filtered hard gate,3.5954544368081836,1.7961576823284795
Emission shift,167,Filtered soft gate,2.980929059953723,1.666043783647605
Emission shift,167,Oracle state gate,0.0006139719961049828,0.024443577603154652
Emission shift,168,Pooled unadjusted,2.704495622366142,1.319029803441205
Emission shift,168,Pooled available adjustment,1.093257127807255,1.032074678874772
Emission shift,168,Filtered hard gate,3.440560876749344,1.7360780373992162
Emission shift,168,Filtered soft gate,2.841783457307109,1.6148037506989636
Emission shift,168,Oracle state gate,0.0002776459853912105,0.016597455422887722
Emission shift,169,Pooled unadjusted,1.6174644424352054,0.8795589015069138
Emission shift,169,Pooled available adjustment,1.0089899585639022,1.004017463988972
Emission shift,169,Filtered hard gate,3.454154689405068,1.7548951061811109
Emission shift,169,Filtered soft gate,2.8774600600739593,1.6307210356737674
Emission shift,169,Oracle state gate,0.00105932294001386,0.0227125665192999
Emission shift,170,Pooled unadjusted,2.134399683251981,1.2030971757772053
Emission shift,170,Pooled available adjustment,0.9556498234419142,0.9697448486873484
Emission shift,170,Filtered hard gate,3.538173562787867,1.7683948083324654
Emission shift,170,Filtered soft gate,2.913754334205625,1.6390251935684135
Emission shift,170,Oracle state gate,0.00046881064517930945,0.020121737423054405
Emission shift,171,Pooled unadjusted,2.417450856583119,1.1951011909387084
Emission shift,171,Pooled available adjustment,1.0196327467888218,1.007331552046155
Emission shift,171,Filtered hard gate,3.5878516764509696,1.786074227428117
Emission shift,171,Filtered soft gate,2.9552426738481574,1.6569475866666221
Emission shift,171,Oracle state gate,0.00012017697770153793,0.01066027729743436
Emission shift,172,Pooled unadjusted,2.4913176507839236,1.2693748592698275
Emission shift,172,Pooled available adjustment,0.9725514282832095,0.9847490406393117
Emission shift,172,Filtered hard gate,3.7572126172990976,1.853728197994412
Emission shift,172,Filtered soft gate,3.1160670095913945,1.7100983232351874
Emission shift,172,Oracle state gate,0.0009233887412094229,0.030366670819792427
Emission shift,173,Pooled unadjusted,2.6080520282385478,1.2683990019857898
Emission shift,173,Pooled available adjustment,1.0915129260936018,1.007722514565754
Emission shift,173,Filtered hard gate,3.2597890299018464,1.6549180865534552
Emission shift,173,Filtered soft gate,2.6610344038133475,1.5466012190070009
Emission shift,173,Oracle state gate,0.0010682238583418532,0.026730273241865093
Emission shift,174,Pooled unadjusted,2.147550125884465,1.0712843347517336
Emission shift,174,Pooled available adjustment,1.0147330743454555,1.0011179110946802
Emission shift,174,Filtered hard gate,3.4107208612889925,1.720370843176469
Emission shift,174,Filtered soft gate,2.7955966434722557,1.5941083016968671
Emission shift,174,Oracle state gate,0.0028741858626770353,0.05258576214702456
Emission shift,175,Pooled unadjusted,1.8918685083895714,0.9626402198732291
Emission shift,175,Pooled available adjustment,1.0018699278849053,1.0007435355690373
Emission shift,175,Filtered hard gate,3.5360758173014117,1.761845765054205
Emission shift,175,Filtered soft gate,2.9398912863852966,1.6428934530827461
Emission shift,175,Oracle state gate,0.0002824132981159413,0.013985275174817654
Emission shift,176,Pooled unadjusted,1.3124350064586952,0.735963989376367
Emission shift,176,Pooled available adjustment,1.0751351693749271,1.031562413028415
Emission shift,176,Filtered hard gate,3.3572313931708546,1.6948647853973384
Emission shift,176,Filtered soft gate,2.7240842976381203,1.571204598736231
Emission shift,176,Oracle state gate,0.0002365179549516061,0.01020532487886414
Emission shift,177,Pooled unadjusted,2.6626919878416473,1.3123368423699944
Emission shift,177,Pooled available adjustment,1.0352425244952832,1.0155821351895213
Emission shift,177,Filtered hard gate,3.532060092940193,1.7528675726421532
Emission shift,177,Filtered soft gate,2.8796615462916377,1.6191655229586108
Emission shift,177,Oracle state gate,0.0016242225542037543,0.031912862128077375
Emission shift,178,Pooled unadjusted,2.5549087860207447,1.2648528712940272
Emission shift,178,Pooled available adjustment,1.031457185820604,1.0136544205889648
Emission shift,178,Filtered hard gate,3.2937856958248504,1.6740173092237114
Emission shift,178,Filtered soft gate,2.70853862809305,1.5632070468794728
Emission shift,178,Oracle state gate,0.0006482444084915158,0.02288808449065423
Emission shift,179,Pooled unadjusted,2.1244876578526375,1.0691041379831236
Emission shift,179,Pooled available adjustment,0.9841253020311485,0.974540983242292
Emission shift,179,Filtered hard gate,3.5277609489641772,1.7327211767627737
Emission shift,179,Filtered soft gate,2.8630048190583013,1.6011939553144399
Emission shift,179,Oracle state gate,0.0018845373106337593,0.03445985943208395
Emission shift,180,Pooled unadjusted,1.4072901465060867,0.7468829536855732
Emission shift,180,Pooled available adjustment,0.9513772085507374,0.9733253925877667
Emission shift,180,Filtered hard gate,3.538332702664117,1.7682092706791495
Emission shift,180,Filtered soft gate,2.9844588913287886,1.6619403011457061
Emission shift,180,Oracle state gate,3.125964238521043e-05,0.005570516230983232
Emission shift,181,Pooled unadjusted,2.2672568346699395,1.2024432866333796
Emission shift,181,Pooled available adjustment,0.9789362867703435,0.9879372276786044
Emission shift,181,Filtered hard gate,3.375480392621625,1.6997211363763258
Emission shift,181,Filtered soft gate,2.846477262372713,1.6076881087320554
Emission shift,181,Oracle state gate,0.00018657579541067355,0.013321078403243092
Emission shift,182,Pooled unadjusted,2.777491405034778,1.34613795913895
Emission shift,182,Pooled available adjustment,1.084052202378406,1.0294723479534422
Emission shift,182,Filtered hard gate,3.3656262635568774,1.6880113679299298
Emission shift,182,Filtered soft gate,2.709097625191368,1.5644883485055494
Emission shift,182,Oracle state gate,0.0009135896772781883,0.029723623676217798
Emission shift,183,Pooled unadjusted,3.0260606233712313,1.4382269026030736
Emission shift,183,Pooled available adjustment,1.1521672737148667,1.048438553772572
Emission shift,183,Filtered hard gate,3.689870032879148,1.8237922148348218
Emission shift,183,Filtered soft gate,3.0780356663344772,1.6882466646846923
Emission shift,183,Oracle state gate,0.0005762830154703613,0.018962286786016424
Emission shift,184,Pooled unadjusted,2.1612774675571673,1.0792948936954936
Emission shift,184,Pooled available adjustment,1.0049617343646782,0.990848221572069
Emission shift,184,Filtered hard gate,3.2694339894104596,1.6534906108306713
Emission shift,184,Filtered soft gate,2.713179819782464,1.5542545323287327
Emission shift,184,Oracle state gate,0.00038120310284813186,0.017472907333665536
Emission shift,185,Pooled unadjusted,2.404956904246238,1.1950150226027445
Emission shift,185,Pooled available adjustment,1.0330209828906791,0.9408861179576181
Emission shift,185,Filtered hard gate,3.250899076970647,1.687292859389533
Emission shift,185,Filtered soft gate,2.710315177480178,1.5781497186544866
Emission shift,185,Oracle state gate,0.00461453663161289,0.05359009015927553
Emission shift,186,Pooled unadjusted,1.8623401984637569,1.0789006108852273
Emission shift,186,Pooled available adjustment,0.9960833504051264,0.9845710203868284
Emission shift,186,Filtered hard gate,3.423490111328488,1.692983620287036
Emission shift,186,Filtered soft gate,2.8893267393095616,1.6030700967541456
Emission shift,186,Oracle state gate,0.0009012615442283751,0.022693679644215495
Emission shift,187,Pooled unadjusted,2.4769987477356263,1.2368907582060862
Emission shift,187,Pooled available adjustment,0.987412791429983,0.9932795048332708
Emission shift,187,Filtered hard gate,3.2815014552881614,1.6500437040912839
Emission shift,187,Filtered soft gate,2.702169734167887,1.5560110004480752
Emission shift,187,Oracle state gate,0.00011551729635776045,0.008684196771324952
Emission shift,188,Pooled unadjusted,2.321632401216233,1.1562907944008862
Emission shift,188,Pooled available adjustment,1.0022144964421005,1.0010700169431304
Emission shift,188,Filtered hard gate,3.359968422902153,1.7012331858300722
Emission shift,188,Filtered soft gate,2.8374486039353624,1.6155611409151889
Emission shift,188,Oracle state gate,0.0006743113283704057,0.019260916942982268
Emission shift,189,Pooled unadjusted,1.7387670339006698,0.9162232343885429
Emission shift,189,Pooled available adjustment,1.0015632098989122,1.0007457016117869
Emission shift,189,Filtered hard gate,3.7309282064268334,1.845779968598649
Emission shift,189,Filtered soft gate,3.0710179777335616,1.6974027991582026
Emission shift,189,Oracle state gate,0.0007223506099724086,0.025318836559087808
Emission shift,190,Pooled unadjusted,1.7418296005903036,0.9050489492786034
Emission shift,190,Pooled available adjustment,0.9296532242367173,0.9458706202281633
Emission shift,190,Filtered hard gate,3.501270492794866,1.7897309856566037
Emission shift,190,Filtered soft gate,2.963653038171486,1.6714248621817973
Emission shift,190,Oracle state gate,0.001922829159871755,0.043377089799694145
Emission shift,191,Pooled unadjusted,1.519576725987435,0.8734154067827282
Emission shift,191,Pooled available adjustment,1.0824370296017047,1.0255176046359735
Emission shift,191,Filtered hard gate,3.3864834556676904,1.7249814684309994
Emission shift,191,Filtered soft gate,2.8462905539677084,1.617455987509961
Emission shift,191,Oracle state gate,0.0036102701024097435,0.046158736313570696
Emission shift,192,Pooled unadjusted,1.3273814183101522,0.7352584449621767
Emission shift,192,Pooled available adjustment,1.05373002235688,1.0234916370933616
Emission shift,192,Filtered hard gate,3.733808989897834,1.848871263208645
Emission shift,192,Filtered soft gate,3.0969483761575285,1.7044294737605155
Emission shift,192,Oracle state gate,0.00038248052787260114,0.012609353946673976
Emission shift,193,Pooled unadjusted,2.0958580057074068,1.0517984005290852
Emission shift,193,Pooled available adjustment,0.9991362301873464,0.9995266910199723
Emission shift,193,Filtered hard gate,3.297380711529582,1.6625654613097902
Emission shift,193,Filtered soft gate,2.705308943842789,1.5662870404104685
Emission shift,193,Oracle state gate,0.000265886270002346,0.012717274432412252
Emission shift,194,Pooled unadjusted,1.1788869833511395,0.5932478262506653
Emission shift,194,Pooled available adjustment,0.9704726876304792,0.9845463494957487
Emission shift,194,Filtered hard gate,3.445014803436843,1.7415704031355994
Emission shift,194,Filtered soft gate,2.8651190388719816,1.6313593214027347
Emission shift,194,Oracle state gate,0.00022191507191556377,0.009506071448620371
Emission shift,195,Pooled unadjusted,3.117965214757662,1.5414373859348498
Emission shift,195,Pooled available adjustment,1.0772943381284052,1.036119470254141
Emission shift,195,Filtered hard gate,3.700066325695734,1.8552098388353724
Emission shift,195,Filtered soft gate,3.0904710349238402,1.716767444741823
Emission shift,195,Oracle state gate,1.3116942939299397e-05,0.003020029994974775
Emission shift,196,Pooled unadjusted,2.2266492488067264,1.1080041736413837
Emission shift,196,Pooled available adjustment,1.0131547872568885,1.0027863908134278
Emission shift,196,Filtered hard gate,3.616540063517088,1.8016993712640157
Emission shift,196,Filtered soft gate,2.9582572857814338,1.652976966699282
Emission shift,196,Oracle state gate,0.0008218226435950213,0.027109013753398022
Emission shift,197,Pooled unadjusted,1.672447166938129,0.8362674015756733
Emission shift,197,Pooled available adjustment,0.9853105745057602,0.9912232722786246
Emission shift,197,Filtered hard gate,3.629561870395043,1.8268768704144935
Emission shift,197,Filtered soft gate,3.0475945212267415,1.697351803274796
Emission shift,197,Oracle state gate,0.004709774213827082,0.06845833876709168
Emission shift,198,Pooled unadjusted,1.3883538076570594,0.7267941989704232
Emission shift,198,Pooled available adjustment,0.975165132091781,0.9869762502459848
Emission shift,198,Filtered hard gate,3.494418729071744,1.7526792685446053
Emission shift,198,Filtered soft gate,2.853954280785107,1.6182880659475805
Emission shift,198,Oracle state gate,0.00031396842583559354,0.01757233698425778
Emission shift,199,Pooled unadjusted,1.5286230451497338,0.7755791675578542
Emission shift,199,Pooled available adjustment,0.9784060512724666,0.9882572656171189
Emission shift,199,Filtered hard gate,3.681947402489697,1.8269777194708354
Emission shift,199,Filtered soft gate,2.9457426484305973,1.6563667928306145
Emission shift,199,Oracle state gate,0.000263078836062227,0.016148527010896474
Inactive second regime,0,Pooled unadjusted,1.490347786792322,1.1144271114758122
Inactive second regime,0,Pooled available adjustment,0.26933702550304234,0.5083757057331064
Inactive second regime,0,Filtered hard gate,0.184721503411324,0.18762335169190247
Inactive second regime,0,Filtered soft gate,0.11951308134516819,0.21911975699653652
Inactive second regime,0,Oracle state gate,2.1371582163873158e-05,0.004619306913023382
Inactive second regime,1,Pooled unadjusted,1.3699701380457172,1.059466912199582
Inactive second regime,1,Pooled available adjustment,0.24920138421749208,0.4991247838943297
Inactive second regime,1,Filtered hard gate,0.10502799092292181,0.1248184637253369
Inactive second regime,1,Filtered soft gate,0.08050507518712789,0.15195173282413146
Inactive second regime,1,Oracle state gate,0.0007731661054740528,0.025385090556382328
Inactive second regime,2,Pooled unadjusted,1.2785027498027597,1.0162965855510682
Inactive second regime,2,Pooled available adjustment,0.24655053664308893,0.4873136454021839
Inactive second regime,2,Filtered hard gate,0.11610350795132725,0.1420709659981436
Inactive second regime,2,Filtered soft gate,0.08906653776208284,0.18504631942632802
Inactive second regime,2,Oracle state gate,0.0009511283192708954,0.029618462455858165
Inactive second regime,3,Pooled unadjusted,1.040997414704049,0.8898530298336064
Inactive second regime,3,Pooled available adjustment,0.2788618227868779,0.5083140139983423
Inactive second regime,3,Filtered hard gate,0.11892114168691269,0.1502798036160513
Inactive second regime,3,Filtered soft gate,0.09354363460899902,0.19440287359455727
Inactive second regime,3,Oracle state gate,0.0014145043646263931,0.03638820203736695
Inactive second regime,4,Pooled unadjusted,1.5840499384312288,1.158434693209431
Inactive second regime,4,Pooled available adjustment,0.25658781271220915,0.505598550878502
Inactive second regime,4,Filtered hard gate,0.0867162292267345,0.094203983528199
Inactive second regime,4,Filtered soft gate,0.0767930030525352,0.16758065346541626
Inactive second regime,4,Oracle state gate,5.678804098024931e-05,0.00753449379208017
Inactive second regime,5,Pooled unadjusted,1.1812179998890584,0.9660450299489455
Inactive second regime,5,Pooled available adjustment,0.2515272035850249,0.4905859670919446
Inactive second regime,5,Filtered hard gate,0.11551479247376148,0.12669470848302614
Inactive second regime,5,Filtered soft gate,0.08584569218451686,0.17424893566959485
Inactive second regime,5,Oracle state gate,0.0002569823473709141,0.01488586006484384
Inactive second regime,6,Pooled unadjusted,0.6158111583201032,0.6324841170496718
Inactive second regime,6,Pooled available adjustment,0.36084989511272847,0.5724781843384512
Inactive second regime,6,Filtered hard gate,0.15340452845468802,0.19117170837230485
Inactive second regime,6,Filtered soft gate,0.11408913903150684,0.23453242694901297
Inactive second regime,6,Oracle state gate,0.002062584585706908,0.0450194034471692
Inactive second regime,7,Pooled unadjusted,1.251906894400879,1.0009609854539177
Inactive second regime,7,Pooled available adjustment,0.24998435032246105,0.499963264956441
Inactive second regime,7,Filtered hard gate,0.1165911474143568,0.14259803790045814
Inactive second regime,7,Filtered soft gate,0.08703974140538617,0.17987788951649145
Inactive second regime,7,Oracle state gate,0.0009564159892391499,0.030825566774898873
Inactive second regime,8,Pooled unadjusted,1.6622254062858803,1.188886204094353
Inactive second regime,8,Pooled available adjustment,0.2667441623418141,0.5069334372953033
Inactive second regime,8,Filtered hard gate,0.16296912262564445,0.16695152895039667
Inactive second regime,8,Filtered soft gate,0.11108762189350996,0.2096790095066894
Inactive second regime,8,Oracle state gate,4.1801324233607955e-05,0.006013427446594902
Inactive second regime,9,Pooled unadjusted,1.2018171689568016,0.977104482108644
Inactive second regime,9,Pooled available adjustment,0.25185623510967936,0.501628787513346
Inactive second regime,9,Filtered hard gate,0.13420452612544279,0.14819429537539217
Inactive second regime,9,Filtered soft gate,0.09946841202654812,0.18897207622736117
Inactive second regime,9,Oracle state gate,0.00039088689140303343,0.01844065790764782
Inactive second regime,10,Pooled unadjusted,1.2865430519954737,1.0181670059452295
Inactive second regime,10,Pooled available adjustment,0.25027152313616113,0.4993221316736651
Inactive second regime,10,Filtered hard gate,0.13176026165258292,0.15132362231439414
Inactive second regime,10,Filtered soft gate,0.09431142056104304,0.18847963448200591
Inactive second regime,10,Oracle state gate,0.0005679174401336955,0.023830344931676753
Inactive second regime,11,Pooled unadjusted,1.4460816955695661,1.093655199580547
Inactive second regime,11,Pooled available adjustment,0.26420049804235823,0.5
Inactive second regime,11,Filtered hard gate,0.13575338578706694,0.13878324805889514
Inactive second regime,11,Filtered soft gate,0.09576467365935905,0.19126358421904519
Inactive second regime,11,Oracle state gate,1.3718637469152243e-05,0.0034054921119655024
Inactive second regime,12,Pooled unadjusted,1.6067594495651651,1.1706615435578152
Inactive second regime,12,Pooled available adjustment,0.278426420795367,0.5206435782859239
Inactive second regime,12,Filtered hard gate,0.15373904231926436,0.1835621061521343
Inactive second regime,12,Filtered soft gate,0.1158498879995801,0.23378722423787615
Inactive second regime,12,Oracle state gate,0.0014911712481979547,0.033946308034352536
Inactive second regime,13,Pooled unadjusted,1.760155236798533,1.2356359645132273
Inactive second regime,13,Pooled available adjustment,0.2815565571286669,0.5233591704744224
Inactive second regime,13,Filtered hard gate,0.17162178404411982,0.17714175735202017
Inactive second regime,13,Filtered soft gate,0.12254740039981639,0.21847069545749673
Inactive second regime,13,Oracle state gate,4.405573932718093e-05,0.006530635565586559
Inactive second regime,14,Pooled unadjusted,1.2618073296543528,1.0072816535876907
Inactive second regime,14,Pooled available adjustment,0.24733456860629865,0.49311190675130867
Inactive second regime,14,Filtered hard gate,0.09519523524132288,0.12242944446236802
Inactive second regime,14,Filtered soft gate,0.07615637459266063,0.16973814738701212
Inactive second regime,14,Oracle state gate,0.000913631550118722,0.0289344858782219
Inactive second regime,15,Pooled unadjusted,1.4478678209245992,1.1010303451424934
Inactive second regime,15,Pooled available adjustment,0.24419829452993122,0.4934544774129621
Inactive second regime,15,Filtered hard gate,0.10311302361172826,0.13683968732204513
Inactive second regime,15,Filtered soft gate,0.0890441107586089,0.19746710315975657
Inactive second regime,15,Oracle state gate,0.001859223728404659,0.034796126982244276
Inactive second regime,16,Pooled unadjusted,0.9323645107475541,0.8371741221200961
Inactive second regime,16,Pooled available adjustment,0.25618566534285153,0.5057402867247417
Inactive second regime,16,Filtered hard gate,0.10604476695327779,0.11433353429428095
Inactive second regime,16,Filtered soft gate,0.07832598977865181,0.16447016614413373
Inactive second regime,16,Oracle state gate,0.00011350163631498043,0.010453241377404096
Inactive second regime,17,Pooled unadjusted,1.1832325350396178,0.966226440871713
Inactive second regime,17,Pooled available adjustment,0.2506794207036948,0.5005037110165677
Inactive second regime,17,Filtered hard gate,0.11187081499966443,0.12838959629455782
Inactive second regime,17,Filtered soft gate,0.08342782041705028,0.16697245824955473
Inactive second regime,17,Oracle state gate,0.00047070736152089737,0.019946418901078268
Inactive second regime,18,Pooled unadjusted,1.1190728848575027,0.9343002113119223
Inactive second regime,18,Pooled available adjustment,0.24763430473147563,0.4970796423472373
Inactive second regime,18,Filtered hard gate,0.13703119319099147,0.15628846895871365
Inactive second regime,18,Filtered soft gate,0.09046157394928042,0.17481687964914572
Inactive second regime,18,Oracle state gate,0.0008524180099866019,0.026626436099352255
Inactive second regime,19,Pooled unadjusted,1.6396371930221463,1.180158122042189
Inactive second regime,19,Pooled available adjustment,0.25805825668071053,0.5055779264049544
Inactive second regime,19,Filtered hard gate,0.11213323790775544,0.13131343848035124
Inactive second regime,19,Filtered soft gate,0.08532008235105175,0.19505886721470458
Inactive second regime,19,Oracle state gate,0.0006871459882509137,0.020495786235613465
Inactive second regime,20,Pooled unadjusted,1.6188999575350687,1.171694908043501
Inactive second regime,20,Pooled available adjustment,0.27401421776483803,0.5131395132602157
Inactive second regime,20,Filtered hard gate,0.15415211669204948,0.17467020429057084
Inactive second regime,20,Filtered soft gate,0.10615652888117919,0.18958652545960186
Inactive second regime,20,Oracle state gate,0.0009125462299024666,0.029959095974553984
Inactive second regime,21,Pooled unadjusted,1.2017943882139435,0.9768799251770629
Inactive second regime,21,Pooled available adjustment,0.25057339699327275,0.48945617731770513
Inactive second regime,21,Filtered hard gate,0.14138888730289545,0.1589640054212569
Inactive second regime,21,Filtered soft gate,0.10682705890474024,0.21521787191899489
Inactive second regime,21,Oracle state gate,0.0003838292695587013,0.017989071283350356
Inactive second regime,22,Pooled unadjusted,1.4363755068175783,1.0912673855740296
Inactive second regime,22,Pooled available adjustment,0.2601929457875681,0.4747853433687359
Inactive second regime,22,Filtered hard gate,0.10067881772000722,0.1085081541769153
Inactive second regime,22,Filtered soft gate,0.07521786943634294,0.15770861884383286
Inactive second regime,22,Oracle state gate,7.354283386287626e-05,0.008569295762677669
Inactive second regime,23,Pooled unadjusted,1.2150733614666038,0.9833221046364226
Inactive second regime,23,Pooled available adjustment,0.24909827940690332,0.49894889978908474
Inactive second regime,23,Filtered hard gate,0.0986165090437076,0.1285048821335262
Inactive second regime,23,Filtered soft gate,0.0822362069454919,0.19019308162029608
Inactive second regime,23,Oracle state gate,0.000970082660010021,0.03084208743720212
Inactive second regime,24,Pooled unadjusted,1.2130346837484804,0.9842818111437807
Inactive second regime,24,Pooled available adjustment,0.24429002027059998,0.48968304345346286
Inactive second regime,24,Filtered hard gate,0.13586393824763854,0.1528516617079015
Inactive second regime,24,Filtered soft gate,0.10228617858058218,0.20197005169462082
Inactive second regime,24,Oracle state gate,0.0004250635254015299,0.018863495533292904
Inactive second regime,25,Pooled unadjusted,0.953004124681474,0.8425515560969984
Inactive second regime,25,Pooled available adjustment,0.2710474457319258,0.5139675707922714
Inactive second regime,25,Filtered hard gate,0.16414983977459377,0.17152637759168707
Inactive second regime,25,Filtered soft gate,0.12258315878070473,0.21179623872712147
Inactive second regime,25,Oracle state gate,0.00015377924725398125,0.010114090084438601
Inactive second regime,26,Pooled unadjusted,1.165351258365286,0.960078777166377
Inactive second regime,26,Pooled available adjustment,0.24817526643068044,0.4980225145241492
Inactive second regime,26,Filtered hard gate,0.13802587034441538,0.1555857299444151
Inactive second regime,26,Filtered soft gate,0.09893574108013005,0.18801065159582758
Inactive second regime,26,Oracle state gate,0.0004347185937446245,0.02071552093096581
Inactive second regime,27,Pooled unadjusted,1.2688224160496877,1.0095461435960655
Inactive second regime,27,Pooled available adjustment,0.25079856079379675,0.4979840116746112
Inactive second regime,27,Filtered hard gate,0.1550870313317921,0.16904508587800968
Inactive second regime,27,Filtered soft gate,0.10979121146723035,0.19881153708436552
Inactive second regime,27,Oracle state gate,0.0006338961607906606,0.020955783160735073
Inactive second regime,28,Pooled unadjusted,1.319815217650274,1.0436168921832736
Inactive second regime,28,Pooled available adjustment,0.2339657160743363,0.47729570890338396
Inactive second regime,28,Filtered hard gate,0.10738582469885867,0.11799347454371335
Inactive second regime,28,Filtered soft gate,0.08259586507492142,0.1630839843535473
Inactive second regime,28,Oracle state gate,0.00019941539219917005,0.012606111489926814
Inactive second regime,29,Pooled unadjusted,1.432355782117368,1.090757435050235
Inactive second regime,29,Pooled available adjustment,0.24828063167164516,0.4981670690782151
Inactive second regime,29,Filtered hard gate,0.11118651769448253,0.13352187621696912
Inactive second regime,29,Filtered soft gate,0.08321824017844891,0.1576300544647824
Inactive second regime,29,Oracle state gate,0.0011423018716574078,0.0288802798426623
Inactive second regime,30,Pooled unadjusted,1.2210620089551811,0.9858514132237078
Inactive second regime,30,Pooled available adjustment,0.25051181059199695,0.4961847267330513
Inactive second regime,30,Filtered hard gate,0.15521646936580874,0.17962365406320907
Inactive second regime,30,Filtered soft gate,0.10963937900466976,0.21125602688916623
Inactive second regime,30,Oracle state gate,0.0009995932572868613,0.03125426371820826
Inactive second regime,31,Pooled unadjusted,1.3450319050876833,1.049193931114588
Inactive second regime,31,Pooled available adjustment,0.24816103980305126,0.4789106330882315
Inactive second regime,31,Filtered hard gate,0.13820133881465932,0.16556193827140736
Inactive second regime,31,Filtered soft gate,0.10826298911803448,0.2185268912488516
Inactive second regime,31,Oracle state gate,0.0017533840602542952,0.029848537971207078
Inactive second regime,32,Pooled unadjusted,1.2297610573349902,0.9935577775524634
Inactive second regime,32,Pooled available adjustment,0.24265978859723233,0.48649269835390363
Inactive second regime,32,Filtered hard gate,0.11324572665943343,0.13151142037139818
Inactive second regime,32,Filtered soft gate,0.08971568830690557,0.19500900755533948
Inactive second regime,32,Oracle state gate,0.0004981819432545914,0.01836895650554022
Inactive second regime,33,Pooled unadjusted,1.2604805754612547,1.008984427759544
Inactive second regime,33,Pooled available adjustment,0.2428666486304251,0.4884937623731119
Inactive second regime,33,Filtered hard gate,0.1791430825423003,0.20627321360821038
Inactive second regime,33,Filtered soft gate,0.11088537113591042,0.1919650322935646
Inactive second regime,33,Oracle state gate,0.001979888567927701,0.04379332664277519
Inactive second regime,34,Pooled unadjusted,0.9556996465739314,0.8434006441626253
Inactive second regime,34,Pooled available adjustment,0.2662477353771285,0.5109341507835075
Inactive second regime,34,Filtered hard gate,0.11318040258237841,0.1351567053408662
Inactive second regime,34,Filtered soft gate,0.08127145516712321,0.17304276586386552
Inactive second regime,34,Oracle state gate,0.0007861286822263798,0.02696602409555298
Inactive second regime,35,Pooled unadjusted,1.2886648388218949,1.0195905250745985
Inactive second regime,35,Pooled available adjustment,0.25137830254215493,0.501063894053864
Inactive second regime,35,Filtered hard gate,0.14163795895760484,0.1475654701901553
Inactive second regime,35,Filtered soft gate,0.09803343350653371,0.1908954131083229
Inactive second regime,35,Oracle state gate,9.033525423655983e-05,0.008232363033775844
Inactive second regime,36,Pooled unadjusted,1.0296821569796748,0.8874700879351795
Inactive second regime,36,Pooled available adjustment,0.25603787405498907,0.5051882868634328
Inactive second regime,36,Filtered hard gate,0.0904634515812569,0.10174190324708758
Inactive second regime,36,Filtered soft gate,0.06976742004882727,0.15561194045890692
Inactive second regime,36,Oracle state gate,0.00015076604665070472,0.012194729419782984
Inactive second regime,37,Pooled unadjusted,1.203613916912129,0.9788962748484281
Inactive second regime,37,Pooled available adjustment,0.24773857158799667,0.4973624556644446
Inactive second regime,37,Filtered hard gate,0.12714176773309582,0.15371666665895972
Inactive second regime,37,Filtered soft gate,0.09194703172038875,0.16751542665492122
Inactive second regime,37,Oracle state gate,0.0015708669847214972,0.03611233443016138
Inactive second regime,38,Pooled unadjusted,1.4062739025582942,1.075324556847045
Inactive second regime,38,Pooled available adjustment,0.254934347430164,0.500890299598458
Inactive second regime,38,Filtered hard gate,0.09551527476606403,0.11447491256418656
Inactive second regime,38,Filtered soft gate,0.07279960867925059,0.16666215952264612
Inactive second regime,38,Oracle state gate,0.0004642450151373603,0.02150053626205616
Inactive second regime,39,Pooled unadjusted,1.2842966707138204,1.0208906262248763
Inactive second regime,39,Pooled available adjustment,0.24343770277021878,0.4907191842354573
Inactive second regime,39,Filtered hard gate,0.10548351510675547,0.14926150805277466
Inactive second regime,39,Filtered soft gate,0.08853970675056934,0.21016646019981913
Inactive second regime,39,Oracle state gate,0.0025837053583883003,0.04700762726003305
Inactive second regime,40,Pooled unadjusted,1.6117516597885957,1.1675597028797264
Inactive second regime,40,Pooled available adjustment,0.27746733452967753,0.4841894666476183
Inactive second regime,40,Filtered hard gate,0.15437211722175098,0.1730935197587706
Inactive second regime,40,Filtered soft gate,0.1122713072172316,0.20286702072279889
Inactive second regime,40,Oracle state gate,0.0012797789857646484,0.027795227510258133
Inactive second regime,41,Pooled unadjusted,1.4794417827266289,1.1132128200513272
Inactive second regime,41,Pooled available adjustment,0.2510896917303029,0.5010609784541048
Inactive second regime,41,Filtered hard gate,0.14889629294689882,0.20402092362620883
Inactive second regime,41,Filtered soft gate,0.1093812679079838,0.22398661844626766
Inactive second regime,41,Oracle state gate,0.004943409553497527,0.07025566638278455
Inactive second regime,42,Pooled unadjusted,1.1415409680100548,0.9444945568980558
Inactive second regime,42,Pooled available adjustment,0.2550562583625787,0.4955042090384643
Inactive second regime,42,Filtered hard gate,0.1302275188998031,0.17449389983255822
Inactive second regime,42,Filtered soft gate,0.08878443021877837,0.20066082660331921
Inactive second regime,42,Oracle state gate,0.002705862645835031,0.0508084500581739
Inactive second regime,43,Pooled unadjusted,1.0845550223225,0.9142888068452443
Inactive second regime,43,Pooled available adjustment,0.2594554686584213,0.5049610122985689
Inactive second regime,43,Filtered hard gate,0.11234031863932013,0.132093264376832
Inactive second regime,43,Filtered soft gate,0.08025661609014118,0.16765342981657175
Inactive second regime,43,Oracle state gate,0.0011488655818398196,0.02609326437683199
Inactive second regime,44,Pooled unadjusted,1.4523625233136264,1.1007172767398656
Inactive second regime,44,Pooled available adjustment,0.24750250482546596,0.497305565309983
Inactive second regime,44,Filtered hard gate,0.09760311999318186,0.11162197014791526
Inactive second regime,44,Filtered soft gate,0.07807893056034941,0.17051106367505517
Inactive second regime,44,Oracle state gate,0.0002398328029551455,0.014892103356802711
Inactive second regime,45,Pooled unadjusted,1.2597116270546354,1.004868462563452
Inactive second regime,45,Pooled available adjustment,0.2499791431364056,0.4998277298529994
Inactive second regime,45,Filtered hard gate,0.11861805801026865,0.14119912446159552
Inactive second regime,45,Filtered soft gate,0.08269663285862905,0.16080502065334282
Inactive second regime,45,Oracle state gate,0.0009172121345976111,0.030194429947946324
Inactive second regime,46,Pooled unadjusted,1.2556079147272274,1.0043624419138877
Inactive second regime,46,Pooled available adjustment,0.24745126007371784,0.4964421463418019
Inactive second regime,46,Filtered hard gate,0.10333647041351252,0.11436322317346047
Inactive second regime,46,Filtered soft gate,0.08208291390666439,0.17691058319845288
Inactive second regime,46,Oracle state gate,0.00015901619988098567,0.012588963584745642
Inactive second regime,47,Pooled unadjusted,1.16598329134617,0.9575720815406902
Inactive second regime,47,Pooled available adjustment,0.2530613175238586,0.49414585191508353
Inactive second regime,47,Filtered hard gate,0.09310068724354201,0.1264889841935149
Inactive second regime,47,Filtered soft gate,0.06267614960361734,0.134622827479462
Inactive second regime,47,Oracle state gate,0.0019553099612348466,0.042335474883524966
Inactive second regime,48,Pooled unadjusted,1.144819945848361,0.9460253410180727
Inactive second regime,48,Pooled available adjustment,0.25021687924071134,0.4992560762754038
Inactive second regime,48,Filtered hard gate,0.1234305859734724,0.1341810292374768
Inactive second regime,48,Filtered soft gate,0.10223129403669949,0.1972917510318041
Inactive second regime,48,Oracle state gate,0.00013645152933933284,0.010903303670127424
Inactive second regime,49,Pooled unadjusted,1.475724238119966,1.108121490685911
Inactive second regime,49,Pooled available adjustment,0.2534562483905463,0.48850682263269196
Inactive second regime,49,Filtered hard gate,0.10748212186989385,0.12376559953861813
Inactive second regime,49,Filtered soft gate,0.0872908290412889,0.18019058485487352
Inactive second regime,49,Oracle state gate,0.00034847035230692927,0.016893230131947438
Inactive second regime,50,Pooled unadjusted,1.3275261080070815,1.0386294372908373
Inactive second regime,50,Pooled available adjustment,0.24910687311385926,0.4988252169454295
Inactive second regime,50,Filtered hard gate,0.112529777412239,0.11480333065167367
Inactive second regime,50,Filtered soft gate,0.08663991502918801,0.1798498545180167
Inactive second regime,50,Oracle state gate,6.3176948426541485e-06,0.0023095636235121054
Inactive second regime,51,Pooled unadjusted,1.6102769835489652,1.1738679583108849
Inactive second regime,51,Pooled available adjustment,0.26622549449829785,0.5136082631022367
Inactive second regime,51,Filtered hard gate,0.08017024370542007,0.0860224716023856
Inactive second regime,51,Filtered soft gate,0.06251383126550336,0.1483745845062429
Inactive second regime,51,Oracle state gate,7.02693100085679e-05,0.007029533259801133
Inactive second regime,52,Pooled unadjusted,1.0458126402341295,0.8920883589836428
Inactive second regime,52,Pooled available adjustment,0.2569057718893945,0.500480930644497
Inactive second regime,52,Filtered hard gate,0.11784669961038668,0.13121664431840116
Inactive second regime,52,Filtered soft gate,0.0925504995712352,0.19177134538530158
Inactive second regime,52,Oracle state gate,0.00023227538983339126,0.015199413876598018
Inactive second regime,53,Pooled unadjusted,0.9511980261106542,0.8500082506132829
Inactive second regime,53,Pooled available adjustment,0.23994300385546008,0.48835166835498894
Inactive second regime,53,Filtered hard gate,0.11787946382514979,0.13751591721680337
Inactive second regime,53,Filtered soft gate,0.08439864813062146,0.1737579047907613
Inactive second regime,53,Oracle state gate,0.0007850240948144757,0.025262528264224877
Inactive second regime,54,Pooled unadjusted,1.2411964701200109,0.996135266979345
Inactive second regime,54,Pooled available adjustment,0.25034881176202084,0.4953193797660526
Inactive second regime,54,Filtered hard gate,0.14276630261078826,0.15895851434707878
Inactive second regime,54,Filtered soft gate,0.10902269053044665,0.2193976445879456
Inactive second regime,54,Oracle state gate,0.00047290551860505823,0.017301293750577262
Inactive second regime,55,Pooled unadjusted,1.7417477357293834,1.2506433287430045
Inactive second regime,55,Pooled available adjustment,0.23027986443112966,0.478714551978755
Inactive second regime,55,Filtered hard gate,0.12754084443789776,0.1538619737728517
Inactive second regime,55,Filtered soft gate,0.08985944046126193,0.16329958914987347
Inactive second regime,55,Oracle state gate,0.0012037347697220297,0.03248984009494111
Inactive second regime,56,Pooled unadjusted,1.4528588301617658,1.097034106198055
Inactive second regime,56,Pooled available adjustment,0.2561385222933323,0.5028620318254278
Inactive second regime,56,Filtered hard gate,0.13965440818870264,0.16993300626459024
Inactive second regime,56,Filtered soft gate,0.09635896635945662,0.17550144404667464
Inactive second regime,56,Oracle state gate,0.0028693805047607032,0.043809556877907094
Inactive second regime,57,Pooled unadjusted,1.6867090697582332,1.2002304236096635
Inactive second regime,57,Pooled available adjustment,0.27452957908447145,0.5131991288597268
Inactive second regime,57,Filtered hard gate,0.09237489083446479,0.13305417906621342
Inactive second regime,57,Filtered soft gate,0.08219929151074977,0.18863920112487634
Inactive second regime,57,Oracle state gate,0.0025007281964260085,0.04360078332838054
Inactive second regime,58,Pooled unadjusted,1.4932287666741126,1.1194770058710957
Inactive second regime,58,Pooled available adjustment,0.25957289808705913,0.5079806347941279
Inactive second regime,58,Filtered hard gate,0.1224372849966712,0.13069171860936876
Inactive second regime,58,Filtered soft gate,0.08918504611740598,0.1872817715367255
Inactive second regime,58,Oracle state gate,0.00010397632336335871,0.008017639282697919
Inactive second regime,59,Pooled unadjusted,0.8056113253583603,0.7640911760767563
Inactive second regime,59,Pooled available adjustment,0.2800392410555455,0.5246549399109974
Inactive second regime,59,Filtered hard gate,0.10238897869474141,0.13902833367498266
Inactive second regime,59,Filtered soft gate,0.08048081329716959,0.18814539174877862
Inactive second regime,59,Oracle state gate,0.0016021508805671607,0.03850112575971031
Inactive second regime,60,Pooled unadjusted,0.9463819194045859,0.8353148624348699
Inactive second regime,60,Pooled available adjustment,0.28716351098837545,0.5117879777699246
Inactive second regime,60,Filtered hard gate,0.08313515636624488,0.12762925769587777
Inactive second regime,60,Filtered soft gate,0.0688604636436927,0.1633157497283997
Inactive second regime,60,Oracle state gate,0.002685789713742559,0.051059034005017864
Inactive second regime,61,Pooled unadjusted,0.7933790736742271,0.7520505791994492
Inactive second regime,61,Pooled available adjustment,0.27390663577666985,0.5195866121705369
Inactive second regime,61,Filtered hard gate,0.1482700083395352,0.1710426752347455
Inactive second regime,61,Filtered soft gate,0.09702664498089224,0.1798367178586085
Inactive second regime,61,Oracle state gate,0.0016081227423281623,0.03558499776391512
Inactive second regime,62,Pooled unadjusted,1.258085038398837,1.005133841037519
Inactive second regime,62,Pooled available adjustment,0.24788320295035943,0.49467938974669234
Inactive second regime,62,Filtered hard gate,0.13230095036563716,0.1420712014843799
Inactive second regime,62,Filtered soft gate,0.10120299454670185,0.20575055574486062
Inactive second regime,62,Oracle state gate,0.0001876071994421058,0.010012956400897416
Inactive second regime,63,Pooled unadjusted,1.1027594613125054,0.9367008387486934
Inactive second regime,63,Pooled available adjustment,0.22951700599537286,0.4709690058745681
Inactive second regime,63,Filtered hard gate,0.10928511792842271,0.11987948206118222
Inactive second regime,63,Filtered soft gate,0.08452886450811439,0.17573603008934383
Inactive second regime,63,Oracle state gate,0.00015079631852012127,0.0108749496321376
Inactive second regime,64,Pooled unadjusted,1.2682875602969492,1.0100611666116808
Inactive second regime,64,Pooled available adjustment,0.2482620409568612,0.49736639782377573
Inactive second regime,64,Filtered hard gate,0.10343075034894164,0.13570408137850054
Inactive second regime,64,Filtered soft gate,0.08856002410903752,0.19478322102084533
Inactive second regime,64,Oracle state gate,0.00142550255864017,0.034524800272074274
Inactive second regime,65,Pooled unadjusted,1.6319447541285625,1.1785587614236988
Inactive second regime,65,Pooled available adjustment,0.2692972105996831,0.5131605689286038
Inactive second regime,65,Filtered hard gate,0.1237763623659995,0.1477417534201
Inactive second regime,65,Filtered soft gate,0.09516579813878638,0.18551531658047554
Inactive second regime,65,Oracle state gate,0.0008389005820447189,0.027445049206603053
Inactive second regime,66,Pooled unadjusted,1.0870036438109734,0.9181136333869429
Inactive second regime,66,Pooled available adjustment,0.25104430814691814,0.5010019757391806
Inactive second regime,66,Filtered hard gate,0.10917537236899008,0.11639551093733291
Inactive second regime,66,Filtered soft gate,0.08839902149653707,0.17579477142969074
Inactive second regime,66,Oracle state gate,9.176758978853411e-05,0.00867337644382315
Inactive second regime,67,Pooled unadjusted,1.0962178637349411,0.9199450329965054
Inactive second regime,67,Pooled available adjustment,0.2543445044846801,0.5010354403755664
Inactive second regime,67,Filtered hard gate,0.11105634680416603,0.11794327080087291
Inactive second regime,67,Filtered soft gate,0.08004027583064663,0.1690998360043352
Inactive second regime,67,Oracle state gate,6.398606328495457e-05,0.007853276326198505
Inactive second regime,68,Pooled unadjusted,1.0552629057973522,0.9045766445124216
Inactive second regime,68,Pooled available adjustment,0.2436283183065983,0.49256490068007597
Inactive second regime,68,Filtered hard gate,0.09668400252470453,0.10431633481194426
Inactive second regime,68,Filtered soft gate,0.07821335817427252,0.155195923410764
Inactive second regime,68,Oracle state gate,9.977249171776147e-05,0.009352363374425743
Inactive second regime,69,Pooled unadjusted,1.1113717284438185,0.9297890773954163
Inactive second regime,69,Pooled available adjustment,0.25702498059960943,0.5050177892204194
Inactive second regime,69,Filtered hard gate,0.10853469680698828,0.14954172847219208
Inactive second regime,69,Filtered soft gate,0.08873879505044269,0.19574505823946795
Inactive second regime,69,Oracle state gate,0.0024677156383831386,0.04639099868913642
Inactive second regime,70,Pooled unadjusted,0.8237622663116707,0.7637841752168415
Inactive second regime,70,Pooled available adjustment,0.2916455943378994,0.5251632115688173
Inactive second regime,70,Filtered hard gate,0.10407988056227949,0.14878703326132095
Inactive second regime,70,Filtered soft gate,0.08470606711785235,0.20266950928563682
Inactive second regime,70,Oracle state gate,0.0031855593952558633,0.04676733504523236
Inactive second regime,71,Pooled unadjusted,1.2696115475519223,1.0097626194071172
Inactive second regime,71,Pooled available adjustment,0.251031744653712,0.5001755634457578
Inactive second regime,71,Filtered hard gate,0.1527306061929135,0.18183091079714625
Inactive second regime,71,Filtered soft gate,0.09391682125255883,0.17811992707333082
Inactive second regime,71,Oracle state gate,0.0018959543964398526,0.042905143563507185
Inactive second regime,72,Pooled unadjusted,0.8662453302836648,0.8001689385896361
Inactive second regime,72,Pooled available adjustment,0.2756577664081941,0.5210478570711671
Inactive second regime,72,Filtered hard gate,0.06168812419553489,0.07116802108501306
Inactive second regime,72,Filtered soft gate,0.05400500633839017,0.1464995287036657
Inactive second regime,72,Oracle state gate,0.00010614695798459528,0.009529628922904652
Inactive second regime,73,Pooled unadjusted,1.0546498487508496,0.9019345035815235
Inactive second regime,73,Pooled available adjustment,0.25649387090132514,0.5056050049004684
Inactive second regime,73,Filtered hard gate,0.16316578763989364,0.17133282597131108
Inactive second regime,73,Filtered soft gate,0.12176768565696394,0.22829766073692567
Inactive second regime,73,Oracle state gate,6.867867799149726e-05,0.008134130267992689
Inactive second regime,74,Pooled unadjusted,1.8371668644487409,1.271112844891728
Inactive second regime,74,Pooled available adjustment,0.30375883916792795,0.5398550473148196
Inactive second regime,74,Filtered hard gate,0.15001842413142621,0.15839070429727573
Inactive second regime,74,Filtered soft gate,0.10553621580797967,0.19300833646739027
Inactive second regime,74,Oracle state gate,0.00026963153894839074,0.012750273080801847
Inactive second regime,75,Pooled unadjusted,1.3312027642347755,1.040503130333963
Inactive second regime,75,Pooled available adjustment,0.25045957773770733,0.5004278807296098
Inactive second regime,75,Filtered hard gate,0.145459591408559,0.1571398921811466
Inactive second regime,75,Filtered soft gate,0.09609422170342738,0.18069434645956978
Inactive second regime,75,Oracle state gate,0.00044016574659260334,0.01718815379337144
Inactive second regime,76,Pooled unadjusted,1.6121143250315029,1.1682993302366917
Inactive second regime,76,Pooled available adjustment,0.25453486862537883,0.5034658157111842
Inactive second regime,76,Filtered hard gate,0.1398379924595952,0.16061077267070828
Inactive second regime,76,Filtered soft gate,0.10554297828620617,0.21797927735134062
Inactive second regime,76,Oracle state gate,0.0008015297012485195,0.020161052101613137
Inactive second regime,77,Pooled unadjusted,0.6396716095498288,0.6785481630288516
Inactive second regime,77,Pooled available adjustment,0.28586589866377865,0.5322020070559
Inactive second regime,77,Filtered hard gate,0.1445845519419986,0.15375163214534274
Inactive second regime,77,Filtered soft gate,0.10845110494939769,0.2095462170471023
Inactive second regime,77,Oracle state gate,0.00023383970181844194,0.008530109090950304
Inactive second regime,78,Pooled unadjusted,1.8821654976719044,1.2892224391748326
Inactive second regime,78,Pooled available adjustment,0.2766881910114934,0.5224705104877523
Inactive second regime,78,Filtered hard gate,0.11658832910502302,0.12752779250093932
Inactive second regime,78,Filtered soft gate,0.09031671830548968,0.18376680581316082
Inactive second regime,78,Oracle state gate,0.00019488681640876792,0.010918103739751953
Inactive second regime,79,Pooled unadjusted,1.2315285982110349,0.9918354693249455
Inactive second regime,79,Pooled available adjustment,0.2505535363307091,0.49064137544250264
Inactive second regime,79,Filtered hard gate,0.14905240977712209,0.15876568885753858
Inactive second regime,79,Filtered soft gate,0.11075748583057546,0.21283647869030967
Inactive second regime,79,Oracle state gate,0.00015674242705034005,0.009378796599913473
Inactive second regime,80,Pooled unadjusted,1.1197866220023747,0.9420592454842612
Inactive second regime,80,Pooled available adjustment,0.23815797642149408,0.4849618294899252
Inactive second regime,80,Filtered hard gate,0.11190635484336914,0.1286429855076666
Inactive second regime,80,Filtered soft gate,0.08411853733774663,0.18173150113046324
Inactive second regime,80,Oracle state gate,0.0003276908919427837,0.017271297097565363
Inactive second regime,81,Pooled unadjusted,1.324182661232213,1.0381058044497258
Inactive second regime,81,Pooled available adjustment,0.24657125499667276,0.4921850061115867
Inactive second regime,81,Filtered hard gate,0.12795772913697534,0.1605178685575688
Inactive second regime,81,Filtered soft gate,0.0970846441679624,0.21165873012588948
Inactive second regime,81,Oracle state gate,0.001141856779972919,0.033751369344056474
Inactive second regime,82,Pooled unadjusted,1.3444766900767224,1.0463831468810656
Inactive second regime,82,Pooled available adjustment,0.2575649308963117,0.5028759864423775
Inactive second regime,82,Filtered hard gate,0.12169667109540143,0.14938895342813557
Inactive second regime,82,Filtered soft gate,0.09041969297214583,0.18928245275218056
Inactive second regime,82,Oracle state gate,0.0020989279482755007,0.03725396020735112
Inactive second regime,83,Pooled unadjusted,1.2979235864923624,1.0254972386566246
Inactive second regime,83,Pooled available adjustment,0.24995442988361458,0.49995428950134585
Inactive second regime,83,Filtered hard gate,0.1505507011170558,0.16155558948253276
Inactive second regime,83,Filtered soft gate,0.1164677106126938,0.20996670430715272
Inactive second regime,83,Oracle state gate,0.00035475252347947803,0.01646340843732869
Inactive second regime,84,Pooled unadjusted,1.265672255858838,1.0113002797680013
Inactive second regime,84,Pooled available adjustment,0.24407554688363745,0.48023673649138665
Inactive second regime,84,Filtered hard gate,0.12167400015568376,0.15630873379307228
Inactive second regime,84,Filtered soft gate,0.09300172152103287,0.18143229438916608
Inactive second regime,84,Oracle state gate,0.0017703914841399782,0.04112382184405212
Inactive second regime,85,Pooled unadjusted,1.3229159731352584,1.036250921898388
Inactive second regime,85,Pooled available adjustment,0.24910800442559333,0.4983697525615014
Inactive second regime,85,Filtered hard gate,0.12231075322427515,0.151286535560571
Inactive second regime,85,Filtered soft gate,0.0834382262510265,0.15937233216467273
Inactive second regime,85,Oracle state gate,0.001546907383686548,0.03930798087624206
Inactive second regime,86,Pooled unadjusted,1.249877951517854,0.9999794755483008
Inactive second regime,86,Pooled available adjustment,0.25009635798165986,0.49959828352985697
Inactive second regime,86,Filtered hard gate,0.12491713219843945,0.15074265735277342
Inactive second regime,86,Filtered soft gate,0.08549604747281885,0.16659093453439203
Inactive second regime,86,Oracle state gate,0.0014625054527470606,0.03553437602443176
Inactive second regime,87,Pooled unadjusted,0.8714205590214744,0.7917679957042179
Inactive second regime,87,Pooled available adjustment,0.273350502218212,0.5141759864809681
Inactive second regime,87,Filtered hard gate,0.13639045172004866,0.14474747082731415
Inactive second regime,87,Filtered soft gate,0.09844294943629857,0.19449741928735975
Inactive second regime,87,Oracle state gate,9.925902132197247e-05,0.009955640354321442
Inactive second regime,88,Pooled unadjusted,1.472856639256223,1.1091675433658443
Inactive second regime,88,Pooled available adjustment,0.2590548464020549,0.5072688667091388
Inactive second regime,88,Filtered hard gate,0.13198874455579948,0.16637863334636208
Inactive second regime,88,Filtered soft gate,0.09088930022333144,0.17105925139299105
Inactive second regime,88,Oracle state gate,0.0033101146339382954,0.04768570765788713
Inactive second regime,89,Pooled unadjusted,1.6210781936038547,1.171002644575944
Inactive second regime,89,Pooled available adjustment,0.2644820846292394,0.5028090832860548
Inactive second regime,89,Filtered hard gate,0.07544443387026968,0.10119454200623532
Inactive second regime,89,Filtered soft gate,0.058937086641723,0.1385626553524821
Inactive second regime,89,Oracle state gate,0.0010813917973413315,0.029806366641132655
Inactive second regime,90,Pooled unadjusted,1.1940351692345503,0.9717016873683766
Inactive second regime,90,Pooled available adjustment,0.24984259989989813,0.49975055242701966
Inactive second regime,90,Filtered hard gate,0.1280967484173015,0.14761512434731597
Inactive second regime,90,Filtered soft gate,0.09545746320065289,0.20113267357247958
Inactive second regime,90,Oracle state gate,0.00039648806601430076,0.019907717690046088
Inactive second regime,91,Pooled unadjusted,0.9367950158715029,0.8295125170071295
Inactive second regime,91,Pooled available adjustment,0.2712196169353063,0.5082117474143293
Inactive second regime,91,Filtered hard gate,0.16751517246129385,0.1777451265462567
Inactive second regime,91,Filtered soft gate,0.12345075694239489,0.21886105302229084
Inactive second regime,91,Oracle state gate,0.00029494061753217247,0.014337573300712302
Inactive second regime,92,Pooled unadjusted,1.3823986184307324,1.0646232283914967
Inactive second regime,92,Pooled available adjustment,0.25213131919029547,0.5015470225873352
Inactive second regime,92,Filtered hard gate,0.11843719581486624,0.1474981819540186
Inactive second regime,92,Filtered soft gate,0.08691008042164933,0.1802932311108578
Inactive second regime,92,Oracle state gate,0.0011532730635243178,0.03382461009794853
Inactive second regime,93,Pooled unadjusted,0.8815142422227832,0.8060640434995122
Inactive second regime,93,Pooled available adjustment,0.2781897689714357,0.5217190352164937
Inactive second regime,93,Filtered hard gate,0.15968978582393167,0.17198343001492716
Inactive second regime,93,Filtered soft gate,0.11147157803229903,0.20743464641968856
Inactive second regime,93,Oracle state gate,0.001231219053753505,0.022230650757426047
Inactive second regime,94,Pooled unadjusted,1.1484383941319976,0.9478599021648701
Inactive second regime,94,Pooled available adjustment,0.258200289953157,0.5
Inactive second regime,94,Filtered hard gate,0.1350600257707265,0.15905015203721143
Inactive second regime,94,Filtered soft gate,0.10117141649402271,0.21120417465379474
Inactive second regime,94,Oracle state gate,0.0013245130988031794,0.026238080106966155
Inactive second regime,95,Pooled unadjusted,1.0537830731315858,0.8968606765443483
Inactive second regime,95,Pooled available adjustment,0.2713918460033403,0.4917336541276308
Inactive second regime,95,Filtered hard gate,0.1428887755494431,0.15309785359394976
Inactive second regime,95,Filtered soft gate,0.10454583617107238,0.19649252775324766
Inactive second regime,95,Oracle state gate,0.00015917255603538217,0.012477550839510585
Inactive second regime,96,Pooled unadjusted,1.0830575744320403,0.9128431269566749
Inactive second regime,96,Pooled available adjustment,0.25489095007354445,0.49740422390119793
Inactive second regime,96,Filtered hard gate,0.09834137931412124,0.11802456819936152
Inactive second regime,96,Filtered soft gate,0.08150408015075632,0.18341392110537633
Inactive second regime,96,Oracle state gate,0.00042887150071370134,0.02009279141050336
Inactive second regime,97,Pooled unadjusted,1.3608400627474218,1.054135220333436
Inactive second regime,97,Pooled available adjustment,0.25669845083873477,0.49608521954855445
Inactive second regime,97,Filtered hard gate,0.10516714638550341,0.12525702351341694
Inactive second regime,97,Filtered soft gate,0.07161905331581894,0.14705628690841427
Inactive second regime,97,Oracle state gate,0.0007633505778597649,0.025932727705750953
Inactive second regime,98,Pooled unadjusted,1.4061702281656452,1.0758899702876896
Inactive second regime,98,Pooled available adjustment,0.2579637785737731,0.5044108667262708
Inactive second regime,98,Filtered hard gate,0.14496486300052122,0.1517840154211105
Inactive second regime,98,Filtered soft gate,0.10971440171085303,0.20195032069068466
Inactive second regime,98,Oracle state gate,0.00015638297345607694,0.009527055533625144
Inactive second regime,99,Pooled unadjusted,1.1407705378359307,0.944653660256462
Inactive second regime,99,Pooled available adjustment,0.25469433466239927,0.503146947442618
Inactive second regime,99,Filtered hard gate,0.1293083656435818,0.18556568103155227
Inactive second regime,99,Filtered soft gate,0.1022606207466539,0.2310979811951848
Inactive second regime,99,Oracle state gate,0.0037790081329814235,0.06049879723473251
Inactive second regime,100,Pooled unadjusted,1.1137665845646378,0.935415728200375
Inactive second regime,100,Pooled available adjustment,0.23986081210482185,0.4845490485854402
Inactive second regime,100,Filtered hard gate,0.10602483997029703,0.11683307475994653
Inactive second regime,100,Filtered soft gate,0.08474062636392861,0.17887760779963627
Inactive second regime,100,Oracle state gate,0.000181776620354073,0.01188821852682682
Inactive second regime,101,Pooled unadjusted,1.5065620266881485,1.1225693861352843
Inactive second regime,101,Pooled available adjustment,0.2623150310957541,0.47766142517345644
Inactive second regime,101,Filtered hard gate,0.10138592919966993,0.13350261992417012
Inactive second regime,101,Filtered soft gate,0.07395272064664149,0.15123205245492488
Inactive second regime,101,Oracle state gate,0.0017474853820870803,0.04160166731225939
Inactive second regime,102,Pooled unadjusted,1.3480408629259877,1.0502770410353588
Inactive second regime,102,Pooled available adjustment,0.24853235374641822,0.48142958996379326
Inactive second regime,102,Filtered hard gate,0.127475592776194,0.1695804314192016
Inactive second regime,102,Filtered soft gate,0.09995787530049813,0.22234736469127056
Inactive second regime,102,Oracle state gate,0.0019551495057072267,0.043905797373441295
Inactive second regime,103,Pooled unadjusted,1.526414624872227,1.1451565940395345
Inactive second regime,103,Pooled available adjustment,0.23464109257997018,0.4824354790682833
Inactive second regime,103,Filtered hard gate,0.10283768470572013,0.12844642611738277
Inactive second regime,103,Filtered soft gate,0.07770081912919212,0.1616361819544838
Inactive second regime,103,Oracle state gate,0.0009259162139552099,0.028334821164336287
Inactive second regime,104,Pooled unadjusted,1.4767715357741722,1.1221281280558706
Inactive second regime,104,Pooled available adjustment,0.23083947111994488,0.47662264425582773
Inactive second regime,104,Filtered hard gate,0.1600615790273032,0.1875002657513039
Inactive second regime,104,Filtered soft gate,0.11471672371687172,0.20358361121054033
Inactive second regime,104,Oracle state gate,0.0014307612122341593,0.034865164733307905
Inactive second regime,105,Pooled unadjusted,1.134066128628397,0.942224563800158
Inactive second regime,105,Pooled available adjustment,0.24998200170978221,0.48513402010722023
Inactive second regime,105,Filtered hard gate,0.12665990043363878,0.13178940153531346
Inactive second regime,105,Filtered soft gate,0.09140139332584549,0.18705953462876818
Inactive second regime,105,Oracle state gate,4.171154916689036e-05,0.00621073397401115
Inactive second regime,106,Pooled unadjusted,1.451655918742894,1.0969671456989467
Inactive second regime,106,Pooled available adjustment,0.26668085754444787,0.5077494864050166
Inactive second regime,106,Filtered hard gate,0.15226799527104173,0.1652681968984088
Inactive second regime,106,Filtered soft gate,0.11173584102419332,0.1975623701233258
Inactive second regime,106,Oracle state gate,0.0003927535994711119,0.018724230500964237
Inactive second regime,107,Pooled unadjusted,1.000070002012567,0.8671326323075191
Inactive second regime,107,Pooled available adjustment,0.25975630624048773,0.505566601715921
Inactive second regime,107,Filtered hard gate,0.13870545005888868,0.15133622080397469
Inactive second regime,107,Filtered soft gate,0.1049555492462026,0.19876372115895413
Inactive second regime,107,Oracle state gate,0.0005950626680288671,0.018506752067881934
Inactive second regime,108,Pooled unadjusted,1.5106883906158788,1.1259415573713754
Inactive second regime,108,Pooled available adjustment,0.2682637325589799,0.5126204546524379
Inactive second regime,108,Filtered hard gate,0.1290131299511501,0.1556992864174065
Inactive second regime,108,Filtered soft gate,0.10332617114320082,0.19880637451299413
Inactive second regime,108,Oracle state gate,0.0013928099501325948,0.03504604071221733
Inactive second regime,109,Pooled unadjusted,1.0270901685680482,0.9001189746739305
Inactive second regime,109,Pooled available adjustment,0.22823522446543432,0.47254699716164683
Inactive second regime,109,Filtered hard gate,0.1059512392344333,0.11431202928169605
Inactive second regime,109,Filtered soft gate,0.07963064229864639,0.16929366748072255
Inactive second regime,109,Oracle state gate,0.00022223792133506485,0.011727069815883163
Inactive second regime,110,Pooled unadjusted,0.8239374439200512,0.7820316131206275
Inactive second regime,110,Pooled available adjustment,0.25577832214951834,0.5055720827375579
Inactive second regime,110,Filtered hard gate,0.10832142233449742,0.1272266910178918
Inactive second regime,110,Filtered soft gate,0.08451240909035586,0.16937965661605367
Inactive second regime,110,Oracle state gate,0.00046579180711474457,0.020758029381434864
Inactive second regime,111,Pooled unadjusted,1.3457343790543672,1.0477401295428022
Inactive second regime,111,Pooled available adjustment,0.24921333165105497,0.4991170943108069
Inactive second regime,111,Filtered hard gate,0.13687844366421142,0.13924556909511654
Inactive second regime,111,Filtered soft gate,0.09872798361049613,0.1876774570750967
Inactive second regime,111,Oracle state gate,1.0675004715465103e-05,0.0032576434193490613
Inactive second regime,112,Pooled unadjusted,1.176020947782614,0.9654558238379493
Inactive second regime,112,Pooled available adjustment,0.2439894131277694,0.4864953692067762
Inactive second regime,112,Filtered hard gate,0.10550068368974258,0.1308367235228535
Inactive second regime,112,Filtered soft gate,0.08211011670905231,0.19468920134460965
Inactive second regime,112,Oracle state gate,0.0008271261414917798,0.026046618639807055
Inactive second regime,113,Pooled unadjusted,1.059179114324462,0.9028333812639305
Inactive second regime,113,Pooled available adjustment,0.2476697546361138,0.49738040164476915
Inactive second regime,113,Filtered hard gate,0.10847215478383962,0.1141506272811246
Inactive second regime,113,Filtered soft gate,0.08399322626297939,0.18186990143829057
Inactive second regime,113,Oracle state gate,4.701452326342954e-05,0.006676025463381235
Inactive second regime,114,Pooled unadjusted,1.1391942620257638,0.9444592431787426
Inactive second regime,114,Pooled available adjustment,0.2515595809710264,0.5013880956167078
Inactive second regime,114,Filtered hard gate,0.183608980238429,0.20015069731524607
Inactive second regime,114,Filtered soft gate,0.1241803947191608,0.23727688209724834
Inactive second regime,114,Oracle state gate,0.00043546319670561396,0.018269530685230025
Inactive second regime,115,Pooled unadjusted,1.1120543385403245,0.9320827959684292
Inactive second regime,115,Pooled available adjustment,0.2471022980263304,0.49669656069606666
Inactive second regime,115,Filtered hard gate,0.1260969747822921,0.15383294107229195
Inactive second regime,115,Filtered soft gate,0.09504579805886866,0.2034429486949884
Inactive second regime,115,Oracle state gate,0.0009354161910396395,0.029103662423738106
Inactive second regime,116,Pooled unadjusted,1.092578242442118,0.9195076086918026
Inactive second regime,116,Pooled available adjustment,0.25142279819401103,0.501281911872869
Inactive second regime,116,Filtered hard gate,0.10601451836378936,0.12374394084728985
Inactive second regime,116,Filtered soft gate,0.08037124658584291,0.1776334779174156
Inactive second regime,116,Oracle state gate,0.0003484879363773715,0.017793445355920107
Inactive second regime,117,Pooled unadjusted,1.455050369461851,1.1124074655726877
Inactive second regime,117,Pooled available adjustment,0.23052601705411271,0.47612935145116536
Inactive second regime,117,Filtered hard gate,0.14113645379910938,0.15141087178342116
Inactive second regime,117,Filtered soft gate,0.10490544993186876,0.19759964027684015
Inactive second regime,117,Oracle state gate,0.00013447222018413455,0.011569511393176145
Inactive second regime,118,Pooled unadjusted,1.5555924851272858,1.1449547961065039
Inactive second regime,118,Pooled available adjustment,0.2524666111286059,0.5022327426790455
Inactive second regime,118,Filtered hard gate,0.10924186683472042,0.1449599153591347
Inactive second regime,118,Filtered soft gate,0.08973162486408089,0.20605825107308856
Inactive second regime,118,Oracle state gate,0.001608620861025247,0.036085872129053245
Inactive second regime,119,Pooled unadjusted,0.9381046776684406,0.8338643041097519
Inactive second regime,119,Pooled available adjustment,0.2645803916626386,0.5106533029510113
Inactive second regime,119,Filtered hard gate,0.11367861649307624,0.14210690257579695
Inactive second regime,119,Filtered soft gate,0.08760869923546684,0.1935885013454582
Inactive second regime,119,Oracle state gate,0.0012187395916436082,0.03194624949339646
Inactive second regime,120,Pooled unadjusted,1.4175859291865067,1.0806155325491609
Inactive second regime,120,Pooled available adjustment,0.25068887666384965,0.49901936953692655
Inactive second regime,120,Filtered hard gate,0.11575121616258613,0.1425322364689906
Inactive second regime,120,Filtered soft gate,0.08567478942184,0.17179629047329864
Inactive second regime,120,Oracle state gate,0.0012120874349544285,0.03291914702752607
Inactive second regime,121,Pooled unadjusted,0.9769274781960692,0.859795602568465
Inactive second regime,121,Pooled available adjustment,0.253225532573229,0.503038233224072
Inactive second regime,121,Filtered hard gate,0.11689494297032184,0.13505678595776555
Inactive second regime,121,Filtered soft gate,0.07889357566493993,0.15746502997827758
Inactive second regime,121,Oracle state gate,0.0005790580364342827,0.024059520667567766
Inactive second regime,122,Pooled unadjusted,1.3700213700095787,1.059844502750087
Inactive second regime,122,Pooled available adjustment,0.24711952895889727,0.4913135296781022
Inactive second regime,122,Filtered hard gate,0.12680210991285057,0.16916504328875423
Inactive second regime,122,Filtered soft gate,0.10649202089932686,0.2215392010353362
Inactive second regime,122,Oracle state gate,0.0050793183996403184,0.0478219113271379
Inactive second regime,123,Pooled unadjusted,1.519455658859635,1.1304510864516144
Inactive second regime,123,Pooled available adjustment,0.25902902714700804,0.5074080622757484
Inactive second regime,123,Filtered hard gate,0.11170696904596394,0.14767217437673277
Inactive second regime,123,Filtered soft gate,0.08376144893598203,0.1743914983379963
Inactive second regime,123,Oracle state gate,0.002546961690618797,0.046138926939232584
Inactive second regime,124,Pooled unadjusted,1.2701042147983275,1.0101134662988747
Inactive second regime,124,Pooled available adjustment,0.24980887100878557,0.499375403585641
Inactive second regime,124,Filtered hard gate,0.12665959411721014,0.1551399911884618
Inactive second regime,124,Filtered soft gate,0.0984977058250824,0.1913113712772009
Inactive second regime,124,Oracle state gate,0.0012973598749034974,0.03521270542447847
Inactive second regime,125,Pooled unadjusted,1.0891656466103274,0.9162781491503151
Inactive second regime,125,Pooled available adjustment,0.2637243390392779,0.5039538345009944
Inactive second regime,125,Filtered hard gate,0.12490024425841631,0.16082971193440068
Inactive second regime,125,Filtered soft gate,0.09704762478660424,0.21029352298637077
Inactive second regime,125,Oracle state gate,0.003189594490606148,0.04111721292983834
Inactive second regime,126,Pooled unadjusted,1.187587891142871,0.9703385446033108
Inactive second regime,126,Pooled available adjustment,0.2492366215751814,0.499195894317102
Inactive second regime,126,Filtered hard gate,0.1145402595099554,0.15161097325585315
Inactive second regime,126,Filtered soft gate,0.08988225905853764,0.2034518648990662
Inactive second regime,126,Oracle state gate,0.002450541332747374,0.03865972322915812
Inactive second regime,127,Pooled unadjusted,1.47832976956227,1.1171077698961147
Inactive second regime,127,Pooled available adjustment,0.24209108063509258,0.4910750841748006
Inactive second regime,127,Filtered hard gate,0.09411320519665668,0.10671479834997546
Inactive second regime,127,Filtered soft gate,0.07329023868194819,0.15265793924730467
Inactive second regime,127,Oracle state gate,0.0002987107657809118,0.01615073532184781
Inactive second regime,128,Pooled unadjusted,1.4803847320200811,1.1114336381539296
Inactive second regime,128,Pooled available adjustment,0.26032507914816,0.5074745926523301
Inactive second regime,128,Filtered hard gate,0.0569585360902735,0.06577023181040227
Inactive second regime,128,Filtered soft gate,0.049639772327361366,0.13206622011762284
Inactive second regime,128,Oracle state gate,9.028046291044825e-05,0.009403331329787561
Inactive second regime,129,Pooled unadjusted,1.145368469560805,0.9476125102386547
Inactive second regime,129,Pooled available adjustment,0.2532667991255082,0.5026113592072673
Inactive second regime,129,Filtered hard gate,0.1722992819123387,0.18125149174401647
Inactive second regime,129,Filtered soft gate,0.12533151844454712,0.2236917474486441
Inactive second regime,129,Oracle state gate,0.0004774473225560866,0.01494389935672433
Inactive second regime,130,Pooled unadjusted,1.3318769765532479,1.0403066742808333
Inactive second regime,130,Pooled available adjustment,0.24974768681586992,0.4996741612829594
Inactive second regime,130,Filtered hard gate,0.1604848036643558,0.17388602721006136
Inactive second regime,130,Filtered soft gate,0.11051036896400436,0.205185364151147
Inactive second regime,130,Oracle state gate,0.0004999132371494949,0.02022911898911002
Inactive second regime,131,Pooled unadjusted,1.220667326480083,0.9909103523932339
Inactive second regime,131,Pooled available adjustment,0.23990316529787928,0.48468332285420335
Inactive second regime,131,Filtered hard gate,0.09903250714656642,0.10900034739521919
Inactive second regime,131,Filtered soft gate,0.07746397883895903,0.17186698882167434
Inactive second regime,131,Oracle state gate,0.00019308224638937545,0.012046313403918851
Inactive second regime,132,Pooled unadjusted,1.1172172955508086,0.9314189688592396
Inactive second regime,132,Pooled available adjustment,0.26213881840495235,0.49533306821993484
Inactive second regime,132,Filtered hard gate,0.13222827413643345,0.1646498383841839
Inactive second regime,132,Filtered soft gate,0.10203845658371213,0.21894734238888316
Inactive second regime,132,Oracle state gate,0.002435889629321771,0.03472718655601028
Inactive second regime,133,Pooled unadjusted,1.5528653486580053,1.146815743115696
Inactive second regime,133,Pooled available adjustment,0.27958135668703593,0.5208015446126717
Inactive second regime,133,Filtered hard gate,0.16839646994100044,0.197458802562413
Inactive second regime,133,Filtered soft gate,0.11673819246544087,0.20393701954447932
Inactive second regime,133,Oracle state gate,0.0019868566178750154,0.04452886380540321
Inactive second regime,134,Pooled unadjusted,1.6726010153911957,1.198164018568074
Inactive second regime,134,Pooled available adjustment,0.29216877963774945,0.5275587787496014
Inactive second regime,134,Filtered hard gate,0.16226026855368694,0.17260034680723316
Inactive second regime,134,Filtered soft gate,0.1138593597435657,0.2031585005187892
Inactive second regime,134,Oracle state gate,0.00029954059489660967,0.01459938060701381
Inactive second regime,135,Pooled unadjusted,1.2759166411204728,1.0141087915605864
Inactive second regime,135,Pooled available adjustment,0.2501377523469318,0.5001359053212963
Inactive second regime,135,Filtered hard gate,0.10581452014482756,0.11481425419442927
Inactive second regime,135,Filtered soft gate,0.08353347017399435,0.16843000017588314
Inactive second regime,135,Oracle state gate,0.00010682847956385507,0.009326959162522129
Inactive second regime,136,Pooled unadjusted,1.3181856087342854,1.0337439763956475
Inactive second regime,136,Pooled available adjustment,0.2544689397127377,0.4961750195968594
Inactive second regime,136,Filtered hard gate,0.13155936046702804,0.1520249238960991
Inactive second regime,136,Filtered soft gate,0.09927031312557909,0.19963634179560413
Inactive second regime,136,Oracle state gate,0.0008586001407806233,0.02327122892683857
Inactive second regime,137,Pooled unadjusted,1.8233623046641383,1.2687960059300856
Inactive second regime,137,Pooled available adjustment,0.29103166100003924,0.5333909855893557
Inactive second regime,137,Filtered hard gate,0.09901482085701167,0.1112391851252556
Inactive second regime,137,Filtered soft gate,0.07911429101442917,0.17826838502381884
Inactive second regime,137,Oracle state gate,0.00021743027787619583,0.012965946455688037
Inactive second regime,138,Pooled unadjusted,0.9336935744036252,0.8546049229928563
Inactive second regime,138,Pooled available adjustment,0.22810438097813812,0.47466506480618326
Inactive second regime,138,Filtered hard gate,0.1443321497244617,0.1551617730325022
Inactive second regime,138,Filtered soft gate,0.11183072666502761,0.2180505399420522
Inactive second regime,138,Oracle state gate,0.00013464621360569285,0.010947646051093335
Inactive second regime,139,Pooled unadjusted,1.2506744702761063,1.000421646245275
Inactive second regime,139,Pooled available adjustment,0.2555798148137523,0.5016333444179282
Inactive second regime,139,Filtered hard gate,0.15416927415744772,0.1931882588086468
Inactive second regime,139,Filtered soft gate,0.11311852021471203,0.21335310157752788
Inactive second regime,139,Oracle state gate,0.00274300264012758,0.05107941852078864
Inactive second regime,140,Pooled unadjusted,1.045008170154167,0.8922427753443377
Inactive second regime,140,Pooled available adjustment,0.25498501120897193,0.5029657722370146
Inactive second regime,140,Filtered hard gate,0.10789141733253203,0.13496326585982832
Inactive second regime,140,Filtered soft gate,0.08691409289519766,0.19543709786818814
Inactive second regime,140,Oracle state gate,0.0009854456907057454,0.026265976026759126
Inactive second regime,141,Pooled unadjusted,0.8106194775112278,0.7650284161462421
Inactive second regime,141,Pooled available adjustment,0.2825778639840712,0.525817510258358
Inactive second regime,141,Filtered hard gate,0.11959538184593503,0.14611076229139747
Inactive second regime,141,Filtered soft gate,0.09255704918489963,0.20459817340318875
Inactive second regime,141,Oracle state gate,0.0010431210874095615,0.028857226517641017
Inactive second regime,142,Pooled unadjusted,0.7543736880992669,0.7180596688989478
Inactive second regime,142,Pooled available adjustment,0.3116257472759014,0.5347529802932959
Inactive second regime,142,Filtered hard gate,0.1394881225246594,0.15096340744467804
Inactive second regime,142,Filtered soft gate,0.09974109332568738,0.17799160551021836
Inactive second regime,142,Oracle state gate,0.000256621010241179,0.015975529757292366
Inactive second regime,143,Pooled unadjusted,1.3071571208052228,1.028535911286146
Inactive second regime,143,Pooled available adjustment,0.25382391847116553,0.5021856671447759
Inactive second regime,143,Filtered hard gate,0.14063772494700089,0.16815818246585018
Inactive second regime,143,Filtered soft gate,0.10605423772847981,0.20623034789342834
Inactive second regime,143,Oracle state gate,0.0012805068553088923,0.03480130900638057
Inactive second regime,144,Pooled unadjusted,1.1784872034875697,0.9636431930375315
Inactive second regime,144,Pooled available adjustment,0.2507610111797804,0.4991046291933261
Inactive second regime,144,Filtered hard gate,0.10897782851390608,0.1355195541235292
Inactive second regime,144,Filtered soft gate,0.08234964606559135,0.18306759798147343
Inactive second regime,144,Oracle state gate,0.0011324038414605936,0.02870184685504002
Inactive second regime,145,Pooled unadjusted,1.1625863383659547,0.9571762316135699
Inactive second regime,145,Pooled available adjustment,0.24640002736276756,0.49278014996592695
Inactive second regime,145,Filtered hard gate,0.1430664511410896,0.14849009699947352
Inactive second regime,145,Filtered soft gate,0.10182594957449305,0.20649522809760856
Inactive second regime,145,Oracle state gate,5.406946491478613e-05,0.005112642324292121
Inactive second regime,146,Pooled unadjusted,1.118834227556028,0.9321176039299053
Inactive second regime,146,Pooled available adjustment,0.2558398204826952,0.500440865489416
Inactive second regime,146,Filtered hard gate,0.1549055689057377,0.1805330140948637
Inactive second regime,146,Filtered soft gate,0.1157311821703528,0.21517202028669163
Inactive second regime,146,Oracle state gate,0.0011323152803747792,0.03268159387274735
Inactive second regime,147,Pooled unadjusted,1.291513559166585,1.0218192399669255
Inactive second regime,147,Pooled available adjustment,0.24787233185163876,0.49257886850672405
Inactive second regime,147,Filtered hard gate,0.1480954010487042,0.16369857780400293
Inactive second regime,147,Filtered soft gate,0.10952166860436015,0.2138593504325624
Inactive second regime,147,Oracle state gate,0.0003454815810902716,0.015854421171222467
Inactive second regime,148,Pooled unadjusted,1.1582077560539732,0.9623740208744068
Inactive second regime,148,Pooled available adjustment,0.23569785720067074,0.48028783455412366
Inactive second regime,148,Filtered hard gate,0.13525165317729335,0.16653417800059464
Inactive second regime,148,Filtered soft gate,0.09422579544902573,0.16854337387065715
Inactive second regime,148,Oracle state gate,0.0022048210449323916,0.04530428629259002
Inactive second regime,149,Pooled unadjusted,2.010280626123037,1.3344398173477279
Inactive second regime,149,Pooled available adjustment,0.364279824837532,0.564079516432857
Inactive second regime,149,Filtered hard gate,0.1384684811224018,0.16031736886297618
Inactive second regime,149,Filtered soft gate,0.09586194243609059,0.1944633949187044
Inactive second regime,149,Oracle state gate,0.0006753646416483104,0.02594867691231587
Inactive second regime,150,Pooled unadjusted,1.8231036037325878,1.2570439943504716
Inactive second regime,150,Pooled available adjustment,0.28317669219771047,0.5195855890026005
Inactive second regime,150,Filtered hard gate,0.11207712426402901,0.12502830614597638
Inactive second regime,150,Filtered soft gate,0.08104015856548123,0.18353832998078787
Inactive second regime,150,Oracle state gate,0.0001858533574910051,0.013197703522373462
Inactive second regime,151,Pooled unadjusted,1.4320386652242745,1.0882750871099982
Inactive second regime,151,Pooled available adjustment,0.2491693779968067,0.499076922199799
Inactive second regime,151,Filtered hard gate,0.1451765657474707,0.1594829025495514
Inactive second regime,151,Filtered soft gate,0.10428962902601682,0.21250923217800757
Inactive second regime,151,Oracle state gate,0.00023166297954013078,0.01478489837673388
Inactive second regime,152,Pooled unadjusted,1.2427478560308152,0.9973383859206537
Inactive second regime,152,Pooled available adjustment,0.24886264423354765,0.4936410941021837
Inactive second regime,152,Filtered hard gate,0.12706933792986444,0.13218501315265474
Inactive second regime,152,Filtered soft gate,0.0878701578755386,0.18081292512419736
Inactive second regime,152,Oracle state gate,3.691030967432897e-05,0.005940540807910046
Inactive second regime,153,Pooled unadjusted,1.194838194985146,0.9726223290595102
Inactive second regime,153,Pooled available adjustment,0.24921562395620758,0.4963771265608366
Inactive second regime,153,Filtered hard gate,0.12480213026210783,0.17368422237026226
Inactive second regime,153,Filtered soft gate,0.099853601444714,0.2207362500216408
Inactive second regime,153,Oracle state gate,0.002931788706780494,0.05099727616180806
Inactive second regime,154,Pooled unadjusted,0.8596217271800779,0.7883544426081952
Inactive second regime,154,Pooled available adjustment,0.28942347191035084,0.5256160692521237
Inactive second regime,154,Filtered hard gate,0.10955720619011661,0.13122720454149203
Inactive second regime,154,Filtered soft gate,0.08436881858602645,0.17885110234761026
Inactive second regime,154,Oracle state gate,0.000895822237624922,0.027354795591083413
Inactive second regime,155,Pooled unadjusted,1.6384742278213964,1.186388733856402
Inactive second regime,155,Pooled available adjustment,0.24925037192575009,0.4992428461706394
Inactive second regime,155,Filtered hard gate,0.10902948836310196,0.13216502816887712
Inactive second regime,155,Filtered soft gate,0.08244454292253624,0.16036375589169052
Inactive second regime,155,Oracle state gate,0.0009097461420465777,0.030152289976173342
Inactive second regime,156,Pooled unadjusted,1.35852521642361,1.05323749288734
Inactive second regime,156,Pooled available adjustment,0.2495586616886692,0.4973953770909021
Inactive second regime,156,Filtered hard gate,0.11582381714772211,0.14046249129191823
Inactive second regime,156,Filtered soft gate,0.08860422593152206,0.19872587312826676
Inactive second regime,156,Oracle state gate,0.0007933845428519748,0.02587538914151963
Inactive second regime,157,Pooled unadjusted,1.1116845215049742,0.9295098286220398
Inactive second regime,157,Pooled available adjustment,0.25437506025057643,0.5032376497034543
Inactive second regime,157,Filtered hard gate,0.11700605054019757,0.14716922236532506
Inactive second regime,157,Filtered soft gate,0.09062499484522957,0.19555996814243296
Inactive second regime,157,Oracle state gate,0.0012182969939144327,0.03417374865599997
Inactive second regime,158,Pooled unadjusted,1.215543905215658,0.9830787889155466
Inactive second regime,158,Pooled available adjustment,0.24940572441128825,0.49924909860386824
Inactive second regime,158,Filtered hard gate,0.13974260212824235,0.15262353300112158
Inactive second regime,158,Filtered soft gate,0.09913657315156783,0.1802333896214639
Inactive second regime,158,Oracle state gate,0.0003878435012293081,0.01830311650366754
Inactive second regime,159,Pooled unadjusted,1.0613299107361374,0.9026687713309558
Inactive second regime,159,Pooled available adjustment,0.2505774572342922,0.5005553105915801
Inactive second regime,159,Filtered hard gate,0.14010947827092277,0.15730036355761876
Inactive second regime,159,Filtered soft gate,0.10456072247033552,0.19147242212920582
Inactive second regime,159,Oracle state gate,0.0005894785283634518,0.02426369650642191
Inactive second regime,160,Pooled unadjusted,1.31717067144159,1.0346108792399151
Inactive second regime,160,Pooled available adjustment,0.24680250547005667,0.4926838526484452
Inactive second regime,160,Filtered hard gate,0.12250372837649579,0.15878664290355954
Inactive second regime,160,Filtered soft gate,0.08665211836333996,0.19206398104714703
Inactive second regime,160,Oracle state gate,0.001873809317723903,0.04316425709349812
Inactive second regime,161,Pooled unadjusted,0.8495835119607127,0.8077645151655977
Inactive second regime,161,Pooled available adjustment,0.2290528588324269,0.47642666799123945
Inactive second regime,161,Filtered hard gate,0.13630824464522742,0.13981090583388153
Inactive second regime,161,Filtered soft gate,0.09813301569303745,0.19199357197502787
Inactive second regime,161,Oracle state gate,1.7704681021215134e-05,0.003783850812098127
Inactive second regime,162,Pooled unadjusted,1.8142857740078284,1.2560819137332677
Inactive second regime,162,Pooled available adjustment,0.31612131399868837,0.5385339269066105
Inactive second regime,162,Filtered hard gate,0.0887433107741162,0.12993797133459842
Inactive second regime,162,Filtered soft gate,0.08016096175178436,0.19912890257591678
Inactive second regime,162,Oracle state gate,0.003111321823908744,0.04447498631907354
Inactive second regime,163,Pooled unadjusted,1.2802991258722396,1.016124070117542
Inactive second regime,163,Pooled available adjustment,0.24839817200772737,0.4978982408899505
Inactive second regime,163,Filtered hard gate,0.11320805086281292,0.13155882746844166
Inactive second regime,163,Filtered soft gate,0.08043380242791578,0.15659242676268548
Inactive second regime,163,Oracle state gate,0.0007857081118671606,0.024006502094404383
Inactive second regime,164,Pooled unadjusted,1.1089028131958014,0.9296406903722537
Inactive second regime,164,Pooled available adjustment,0.2470199257912305,0.49641799478277593
Inactive second regime,164,Filtered hard gate,0.1076735851196008,0.11734037263740947
Inactive second regime,164,Filtered soft gate,0.08383388251830533,0.17551836671903515
Inactive second regime,164,Oracle state gate,0.00011494066659099831,0.010718145750718801
Inactive second regime,165,Pooled unadjusted,1.0174381570757647,0.8901697349807873
Inactive second regime,165,Pooled available adjustment,0.2374628194222726,0.48529830381164696
Inactive second regime,165,Filtered hard gate,0.1261711934902114,0.15306830074134137
Inactive second regime,165,Filtered soft gate,0.09364031127064346,0.20348551165883202
Inactive second regime,165,Oracle state gate,0.0010998550117263916,0.029242672851865974
Inactive second regime,166,Pooled unadjusted,1.6647325654099827,1.201654511667136
Inactive second regime,166,Pooled available adjustment,0.2497128501374397,0.4997121416937778
Inactive second regime,166,Filtered hard gate,0.1239061558877037,0.13963538836629727
Inactive second regime,166,Filtered soft gate,0.0882618500274319,0.1810430133468489
Inactive second regime,166,Oracle state gate,0.0003468375146573286,0.01856741037919868
Inactive second regime,167,Pooled unadjusted,1.248592239370155,0.9994579727883285
Inactive second regime,167,Pooled available adjustment,0.24982267356999774,0.4997879919112977
Inactive second regime,167,Filtered hard gate,0.14968431045956535,0.16972601691474318
Inactive second regime,167,Filtered soft gate,0.10513479608377271,0.2017006659135704
Inactive second regime,167,Oracle state gate,0.0006139719961049951,0.024443577603154864
Inactive second regime,168,Pooled unadjusted,1.5644954560210167,1.1503614458164952
Inactive second regime,168,Pooled available adjustment,0.2730391076761408,0.5158927703061635
Inactive second regime,168,Filtered hard gate,0.1405954992189802,0.15686597302765615
Inactive second regime,168,Filtered soft gate,0.10049307330751275,0.20729947100088653
Inactive second regime,168,Oracle state gate,0.0002776459853912069,0.016597455422887625
Inactive second regime,169,Pooled unadjusted,1.0480837188407397,0.8957168742637036
Inactive second regime,169,Pooled available adjustment,0.2504418554698168,0.5004308703086974
Inactive second regime,169,Filtered hard gate,0.11093807136564574,0.13557952064725878
Inactive second regime,169,Filtered soft gate,0.08430967059917145,0.18894600185243995
Inactive second regime,169,Oracle state gate,0.0010593229400138646,0.022712566519299947
Inactive second regime,170,Pooled unadjusted,1.3324656156014114,1.0471994153939406
Inactive second regime,170,Pooled available adjustment,0.2379296908728095,0.48256032942891464
Inactive second regime,170,Filtered hard gate,0.1917312512244223,0.20663778138493855
Inactive second regime,170,Filtered soft gate,0.13139644501605363,0.2255000516679167
Inactive second regime,170,Oracle state gate,0.0004688106451792876,0.020121737423053992
Inactive second regime,171,Pooled unadjusted,1.4360428513139898,1.090296680410424
Inactive second regime,171,Pooled available adjustment,0.2547620611270032,0.5035782626908891
Inactive second regime,171,Filtered hard gate,0.08486115065714679,0.09367569966241666
Inactive second regime,171,Filtered soft gate,0.0692060989608586,0.152823003793218
Inactive second regime,171,Oracle state gate,0.00012017697770154429,0.010660277297434604
Inactive second regime,172,Pooled unadjusted,1.5046629830351814,1.1285862762922387
Inactive second regime,172,Pooled available adjustment,0.24283295437933505,0.4919908775854458
Inactive second regime,172,Filtered hard gate,0.09099400323918215,0.11533171792789194
Inactive second regime,172,Filtered soft gate,0.0643007293307112,0.1466180709405051
Inactive second regime,172,Oracle state gate,0.000923388741209414,0.030366670819792285
Inactive second regime,173,Pooled unadjusted,1.5482737219083096,1.1395041561610513
Inactive second regime,173,Pooled available adjustment,0.2746976184176932,0.5040257592554904
Inactive second regime,173,Filtered hard gate,0.16784460560815023,0.19350665499167372
Inactive second regime,173,Filtered soft gate,0.1271562872130678,0.24654279934854434
Inactive second regime,173,Oracle state gate,0.0010682238583418738,0.02673027324186532
Inactive second regime,174,Pooled unadjusted,1.3349911910820267,1.0416411047390683
Inactive second regime,174,Pooled available adjustment,0.2575349227164013,0.5008194781605309
Inactive second regime,174,Filtered hard gate,0.16108145797320855,0.2042247795369213
Inactive second regime,174,Filtered soft gate,0.11881871170362862,0.2283177970682063
Inactive second regime,174,Oracle state gate,0.00287418586267705,0.052585762147024664
Inactive second regime,175,Pooled unadjusted,1.2220161354561818,0.9860918494015568
Inactive second regime,175,Pooled available adjustment,0.2501474901837042,0.5001348896225705
Inactive second regime,175,Filtered hard gate,0.13012299432645702,0.14082863613005756
Inactive second regime,175,Filtered soft gate,0.10043528922565297,0.19023633976139231
Inactive second regime,175,Oracle state gate,0.0002824132981159445,0.013985275174818027
Inactive second regime,176,Pooled unadjusted,0.9083163536188069,0.8240463297769163
Inactive second regime,176,Pooled available adjustment,0.2660761559303062,0.5137851032672118
Inactive second regime,176,Filtered hard gate,0.13575579158766232,0.14637900693107278
Inactive second regime,176,Filtered soft gate,0.10016518896761699,0.20118695036460474
Inactive second regime,176,Oracle state gate,0.0002365179549515863,0.010205324878863756
Inactive second regime,177,Pooled unadjusted,1.5682121956431256,1.1545978501812333
Inactive second regime,177,Pooled available adjustment,0.255318272395529,0.5049128663291478
Inactive second regime,177,Filtered hard gate,0.18186889619316657,0.20333930580876336
Inactive second regime,177,Filtered soft gate,0.12321314965923187,0.2108303603785389
Inactive second regime,177,Oracle state gate,0.001624222554203726,0.031912862128077105
Inactive second regime,178,Pooled unadjusted,1.4810446651458606,1.1145764510099165
Inactive second regime,178,Pooled available adjustment,0.25607696949224984,0.5054226966439801
Inactive second regime,178,Filtered hard gate,0.1426050128200643,0.16434647231264402
Inactive second regime,178,Filtered soft gate,0.10904776790522497,0.21549443583805994
Inactive second regime,178,Oracle state gate,0.0006482444084915082,0.022888084490653958
Inactive second regime,179,Pooled unadjusted,1.313137065957304,1.0333252469369478
Inactive second regime,179,Pooled available adjustment,0.24563112348254207,0.4885797283933409
Inactive second regime,179,Filtered hard gate,0.11620146058264541,0.1406857323263151
Inactive second regime,179,Filtered soft gate,0.08259152304659341,0.15740698756466195
Inactive second regime,179,Oracle state gate,0.0018845373106337218,0.03445985943208366
Inactive second regime,180,Pooled unadjusted,1.021162852519882,0.8993324482747646
Inactive second regime,180,Pooled available adjustment,0.2385831770025073,0.4875542666618466
Inactive second regime,180,Filtered hard gate,0.1520235989553915,0.15674339724857533
Inactive second regime,180,Filtered soft gate,0.10894987516846838,0.2106482915492203
Inactive second regime,180,Oracle state gate,3.125964238521174e-05,0.005570516230983368
Inactive second regime,181,Pooled unadjusted,1.3851262990014837,1.0709842664584222
Inactive second regime,181,Pooled available adjustment,0.24511457133248313,0.4944714180011573
Inactive second regime,181,Filtered hard gate,0.16310147527422741,0.17609720215207783
Inactive second regime,181,Filtered soft gate,0.11161228235146503,0.21622581312715564
Inactive second regime,181,Oracle state gate,0.00018657579541067775,0.013321078403243225
Inactive second regime,182,Pooled unadjusted,1.6386384144500092,1.1820691242266717
Inactive second regime,182,Pooled available adjustment,0.2759741206692089,0.5173115576780742
Inactive second regime,182,Filtered hard gate,0.12971325372789283,0.15593412623856157
Inactive second regime,182,Filtered soft gate,0.09568819989914665,0.19802034426937337
Inactive second regime,182,Oracle state gate,0.0009135896772781522,0.02972362367621727
Inactive second regime,183,Pooled unadjusted,1.750364078881346,1.2292164491583026
Inactive second regime,183,Pooled available adjustment,0.29263994604185994,0.5263180102893834
Inactive second regime,183,Filtered hard gate,0.15574215962024743,0.16757114553212063
Inactive second regime,183,Filtered soft gate,0.11079851776933386,0.19890525841307574
Inactive second regime,183,Oracle state gate,0.000576283015470368,0.01896228678601689
Inactive second regime,184,Pooled unadjusted,1.3162574963973492,1.033033153580924
Inactive second regime,184,Pooled available adjustment,0.2515285673418618,0.49524317020599723
Inactive second regime,184,Filtered hard gate,0.13953958372027025,0.1572539001392667
Inactive second regime,184,Filtered soft gate,0.1046310263759628,0.20794000710044677
Inactive second regime,184,Oracle state gate,0.00038120310284812627,0.01747290733366543
Inactive second regime,185,Pooled unadjusted,1.4366795939920907,1.0919961510884968
Inactive second regime,185,Pooled available adjustment,0.2605256482119483,0.46904095797168316
Inactive second regime,185,Filtered hard gate,0.10465897844554733,0.1521478693926344
Inactive second regime,185,Filtered soft gate,0.08998509115124588,0.2028793252037854
Inactive second regime,185,Oracle state gate,0.0046145366316129,0.05359009015927558
Inactive second regime,186,Pooled unadjusted,1.177912168746499,0.9644278971216554
Inactive second regime,186,Pooled available adjustment,0.24853822348577898,0.4930124734443202
Inactive second regime,186,Filtered hard gate,0.15567081780147168,0.17021989882156272
Inactive second regime,186,Filtered soft gate,0.1106600586171904,0.20016135109515146
Inactive second regime,186,Oracle state gate,0.0009012615442283725,0.022693679644215255
Inactive second regime,187,Pooled unadjusted,1.5151424608868442,1.130649132528232
Inactive second regime,187,Pooled available adjustment,0.24587939674095532,0.49549590138491767
Inactive second regime,187,Filtered hard gate,0.15420814236843183,0.1629062268337486
Inactive second regime,187,Filtered soft gate,0.10525846576098684,0.20382285744394116
Inactive second regime,187,Oracle state gate,0.00011551729635775242,0.00868419677132386
Inactive second regime,188,Pooled unadjusted,1.396455703675906,1.0725202579326443
Inactive second regime,188,Pooled available adjustment,0.24923696469131915,0.49919479834759983
Inactive second regime,188,Filtered hard gate,0.12041760256896095,0.13930567970153201
Inactive second regime,188,Filtered soft gate,0.09317884981766486,0.1923490176586127
Inactive second regime,188,Oracle state gate,0.0006743113283704114,0.019260916942983018
Inactive second regime,189,Pooled unadjusted,1.1121276390950652,0.9295502348421331
Inactive second regime,189,Pooled available adjustment,0.25000322136463027,0.5000032200257142
Inactive second regime,189,Filtered hard gate,0.13553629944274692,0.15383001967753682
Inactive second regime,189,Filtered soft gate,0.0960105936221228,0.18768549151458283
Inactive second regime,189,Oracle state gate,0.0007223506099724117,0.025318836559087905
Inactive second regime,190,Pooled unadjusted,1.1084144803463345,0.9368753814389268
Inactive second regime,190,Pooled available adjustment,0.23302993586998333,0.4748372332042959
Inactive second regime,190,Filtered hard gate,0.09836343317796788,0.1396582742837502
Inactive second regime,190,Filtered soft gate,0.08401455825537629,0.19722489079939481
Inactive second regime,190,Oracle state gate,0.0019228291598717103,0.043377089799693506
Inactive second regime,191,Pooled unadjusted,1.025182908128184,0.8833837830344095
Inactive second regime,191,Pooled available adjustment,0.2766956651324616,0.5153430236316393
Inactive second regime,191,Filtered hard gate,0.112088462031637,0.1529783659600273
Inactive second regime,191,Filtered soft gate,0.0902723555960096,0.20820184342043846
Inactive second regime,191,Oracle state gate,0.0036102701024097444,0.04615873631357098
Inactive second regime,192,Pooled unadjusted,0.8932825957753486,0.8146972417870022
Inactive second regime,192,Pooled available adjustment,0.2668452519818684,0.5143335184936002
Inactive second regime,192,Filtered hard gate,0.13322134204005,0.14120530529882733
Inactive second regime,192,Filtered soft gate,0.09762380014666348,0.19023428755895566
Inactive second regime,192,Oracle state gate,0.000382480527872596,0.012609353946673896
Inactive second regime,193,Pooled unadjusted,1.288893999287285,1.019593055727276
Inactive second regime,193,Pooled available adjustment,0.2495993337719586,0.4995108455941685
Inactive second regime,193,Filtered hard gate,0.11474124382901002,0.12759058310649188
Inactive second regime,193,Filtered soft gate,0.09181757720639001,0.19639705606852448
Inactive second regime,193,Oracle state gate,0.00026588627000234536,0.012717274432412136
Inactive second regime,194,Pooled unadjusted,0.8443692501254765,0.7985194112389982
Inactive second regime,194,Pooled available adjustment,0.24037514577117775,0.4897704666331962
Inactive second regime,194,Filtered hard gate,0.11110305511359102,0.12014240115546408
Inactive second regime,194,Filtered soft gate,0.08644855689184343,0.1892536119995489
Inactive second regime,194,Oracle state gate,0.0002219150719155656,0.009506071448620403
Inactive second regime,195,Pooled unadjusted,1.7230833424903795,1.2399997348751246
Inactive second regime,195,Pooled available adjustment,0.26864861302919707,0.5174664392297975
Inactive second regime,195,Filtered hard gate,0.08421183018729565,0.08730619531909743
Inactive second regime,195,Filtered soft gate,0.06572816405032535,0.15745477153488133
Inactive second regime,195,Oracle state gate,1.3116942939300652e-05,0.00302002999497511
Inactive second regime,196,Pooled unadjusted,1.401983647397649,1.0734242625344599
Inactive second regime,196,Pooled available adjustment,0.25513311722413345,0.5018371394248773
Inactive second regime,196,Filtered hard gate,0.16217393850533177,0.1828302928199901
Inactive second regime,196,Filtered soft gate,0.1090099384357084,0.21511673067794
Inactive second regime,196,Oracle state gate,0.0008218226435950134,0.027109013753397793
Inactive second regime,197,Pooled unadjusted,1.1272713585513952,0.9402102735831995
Inactive second regime,197,Pooled available adjustment,0.24373348216435486,0.4900597685631307
Inactive second regime,197,Filtered hard gate,0.10912618109061341,0.16521054046740152
Inactive second regime,197,Filtered soft gate,0.07799211339363865,0.1751760223196162
Inactive second regime,197,Oracle state gate,0.004709774213827099,0.06845833876709181
Inactive second regime,198,Pooled unadjusted,1.0066917509982711,0.8897531966777479
Inactive second regime,198,Pooled available adjustment,0.24111618884852085,0.4904664027813841
Inactive second regime,198,Filtered hard gate,0.13852276696003019,0.15334521267429338
Inactive second regime,198,Filtered soft gate,0.09851956605305776,0.18993401549716368
Inactive second regime,198,Oracle state gate,0.00031396842583560145,0.01757233698425806
Inactive second regime,199,Pooled unadjusted,1.021397999500302,0.8886073370731875
Inactive second regime,199,Pooled available adjustment,0.24477418985891927,0.494333777232744
Inactive second regime,199,Filtered hard gate,0.13251257798280278,0.14415483265697973
Inactive second regime,199,Filtered soft gate,0.08855819365660587,0.17522770166848337
Inactive second regime,199,Oracle state gate,0.00026307883606222995,0.01614852701089655
