seed,shock,steps,agents,capital,adaptive_share,depth,trade_fraction,max_volume,impact,spread_bps,fee_bps,fundamental_vol,price_noise,fundamental_pull,shock_step,shock_size,shared_error,perturbation_sd,portfolio_noise_sd,adaptation_rate,adaptation_interval,gate_threshold,drawdown_aversion,crash_drawdown,initial_price,value_feedback,momentum_feedback,target_leverage,impact_function,mode,ai_net_return,max_price_drawdown,crash,return_volatility,turnover,mean_fill_fraction,max_bankrupt_agents,max_abs_cash_residual,max_abs_inventory_residual,mean_policy_agreement,mean_action_coverage,price_return,profile
0,False,120,40,1000000,0.25,200000,0.02,0.25,0.03,4.0,1.0,0.002,0.0005,0.05,40,-0.08,0.0,0.0,0.0,0.0,5,0.15,3.0,0.1,100.0,1.0,15.0,1.0,tanh,synthetic_proxy,0.0,0.006485361928136091,0,0.0007863538061378213,1.349257980308203,1.0,0,2.3283064365386963e-10,7.105427357601002e-14,1.0,0.0,0.00789698444014908,P0_reference_proxy
0,True,120,40,1000000,0.25,200000,0.02,0.25,0.03,4.0,1.0,0.002,0.0005,0.05,40,-0.08,0.0,0.0,0.0,0.0,5,0.15,3.0,0.1,100.0,1.0,15.0,1.0,tanh,synthetic_proxy,0.006063646275058732,0.07432295562504787,0,0.0016535981947870982,1.451202017999008,1.0,0,2.3283064365386963e-10,4.547473508864641e-13,1.0,0.2,-0.06685385153934376,P0_reference_proxy
1,False,120,40,1000000,0.25,200000,0.02,0.25,0.03,4.0,1.0,0.002,0.0005,0.05,40,-0.08,0.0,0.0,0.0,0.0,5,0.15,3.0,0.1,100.0,1.0,15.0,1.0,tanh,synthetic_proxy,0.0,0.018398798609399192,0,0.0007959653130589159,1.3468977147296861,1.0,0,2.3283064365386963e-10,5.684341886080802e-14,1.0,0.0,-0.01540455075955105,P0_reference_proxy
1,True,120,40,1000000,0.25,200000,0.02,0.25,0.03,4.0,1.0,0.002,0.0005,0.05,40,-0.08,0.0,0.0,0.0,0.0,5,0.15,3.0,0.1,100.0,1.0,15.0,1.0,tanh,synthetic_proxy,0.007444013356751045,0.08870795084341321,0,0.0016439239645210575,1.504846201251868,1.0,0,3.4924596548080444e-10,6.821210263296962e-13,1.0,0.2916666666666667,-0.08834504460781778,P0_reference_proxy
2,False,120,40,1000000,0.25,200000,0.02,0.25,0.03,4.0,1.0,0.002,0.0005,0.05,40,-0.08,0.0,0.0,0.0,0.0,5,0.15,3.0,0.1,100.0,1.0,15.0,1.0,tanh,synthetic_proxy,0.0008076885316641302,0.003906461119058013,0,0.0008637650269120587,1.361244694097243,1.0,0,2.3283064365386963e-10,3.410605131648481e-13,1.0,0.025,0.028774111592002605,P0_reference_proxy
2,True,120,40,1000000,0.25,200000,0.02,0.25,0.03,4.0,1.0,0.002,0.0005,0.05,40,-0.08,0.0,0.0,0.0,0.0,5,0.15,3.0,0.1,100.0,1.0,15.0,1.0,tanh,synthetic_proxy,0.0035746229729904933,0.05405323760446934,0,0.0014203152081089378,1.411259481828392,1.0,0,3.4924596548080444e-10,3.979039320256561e-13,1.0,0.08333333333333333,-0.047620774758207474,P0_reference_proxy
3,False,120,40,1000000,0.25,200000,0.02,0.25,0.03,4.0,1.0,0.002,0.0005,0.05,40,-0.08,0.0,0.0,0.0,0.0,5,0.15,3.0,0.1,100.0,1.0,15.0,1.0,tanh,synthetic_proxy,0.0,0.014484329261103102,0,0.0007482691307635121,1.3476349983345386,1.0,0,2.3283064365386963e-10,5.684341886080802e-14,1.0,0.0,-0.01132563102230666,P0_reference_proxy
3,True,120,40,1000000,0.25,200000,0.02,0.25,0.03,4.0,1.0,0.002,0.0005,0.05,40,-0.08,0.0,0.0,0.0,0.0,5,0.15,3.0,0.1,100.0,1.0,15.0,1.0,tanh,synthetic_proxy,0.006213029987390817,0.08489284699212629,0,0.001479022870790587,1.472384030493345,1.0,0,3.4924596548080444e-10,3.410605131648481e-13,1.0,0.23333333333333334,-0.08463136654584646,P0_reference_proxy
4,False,120,40,1000000,0.25,200000,0.02,0.25,0.03,4.0,1.0,0.002,0.0005,0.05,40,-0.08,0.0,0.0,0.0,0.0,5,0.15,3.0,0.1,100.0,1.0,15.0,1.0,tanh,synthetic_proxy,0.0,0.012254005508730681,0,0.0008831459319834073,1.3390087021980157,1.0,0,3.4924596548080444e-10,1.1368683772161603e-13,1.0,0.0,0.014928525963909367,P0_reference_proxy
4,True,120,40,1000000,0.25,200000,0.02,0.25,0.03,4.0,1.0,0.002,0.0005,0.05,40,-0.08,0.0,0.0,0.0,0.0,5,0.15,3.0,0.1,100.0,1.0,15.0,1.0,tanh,synthetic_proxy,0.005663528368732296,0.07736849639113774,0,0.0017547502237016143,1.4705974975351006,1.0,0,3.4924596548080444e-10,2.2737367544323206e-13,1.0,0.24166666666666667,-0.06030107265930451,P0_reference_proxy
5,False,120,40,1000000,0.25,200000,0.02,0.25,0.03,4.0,1.0,0.002,0.0005,0.05,40,-0.08,0.0,0.0,0.0,0.0,5,0.15,3.0,0.1,100.0,1.0,15.0,1.0,tanh,synthetic_proxy,0.0,0.02883046327363248,0,0.0008710758014115191,1.3416832767996985,1.0,0,2.3283064365386963e-10,5.684341886080802e-14,1.0,0.0,-0.024904537340784683,P0_reference_proxy
5,True,120,40,1000000,0.25,200000,0.02,0.25,0.03,4.0,1.0,0.002,0.0005,0.05,40,-0.08,0.0,0.0,0.0,0.0,5,0.15,3.0,0.1,100.0,1.0,15.0,1.0,tanh,synthetic_proxy,0.008646108529537289,0.1000752191332972,1,0.0016274855698161174,1.499169525623003,1.0,0,4.656612873077393e-10,2.2737367544323206e-13,1.0,0.30833333333333335,-0.09718873210290324,P0_reference_proxy
6,False,120,40,1000000,0.25,200000,0.02,0.25,0.03,4.0,1.0,0.002,0.0005,0.05,40,-0.08,0.0,0.0,0.0,0.0,5,0.15,3.0,0.1,100.0,1.0,15.0,1.0,tanh,synthetic_proxy,0.0,0.018294690063318297,0,0.0009060540551022396,1.3580322376507274,1.0,0,3.4924596548080444e-10,5.684341886080802e-14,1.0,0.0,-0.010297163993027825,P0_reference_proxy
6,True,120,40,1000000,0.25,200000,0.02,0.25,0.03,4.0,1.0,0.002,0.0005,0.05,40,-0.08,0.0,0.0,0.0,0.0,5,0.15,3.0,0.1,100.0,1.0,15.0,1.0,tanh,synthetic_proxy,0.008496792163824596,0.0892409565861273,0,0.0016945427577328262,1.5166583442179244,1.0,0,4.656612873077393e-10,5.684341886080801e-13,1.0,0.36666666666666664,-0.0836366648291127,P0_reference_proxy
7,False,120,40,1000000,0.25,200000,0.02,0.25,0.03,4.0,1.0,0.002,0.0005,0.05,40,-0.08,0.0,0.0,0.0,0.0,5,0.15,3.0,0.1,100.0,1.0,15.0,1.0,tanh,synthetic_proxy,0.0,0.005958168375905015,0,0.0009464388423241904,1.356405699461081,1.0,0,3.4924596548080444e-10,1.7053025658242404e-13,1.0,0.0,0.026974121409182095,P0_reference_proxy
7,True,120,40,1000000,0.25,200000,0.02,0.25,0.03,4.0,1.0,0.002,0.0005,0.05,40,-0.08,0.0,0.0,0.0,0.0,5,0.15,3.0,0.1,100.0,1.0,15.0,1.0,tanh,synthetic_proxy,0.00578603690835422,0.06857578341173864,0,0.0017664486796249437,1.4705876254257775,1.0,0,3.4924596548080444e-10,2.2737367544323206e-13,1.0,0.21666666666666667,-0.04923305118710486,P0_reference_proxy
8,False,120,40,1000000,0.25,200000,0.02,0.25,0.03,4.0,1.0,0.002,0.0005,0.05,40,-0.08,0.0,0.0,0.0,0.0,5,0.15,3.0,0.1,100.0,1.0,15.0,1.0,tanh,synthetic_proxy,0.0,0.024491945250593394,0,0.0009544022873903075,1.354259902269625,1.0,0,2.3283064365386963e-10,8.526512829121202e-14,1.0,0.0,-0.01643465275634992,P0_reference_proxy
8,True,120,40,1000000,0.25,200000,0.02,0.25,0.03,4.0,1.0,0.002,0.0005,0.05,40,-0.08,0.0,0.0,0.0,0.0,5,0.15,3.0,0.1,100.0,1.0,15.0,1.0,tanh,synthetic_proxy,0.007750245085615726,0.09601098905129113,0,0.001757171313873679,1.5112662087539663,1.0,0,3.4924596548080444e-10,3.410605131648481e-13,1.0,0.325,-0.08938142489401868,P0_reference_proxy
9,False,120,40,1000000,0.25,200000,0.02,0.25,0.03,4.0,1.0,0.002,0.0005,0.05,40,-0.08,0.0,0.0,0.0,0.0,5,0.15,3.0,0.1,100.0,1.0,15.0,1.0,tanh,synthetic_proxy,0.0,0.005902641514331175,0,0.0008876102843974569,1.360424081494603,1.0,0,2.3283064365386963e-10,5.684341886080802e-14,1.0,0.0,0.027588807695078987,P0_reference_proxy
9,True,120,40,1000000,0.25,200000,0.02,0.25,0.03,4.0,1.0,0.002,0.0005,0.05,40,-0.08,0.0,0.0,0.0,0.0,5,0.15,3.0,0.1,100.0,1.0,15.0,1.0,tanh,synthetic_proxy,0.003330526630110686,0.05701621094761167,0,0.0016003200705739175,1.464286550198771,1.0,0,3.4924596548080444e-10,3.410605131648481e-13,1.0,0.18333333333333332,-0.048563782824874724,P0_reference_proxy
10,False,120,40,1000000,0.25,200000,0.02,0.25,0.03,4.0,1.0,0.002,0.0005,0.05,40,-0.08,0.0,0.0,0.0,0.0,5,0.15,3.0,0.1,100.0,1.0,15.0,1.0,tanh,synthetic_proxy,0.0007398925407027246,0.049269953308276104,0,0.000830133574885035,1.3729268203622615,1.0,0,3.4924596548080444e-10,1.1368683772161603e-13,1.0,0.016666666666666666,-0.04554282682491817,P0_reference_proxy
10,True,120,40,1000000,0.25,200000,0.02,0.25,0.03,4.0,1.0,0.002,0.0005,0.05,40,-0.08,0.0,0.0,0.0,0.0,5,0.15,3.0,0.1,100.0,1.0,15.0,1.0,tanh,synthetic_proxy,0.01225540718323992,0.11942517494494131,1,0.001718349696395792,1.552131925913468,1.0,0,3.4924596548080444e-10,7.958078640513122e-13,1.0,0.39166666666666666,-0.11597307646287325,P0_reference_proxy
11,False,120,40,1000000,0.25,200000,0.02,0.25,0.03,4.0,1.0,0.002,0.0005,0.05,40,-0.08,0.0,0.0,0.0,0.0,5,0.15,3.0,0.1,100.0,1.0,15.0,1.0,tanh,synthetic_proxy,0.0,0.009764418186089086,0,0.0007861543386595041,1.3290841674725964,1.0,0,3.4924596548080444e-10,8.526512829121202e-14,1.0,0.0,0.005729254226384706,P0_reference_proxy
11,True,120,40,1000000,0.25,200000,0.02,0.25,0.03,4.0,1.0,0.002,0.0005,0.05,40,-0.08,0.0,0.0,0.0,0.0,5,0.15,3.0,0.1,100.0,1.0,15.0,1.0,tanh,synthetic_proxy,0.005724243036536514,0.07334649305589014,0,0.0015102765214364102,1.4566884194873746,1.0,0,3.4924596548080444e-10,5.684341886080801e-13,1.0,0.275,-0.06891472985301772,P0_reference_proxy
12,False,120,40,1000000,0.25,200000,0.02,0.25,0.03,4.0,1.0,0.002,0.0005,0.05,40,-0.08,0.0,0.0,0.0,0.0,5,0.15,3.0,0.1,100.0,1.0,15.0,1.0,tanh,synthetic_proxy,0.0,0.00946736400296011,0,0.000818312562747733,1.3399350849714733,1.0,0,3.4924596548080444e-10,1.7053025658242404e-13,1.0,0.0,0.011559768186151231,P0_reference_proxy
12,True,120,40,1000000,0.25,200000,0.02,0.25,0.03,4.0,1.0,0.002,0.0005,0.05,40,-0.08,0.0,0.0,0.0,0.0,5,0.15,3.0,0.1,100.0,1.0,15.0,1.0,tanh,synthetic_proxy,0.004375480833813228,0.06509584603511143,0,0.0015616948985347574,1.435436878814937,1.0,0,3.4924596548080444e-10,4.547473508864641e-13,1.0,0.16666666666666666,-0.06337319496560456,P0_reference_proxy
13,False,120,40,1000000,0.25,200000,0.02,0.25,0.03,4.0,1.0,0.002,0.0005,0.05,40,-0.08,0.0,0.0,0.0,0.0,5,0.15,3.0,0.1,100.0,1.0,15.0,1.0,tanh,synthetic_proxy,0.0,0.021164826924159108,0,0.0007929027235995806,1.336351845947438,1.0,0,3.4924596548080444e-10,1.1368683772161603e-13,1.0,0.0,-0.020543828418002175,P0_reference_proxy
13,True,120,40,1000000,0.25,200000,0.02,0.25,0.03,4.0,1.0,0.002,0.0005,0.05,40,-0.08,0.0,0.0,0.0,0.0,5,0.15,3.0,0.1,100.0,1.0,15.0,1.0,tanh,synthetic_proxy,0.0076797261960681595,0.09375688632439128,0,0.00165146661989114,1.469719067054078,1.0,0,2.3283064365386963e-10,4.547473508864641e-13,1.0,0.25,-0.09318194210979058,P0_reference_proxy
14,False,120,40,1000000,0.25,200000,0.02,0.25,0.03,4.0,1.0,0.002,0.0005,0.05,40,-0.08,0.0,0.0,0.0,0.0,5,0.15,3.0,0.1,100.0,1.0,15.0,1.0,tanh,synthetic_proxy,0.0,0.0128081459486733,0,0.0008317389383573419,1.3336013201574966,1.0,0,2.3283064365386963e-10,7.105427357601002e-14,1.0,0.0,-0.002925970526175936,P0_reference_proxy
14,True,120,40,1000000,0.25,200000,0.02,0.25,0.03,4.0,1.0,0.002,0.0005,0.05,40,-0.08,0.0,0.0,0.0,0.0,5,0.15,3.0,0.1,100.0,1.0,15.0,1.0,tanh,synthetic_proxy,0.005925779285954613,0.08011256414930468,0,0.001634096145354552,1.470415203874282,1.0,0,3.4924596548080444e-10,4.547473508864641e-13,1.0,0.2833333333333333,-0.07682667363873308,P0_reference_proxy
15,False,120,40,1000000,0.25,200000,0.02,0.25,0.03,4.0,1.0,0.002,0.0005,0.05,40,-0.08,0.0,0.0,0.0,0.0,5,0.15,3.0,0.1,100.0,1.0,15.0,1.0,tanh,synthetic_proxy,0.0,0.01809987964002946,0,0.0008535005011547947,1.35171306812223,1.0,0,2.3283064365386963e-10,9.947598300641403e-14,1.0,0.0,-0.009387831991188755,P0_reference_proxy
15,True,120,40,1000000,0.25,200000,0.02,0.25,0.03,4.0,1.0,0.002,0.0005,0.05,40,-0.08,0.0,0.0,0.0,0.0,5,0.15,3.0,0.1,100.0,1.0,15.0,1.0,tanh,synthetic_proxy,0.0063352829591760695,0.08547859628219678,0,0.001683147615415571,1.4821921336044,1.0,0,4.656612873077393e-10,4.547473508864641e-13,1.0,0.25,-0.08286725854458576,P0_reference_proxy
16,False,120,40,1000000,0.25,200000,0.02,0.25,0.03,4.0,1.0,0.002,0.0005,0.05,40,-0.08,0.0,0.0,0.0,0.0,5,0.15,3.0,0.1,100.0,1.0,15.0,1.0,tanh,synthetic_proxy,0.0,0.011175045561300334,0,0.0008950588777177652,1.3531793314205725,1.0,0,2.3283064365386963e-10,1.9895196601282805e-13,1.0,0.0,0.008471131423603673,P0_reference_proxy
16,True,120,40,1000000,0.25,200000,0.02,0.25,0.03,4.0,1.0,0.002,0.0005,0.05,40,-0.08,0.0,0.0,0.0,0.0,5,0.15,3.0,0.1,100.0,1.0,15.0,1.0,tanh,synthetic_proxy,0.004585640330634133,0.06854987666547496,0,0.0015992152080119618,1.4677315153011523,1.0,0,2.3283064365386963e-10,3.410605131648481e-13,1.0,0.225,-0.066234946741063,P0_reference_proxy
17,False,120,40,1000000,0.25,200000,0.02,0.25,0.03,4.0,1.0,0.002,0.0005,0.05,40,-0.08,0.0,0.0,0.0,0.0,5,0.15,3.0,0.1,100.0,1.0,15.0,1.0,tanh,synthetic_proxy,0.0,0.018220477510908273,0,0.0009057935047403074,1.3329479112199707,1.0,0,3.4924596548080444e-10,1.5631940186722204e-13,1.0,0.0,-0.0008434562221961706,P0_reference_proxy
17,True,120,40,1000000,0.25,200000,0.02,0.25,0.03,4.0,1.0,0.002,0.0005,0.05,40,-0.08,0.0,0.0,0.0,0.0,5,0.15,3.0,0.1,100.0,1.0,15.0,1.0,tanh,synthetic_proxy,0.005073925949041547,0.0772331831095483,0,0.0016913347622312717,1.444250545305874,1.0,0,2.3283064365386963e-10,4.547473508864641e-13,1.0,0.19166666666666668,-0.0749464428677008,P0_reference_proxy
18,False,120,40,1000000,0.25,200000,0.02,0.25,0.03,4.0,1.0,0.002,0.0005,0.05,40,-0.08,0.0,0.0,0.0,0.0,5,0.15,3.0,0.1,100.0,1.0,15.0,1.0,tanh,synthetic_proxy,0.0,0.006054314993901855,0,0.0008462574792859733,1.3631026028618705,1.0,0,2.3283064365386963e-10,5.684341886080802e-14,1.0,0.0,-0.003251396954608854,P0_reference_proxy
18,True,120,40,1000000,0.25,200000,0.02,0.25,0.03,4.0,1.0,0.002,0.0005,0.05,40,-0.08,0.0,0.0,0.0,0.0,5,0.15,3.0,0.1,100.0,1.0,15.0,1.0,tanh,synthetic_proxy,0.006638088054724323,0.07877576019600452,0,0.0017227097484641674,1.4755060378048817,1.0,0,3.4924596548080444e-10,6.821210263296962e-13,1.0,0.2,-0.07722966080449811,P0_reference_proxy
19,False,120,40,1000000,0.25,200000,0.02,0.25,0.03,4.0,1.0,0.002,0.0005,0.05,40,-0.08,0.0,0.0,0.0,0.0,5,0.15,3.0,0.1,100.0,1.0,15.0,1.0,tanh,synthetic_proxy,0.0,0.016651258817448444,0,0.0008318474217747291,1.3641846779589952,1.0,0,2.3283064365386963e-10,1.1368683772161603e-13,1.0,0.0,-0.008418078042233268,P0_reference_proxy
19,True,120,40,1000000,0.25,200000,0.02,0.25,0.03,4.0,1.0,0.002,0.0005,0.05,40,-0.08,0.0,0.0,0.0,0.0,5,0.15,3.0,0.1,100.0,1.0,15.0,1.0,tanh,synthetic_proxy,0.007606194781468512,0.0871827914865122,0,0.0016030566761518423,1.4900343732620627,1.0,0,4.656612873077393e-10,4.547473508864641e-13,1.0,0.23333333333333334,-0.08186514802849099,P0_reference_proxy
0,False,120,40,1000000,0.25,200000,0.02,0.25,0.03,4.0,1.0,0.002,0.0005,0.05,40,-0.08,0.9,0.0,0.0,0.0,5,0.15,3.0,0.1,100.0,1.0,15.0,1.0,tanh,synthetic_proxy,0.0,0.006485361928136091,0,0.0007863538061378213,1.349257980308203,1.0,0,2.3283064365386963e-10,7.105427357601002e-14,1.0,0.0,0.00789698444014908,P0_reference_proxy
0,True,120,40,1000000,0.25,200000,0.02,0.25,0.03,4.0,1.0,0.002,0.0005,0.05,40,-0.08,0.9,0.0,0.0,0.0,5,0.15,3.0,0.1,100.0,1.0,15.0,1.0,tanh,synthetic_proxy,0.006063646275058732,0.07432295562504787,0,0.0016535981947870982,1.451202017999008,1.0,0,2.3283064365386963e-10,4.547473508864641e-13,1.0,0.2,-0.06685385153934376,P0_reference_proxy
1,False,120,40,1000000,0.25,200000,0.02,0.25,0.03,4.0,1.0,0.002,0.0005,0.05,40,-0.08,0.9,0.0,0.0,0.0,5,0.15,3.0,0.1,100.0,1.0,15.0,1.0,tanh,synthetic_proxy,0.0,0.018398798609399192,0,0.0007959653130589159,1.3468977147296861,1.0,0,2.3283064365386963e-10,5.684341886080802e-14,1.0,0.0,-0.01540455075955105,P0_reference_proxy
1,True,120,40,1000000,0.25,200000,0.02,0.25,0.03,4.0,1.0,0.002,0.0005,0.05,40,-0.08,0.9,0.0,0.0,0.0,5,0.15,3.0,0.1,100.0,1.0,15.0,1.0,tanh,synthetic_proxy,0.007444013356751045,0.08870795084341321,0,0.0016439239645210575,1.504846201251868,1.0,0,3.4924596548080444e-10,6.821210263296962e-13,1.0,0.2916666666666667,-0.08834504460781778,P0_reference_proxy
2,False,120,40,1000000,0.25,200000,0.02,0.25,0.03,4.0,1.0,0.002,0.0005,0.05,40,-0.08,0.9,0.0,0.0,0.0,5,0.15,3.0,0.1,100.0,1.0,15.0,1.0,tanh,synthetic_proxy,0.0008076885316641302,0.003906461119058013,0,0.0008637650269120587,1.361244694097243,1.0,0,2.3283064365386963e-10,3.410605131648481e-13,1.0,0.025,0.028774111592002605,P0_reference_proxy
2,True,120,40,1000000,0.25,200000,0.02,0.25,0.03,4.0,1.0,0.002,0.0005,0.05,40,-0.08,0.9,0.0,0.0,0.0,5,0.15,3.0,0.1,100.0,1.0,15.0,1.0,tanh,synthetic_proxy,0.0035746229729904933,0.05405323760446934,0,0.0014203152081089378,1.411259481828392,1.0,0,3.4924596548080444e-10,3.979039320256561e-13,1.0,0.08333333333333333,-0.047620774758207474,P0_reference_proxy
3,False,120,40,1000000,0.25,200000,0.02,0.25,0.03,4.0,1.0,0.002,0.0005,0.05,40,-0.08,0.9,0.0,0.0,0.0,5,0.15,3.0,0.1,100.0,1.0,15.0,1.0,tanh,synthetic_proxy,0.0,0.014484329261103102,0,0.0007482691307635121,1.3476349983345386,1.0,0,2.3283064365386963e-10,5.684341886080802e-14,1.0,0.0,-0.01132563102230666,P0_reference_proxy
3,True,120,40,1000000,0.25,200000,0.02,0.25,0.03,4.0,1.0,0.002,0.0005,0.05,40,-0.08,0.9,0.0,0.0,0.0,5,0.15,3.0,0.1,100.0,1.0,15.0,1.0,tanh,synthetic_proxy,0.006213029987390817,0.08489284699212629,0,0.001479022870790587,1.472384030493345,1.0,0,3.4924596548080444e-10,3.410605131648481e-13,1.0,0.23333333333333334,-0.08463136654584646,P0_reference_proxy
4,False,120,40,1000000,0.25,200000,0.02,0.25,0.03,4.0,1.0,0.002,0.0005,0.05,40,-0.08,0.9,0.0,0.0,0.0,5,0.15,3.0,0.1,100.0,1.0,15.0,1.0,tanh,synthetic_proxy,0.0,0.012254005508730681,0,0.0008831459319834073,1.3390087021980157,1.0,0,3.4924596548080444e-10,1.1368683772161603e-13,1.0,0.0,0.014928525963909367,P0_reference_proxy
4,True,120,40,1000000,0.25,200000,0.02,0.25,0.03,4.0,1.0,0.002,0.0005,0.05,40,-0.08,0.9,0.0,0.0,0.0,5,0.15,3.0,0.1,100.0,1.0,15.0,1.0,tanh,synthetic_proxy,0.005663528368732296,0.07736849639113774,0,0.0017547502237016143,1.4705974975351006,1.0,0,3.4924596548080444e-10,2.2737367544323206e-13,1.0,0.24166666666666667,-0.06030107265930451,P0_reference_proxy
5,False,120,40,1000000,0.25,200000,0.02,0.25,0.03,4.0,1.0,0.002,0.0005,0.05,40,-0.08,0.9,0.0,0.0,0.0,5,0.15,3.0,0.1,100.0,1.0,15.0,1.0,tanh,synthetic_proxy,0.0,0.02883046327363248,0,0.0008710758014115191,1.3416832767996985,1.0,0,2.3283064365386963e-10,5.684341886080802e-14,1.0,0.0,-0.024904537340784683,P0_reference_proxy
5,True,120,40,1000000,0.25,200000,0.02,0.25,0.03,4.0,1.0,0.002,0.0005,0.05,40,-0.08,0.9,0.0,0.0,0.0,5,0.15,3.0,0.1,100.0,1.0,15.0,1.0,tanh,synthetic_proxy,0.008646108529537289,0.1000752191332972,1,0.0016274855698161174,1.499169525623003,1.0,0,4.656612873077393e-10,2.2737367544323206e-13,1.0,0.30833333333333335,-0.09718873210290324,P0_reference_proxy
6,False,120,40,1000000,0.25,200000,0.02,0.25,0.03,4.0,1.0,0.002,0.0005,0.05,40,-0.08,0.9,0.0,0.0,0.0,5,0.15,3.0,0.1,100.0,1.0,15.0,1.0,tanh,synthetic_proxy,0.0,0.018294690063318297,0,0.0009060540551022396,1.3580322376507274,1.0,0,3.4924596548080444e-10,5.684341886080802e-14,1.0,0.0,-0.010297163993027825,P0_reference_proxy
6,True,120,40,1000000,0.25,200000,0.02,0.25,0.03,4.0,1.0,0.002,0.0005,0.05,40,-0.08,0.9,0.0,0.0,0.0,5,0.15,3.0,0.1,100.0,1.0,15.0,1.0,tanh,synthetic_proxy,0.008496792163824596,0.0892409565861273,0,0.0016945427577328262,1.5166583442179244,1.0,0,4.656612873077393e-10,5.684341886080801e-13,1.0,0.36666666666666664,-0.0836366648291127,P0_reference_proxy
7,False,120,40,1000000,0.25,200000,0.02,0.25,0.03,4.0,1.0,0.002,0.0005,0.05,40,-0.08,0.9,0.0,0.0,0.0,5,0.15,3.0,0.1,100.0,1.0,15.0,1.0,tanh,synthetic_proxy,0.0,0.005958168375905015,0,0.0009464388423241904,1.356405699461081,1.0,0,3.4924596548080444e-10,1.7053025658242404e-13,1.0,0.0,0.026974121409182095,P0_reference_proxy
7,True,120,40,1000000,0.25,200000,0.02,0.25,0.03,4.0,1.0,0.002,0.0005,0.05,40,-0.08,0.9,0.0,0.0,0.0,5,0.15,3.0,0.1,100.0,1.0,15.0,1.0,tanh,synthetic_proxy,0.00578603690835422,0.06857578341173864,0,0.0017664486796249437,1.4705876254257775,1.0,0,3.4924596548080444e-10,2.2737367544323206e-13,1.0,0.21666666666666667,-0.04923305118710486,P0_reference_proxy
8,False,120,40,1000000,0.25,200000,0.02,0.25,0.03,4.0,1.0,0.002,0.0005,0.05,40,-0.08,0.9,0.0,0.0,0.0,5,0.15,3.0,0.1,100.0,1.0,15.0,1.0,tanh,synthetic_proxy,0.0,0.024491945250593394,0,0.0009544022873903075,1.354259902269625,1.0,0,2.3283064365386963e-10,8.526512829121202e-14,1.0,0.0,-0.01643465275634992,P0_reference_proxy
8,True,120,40,1000000,0.25,200000,0.02,0.25,0.03,4.0,1.0,0.002,0.0005,0.05,40,-0.08,0.9,0.0,0.0,0.0,5,0.15,3.0,0.1,100.0,1.0,15.0,1.0,tanh,synthetic_proxy,0.007750245085615726,0.09601098905129113,0,0.001757171313873679,1.5112662087539663,1.0,0,3.4924596548080444e-10,3.410605131648481e-13,1.0,0.325,-0.08938142489401868,P0_reference_proxy
9,False,120,40,1000000,0.25,200000,0.02,0.25,0.03,4.0,1.0,0.002,0.0005,0.05,40,-0.08,0.9,0.0,0.0,0.0,5,0.15,3.0,0.1,100.0,1.0,15.0,1.0,tanh,synthetic_proxy,0.0,0.005902641514331175,0,0.0008876102843974569,1.360424081494603,1.0,0,2.3283064365386963e-10,5.684341886080802e-14,1.0,0.0,0.027588807695078987,P0_reference_proxy
9,True,120,40,1000000,0.25,200000,0.02,0.25,0.03,4.0,1.0,0.002,0.0005,0.05,40,-0.08,0.9,0.0,0.0,0.0,5,0.15,3.0,0.1,100.0,1.0,15.0,1.0,tanh,synthetic_proxy,0.003330526630110686,0.05701621094761167,0,0.0016003200705739175,1.464286550198771,1.0,0,3.4924596548080444e-10,3.410605131648481e-13,1.0,0.18333333333333332,-0.048563782824874724,P0_reference_proxy
10,False,120,40,1000000,0.25,200000,0.02,0.25,0.03,4.0,1.0,0.002,0.0005,0.05,40,-0.08,0.9,0.0,0.0,0.0,5,0.15,3.0,0.1,100.0,1.0,15.0,1.0,tanh,synthetic_proxy,0.0007398925407027246,0.049269953308276104,0,0.000830133574885035,1.3729268203622615,1.0,0,3.4924596548080444e-10,1.1368683772161603e-13,1.0,0.016666666666666666,-0.04554282682491817,P0_reference_proxy
10,True,120,40,1000000,0.25,200000,0.02,0.25,0.03,4.0,1.0,0.002,0.0005,0.05,40,-0.08,0.9,0.0,0.0,0.0,5,0.15,3.0,0.1,100.0,1.0,15.0,1.0,tanh,synthetic_proxy,0.01225540718323992,0.11942517494494131,1,0.001718349696395792,1.552131925913468,1.0,0,3.4924596548080444e-10,7.958078640513122e-13,1.0,0.39166666666666666,-0.11597307646287325,P0_reference_proxy
11,False,120,40,1000000,0.25,200000,0.02,0.25,0.03,4.0,1.0,0.002,0.0005,0.05,40,-0.08,0.9,0.0,0.0,0.0,5,0.15,3.0,0.1,100.0,1.0,15.0,1.0,tanh,synthetic_proxy,0.0,0.009764418186089086,0,0.0007861543386595041,1.3290841674725964,1.0,0,3.4924596548080444e-10,8.526512829121202e-14,1.0,0.0,0.005729254226384706,P0_reference_proxy
11,True,120,40,1000000,0.25,200000,0.02,0.25,0.03,4.0,1.0,0.002,0.0005,0.05,40,-0.08,0.9,0.0,0.0,0.0,5,0.15,3.0,0.1,100.0,1.0,15.0,1.0,tanh,synthetic_proxy,0.005724243036536514,0.07334649305589014,0,0.0015102765214364102,1.4566884194873746,1.0,0,3.4924596548080444e-10,5.684341886080801e-13,1.0,0.275,-0.06891472985301772,P0_reference_proxy
12,False,120,40,1000000,0.25,200000,0.02,0.25,0.03,4.0,1.0,0.002,0.0005,0.05,40,-0.08,0.9,0.0,0.0,0.0,5,0.15,3.0,0.1,100.0,1.0,15.0,1.0,tanh,synthetic_proxy,0.0,0.00946736400296011,0,0.000818312562747733,1.3399350849714733,1.0,0,3.4924596548080444e-10,1.7053025658242404e-13,1.0,0.0,0.011559768186151231,P0_reference_proxy
12,True,120,40,1000000,0.25,200000,0.02,0.25,0.03,4.0,1.0,0.002,0.0005,0.05,40,-0.08,0.9,0.0,0.0,0.0,5,0.15,3.0,0.1,100.0,1.0,15.0,1.0,tanh,synthetic_proxy,0.004375480833813228,0.06509584603511143,0,0.0015616948985347574,1.435436878814937,1.0,0,3.4924596548080444e-10,4.547473508864641e-13,1.0,0.16666666666666666,-0.06337319496560456,P0_reference_proxy
13,False,120,40,1000000,0.25,200000,0.02,0.25,0.03,4.0,1.0,0.002,0.0005,0.05,40,-0.08,0.9,0.0,0.0,0.0,5,0.15,3.0,0.1,100.0,1.0,15.0,1.0,tanh,synthetic_proxy,0.0,0.021164826924159108,0,0.0007929027235995806,1.336351845947438,1.0,0,3.4924596548080444e-10,1.1368683772161603e-13,1.0,0.0,-0.020543828418002175,P0_reference_proxy
13,True,120,40,1000000,0.25,200000,0.02,0.25,0.03,4.0,1.0,0.002,0.0005,0.05,40,-0.08,0.9,0.0,0.0,0.0,5,0.15,3.0,0.1,100.0,1.0,15.0,1.0,tanh,synthetic_proxy,0.0076797261960681595,0.09375688632439128,0,0.00165146661989114,1.469719067054078,1.0,0,2.3283064365386963e-10,4.547473508864641e-13,1.0,0.25,-0.09318194210979058,P0_reference_proxy
14,False,120,40,1000000,0.25,200000,0.02,0.25,0.03,4.0,1.0,0.002,0.0005,0.05,40,-0.08,0.9,0.0,0.0,0.0,5,0.15,3.0,0.1,100.0,1.0,15.0,1.0,tanh,synthetic_proxy,0.0,0.0128081459486733,0,0.0008317389383573419,1.3336013201574966,1.0,0,2.3283064365386963e-10,7.105427357601002e-14,1.0,0.0,-0.002925970526175936,P0_reference_proxy
14,True,120,40,1000000,0.25,200000,0.02,0.25,0.03,4.0,1.0,0.002,0.0005,0.05,40,-0.08,0.9,0.0,0.0,0.0,5,0.15,3.0,0.1,100.0,1.0,15.0,1.0,tanh,synthetic_proxy,0.005925779285954613,0.08011256414930468,0,0.001634096145354552,1.470415203874282,1.0,0,3.4924596548080444e-10,4.547473508864641e-13,1.0,0.2833333333333333,-0.07682667363873308,P0_reference_proxy
15,False,120,40,1000000,0.25,200000,0.02,0.25,0.03,4.0,1.0,0.002,0.0005,0.05,40,-0.08,0.9,0.0,0.0,0.0,5,0.15,3.0,0.1,100.0,1.0,15.0,1.0,tanh,synthetic_proxy,0.0,0.01809987964002946,0,0.0008535005011547947,1.35171306812223,1.0,0,2.3283064365386963e-10,9.947598300641403e-14,1.0,0.0,-0.009387831991188755,P0_reference_proxy
15,True,120,40,1000000,0.25,200000,0.02,0.25,0.03,4.0,1.0,0.002,0.0005,0.05,40,-0.08,0.9,0.0,0.0,0.0,5,0.15,3.0,0.1,100.0,1.0,15.0,1.0,tanh,synthetic_proxy,0.0063352829591760695,0.08547859628219678,0,0.001683147615415571,1.4821921336044,1.0,0,4.656612873077393e-10,4.547473508864641e-13,1.0,0.25,-0.08286725854458576,P0_reference_proxy
16,False,120,40,1000000,0.25,200000,0.02,0.25,0.03,4.0,1.0,0.002,0.0005,0.05,40,-0.08,0.9,0.0,0.0,0.0,5,0.15,3.0,0.1,100.0,1.0,15.0,1.0,tanh,synthetic_proxy,0.0,0.011175045561300334,0,0.0008950588777177652,1.3531793314205725,1.0,0,2.3283064365386963e-10,1.9895196601282805e-13,1.0,0.0,0.008471131423603673,P0_reference_proxy
16,True,120,40,1000000,0.25,200000,0.02,0.25,0.03,4.0,1.0,0.002,0.0005,0.05,40,-0.08,0.9,0.0,0.0,0.0,5,0.15,3.0,0.1,100.0,1.0,15.0,1.0,tanh,synthetic_proxy,0.004585640330634133,0.06854987666547496,0,0.0015992152080119618,1.4677315153011523,1.0,0,2.3283064365386963e-10,3.410605131648481e-13,1.0,0.225,-0.066234946741063,P0_reference_proxy
17,False,120,40,1000000,0.25,200000,0.02,0.25,0.03,4.0,1.0,0.002,0.0005,0.05,40,-0.08,0.9,0.0,0.0,0.0,5,0.15,3.0,0.1,100.0,1.0,15.0,1.0,tanh,synthetic_proxy,0.0,0.018220477510908273,0,0.0009057935047403074,1.3329479112199707,1.0,0,3.4924596548080444e-10,1.5631940186722204e-13,1.0,0.0,-0.0008434562221961706,P0_reference_proxy
17,True,120,40,1000000,0.25,200000,0.02,0.25,0.03,4.0,1.0,0.002,0.0005,0.05,40,-0.08,0.9,0.0,0.0,0.0,5,0.15,3.0,0.1,100.0,1.0,15.0,1.0,tanh,synthetic_proxy,0.005073925949041547,0.0772331831095483,0,0.0016913347622312717,1.444250545305874,1.0,0,2.3283064365386963e-10,4.547473508864641e-13,1.0,0.19166666666666668,-0.0749464428677008,P0_reference_proxy
18,False,120,40,1000000,0.25,200000,0.02,0.25,0.03,4.0,1.0,0.002,0.0005,0.05,40,-0.08,0.9,0.0,0.0,0.0,5,0.15,3.0,0.1,100.0,1.0,15.0,1.0,tanh,synthetic_proxy,0.0,0.006054314993901855,0,0.0008462574792859733,1.3631026028618705,1.0,0,2.3283064365386963e-10,5.684341886080802e-14,1.0,0.0,-0.003251396954608854,P0_reference_proxy
18,True,120,40,1000000,0.25,200000,0.02,0.25,0.03,4.0,1.0,0.002,0.0005,0.05,40,-0.08,0.9,0.0,0.0,0.0,5,0.15,3.0,0.1,100.0,1.0,15.0,1.0,tanh,synthetic_proxy,0.006638088054724323,0.07877576019600452,0,0.0017227097484641674,1.4755060378048817,1.0,0,3.4924596548080444e-10,6.821210263296962e-13,1.0,0.2,-0.07722966080449811,P0_reference_proxy
19,False,120,40,1000000,0.25,200000,0.02,0.25,0.03,4.0,1.0,0.002,0.0005,0.05,40,-0.08,0.9,0.0,0.0,0.0,5,0.15,3.0,0.1,100.0,1.0,15.0,1.0,tanh,synthetic_proxy,0.0,0.016651258817448444,0,0.0008318474217747291,1.3641846779589952,1.0,0,2.3283064365386963e-10,1.1368683772161603e-13,1.0,0.0,-0.008418078042233268,P0_reference_proxy
19,True,120,40,1000000,0.25,200000,0.02,0.25,0.03,4.0,1.0,0.002,0.0005,0.05,40,-0.08,0.9,0.0,0.0,0.0,5,0.15,3.0,0.1,100.0,1.0,15.0,1.0,tanh,synthetic_proxy,0.007606194781468512,0.0871827914865122,0,0.0016030566761518423,1.4900343732620627,1.0,0,4.656612873077393e-10,4.547473508864641e-13,1.0,0.23333333333333334,-0.08186514802849099,P0_reference_proxy
0,False,120,40,1000000,0.75,200000,0.02,0.25,0.03,4.0,1.0,0.002,0.0005,0.05,40,-0.08,0.0,0.0,0.0,0.0,5,0.15,3.0,0.1,100.0,1.0,15.0,1.0,tanh,synthetic_proxy,0.0,0.006576058501359561,0,0.0005583155664859205,0.4511232152522854,1.0,0,2.3283064365386963e-10,1.4210854715202004e-14,1.0,0.0,0.007814522176116778,P0_reference_proxy
0,True,120,40,1000000,0.75,200000,0.02,0.25,0.03,4.0,1.0,0.002,0.0005,0.05,40,-0.08,0.0,0.0,0.0,0.0,5,0.15,3.0,0.1,100.0,1.0,15.0,1.0,tanh,synthetic_proxy,0.006101241411913483,0.07521521590942204,0,0.001696421527500684,0.7298567037839345,1.0,0,4.656612873077393e-10,5.684341886080801e-13,1.0,0.19166666666666668,-0.0680431290498289,P0_reference_proxy
1,False,120,40,1000000,0.75,200000,0.02,0.25,0.03,4.0,1.0,0.002,0.0005,0.05,40,-0.08,0.0,0.0,0.0,0.0,5,0.15,3.0,0.1,100.0,1.0,15.0,1.0,tanh,synthetic_proxy,0.0,0.018306942548844463,0,0.0005334686632657734,0.44744612397216577,1.0,0,1.1641532182693481e-10,2.842170943040401e-14,1.0,0.0,-0.01543716973708087,P0_reference_proxy
1,True,120,40,1000000,0.75,200000,0.02,0.25,0.03,4.0,1.0,0.002,0.0005,0.05,40,-0.08,0.0,0.0,0.0,0.0,5,0.15,3.0,0.1,100.0,1.0,15.0,1.0,tanh,synthetic_proxy,0.007736392151265203,0.09034581847711265,0,0.0017077539554905528,0.7934021008925951,1.0,0,4.656612873077393e-10,4.547473508864641e-13,1.0,0.25,-0.08963567940781347,P0_reference_proxy
2,False,120,40,1000000,0.75,200000,0.02,0.25,0.03,4.0,1.0,0.002,0.0005,0.05,40,-0.08,0.0,0.0,0.0,0.0,5,0.15,3.0,0.1,100.0,1.0,15.0,1.0,tanh,synthetic_proxy,0.0011912443318131682,0.003644400738997966,0,0.0008056364672613018,0.5083750380778297,1.0,0,3.4924596548080444e-10,4.547473508864641e-13,1.0,0.03333333333333333,0.03039999726805309,P0_reference_proxy
2,True,120,40,1000000,0.75,200000,0.02,0.25,0.03,4.0,1.0,0.002,0.0005,0.05,40,-0.08,0.0,0.0,0.0,0.0,5,0.15,3.0,0.1,100.0,1.0,15.0,1.0,tanh,synthetic_proxy,0.003275720364341872,0.05488879097255073,0,0.0013599070682235234,0.5919543721867907,1.0,0,2.3283064365386963e-10,4.547473508864641e-13,1.0,0.08333333333333333,-0.04760980903702228,P0_reference_proxy
3,False,120,40,1000000,0.75,200000,0.02,0.25,0.03,4.0,1.0,0.002,0.0005,0.05,40,-0.08,0.0,0.0,0.0,0.0,5,0.15,3.0,0.1,100.0,1.0,15.0,1.0,tanh,synthetic_proxy,0.0,0.0135460238495978,0,0.000536215421625544,0.44864743960611514,1.0,0,2.3283064365386963e-10,5.684341886080802e-14,1.0,0.0,-0.01148431938118899,P0_reference_proxy
3,True,120,40,1000000,0.75,200000,0.02,0.25,0.03,4.0,1.0,0.002,0.0005,0.05,40,-0.08,0.0,0.0,0.0,0.0,5,0.15,3.0,0.1,100.0,1.0,15.0,1.0,tanh,synthetic_proxy,0.006879801937071717,0.08664765532541696,0,0.0015415542394675524,0.7261497661282751,1.0,0,3.4924596548080444e-10,4.547473508864641e-13,1.0,0.20833333333333334,-0.08616606078948863,P0_reference_proxy
4,False,120,40,1000000,0.75,200000,0.02,0.25,0.03,4.0,1.0,0.002,0.0005,0.05,40,-0.08,0.0,0.0,0.0,0.0,5,0.15,3.0,0.1,100.0,1.0,15.0,1.0,tanh,synthetic_proxy,0.0,0.010712642520338544,0,0.0006123661001485488,0.4474716444868194,1.0,0,1.1641532182693481e-10,5.684341886080802e-14,1.0,0.0,0.014824677266744413,P0_reference_proxy
4,True,120,40,1000000,0.75,200000,0.02,0.25,0.03,4.0,1.0,0.002,0.0005,0.05,40,-0.08,0.0,0.0,0.0,0.0,5,0.15,3.0,0.1,100.0,1.0,15.0,1.0,tanh,synthetic_proxy,0.005767930917029762,0.07962634833023763,0,0.0017959962811161501,0.7715703127443581,1.0,0,3.4924596548080444e-10,9.094947017729282e-13,1.0,0.23333333333333334,-0.06165004883279479,P0_reference_proxy
5,False,120,40,1000000,0.75,200000,0.02,0.25,0.03,4.0,1.0,0.002,0.0005,0.05,40,-0.08,0.0,0.0,0.0,0.0,5,0.15,3.0,0.1,100.0,1.0,15.0,1.0,tanh,synthetic_proxy,0.0,0.027400808160532142,0,0.0005785832323173668,0.446652238245666,1.0,0,2.3283064365386963e-10,3.552713678800501e-14,1.0,0.0,-0.02521074358282338,P0_reference_proxy
5,True,120,40,1000000,0.75,200000,0.02,0.25,0.03,4.0,1.0,0.002,0.0005,0.05,40,-0.08,0.0,0.0,0.0,0.0,5,0.15,3.0,0.1,100.0,1.0,15.0,1.0,tanh,synthetic_proxy,0.00868069090346224,0.09993362679208484,0,0.0015975057661938965,0.7755631685487074,1.0,0,3.4924596548080444e-10,4.547473508864641e-13,1.0,0.2916666666666667,-0.09846249247649508,P0_reference_proxy
6,False,120,40,1000000,0.75,200000,0.02,0.25,0.03,4.0,1.0,0.002,0.0005,0.05,40,-0.08,0.0,0.0,0.0,0.0,5,0.15,3.0,0.1,100.0,1.0,15.0,1.0,tanh,synthetic_proxy,0.0,0.017684102715509464,0,0.0006208374166757507,0.45330406044813826,1.0,0,1.1641532182693481e-10,8.526512829121202e-14,1.0,0.0,-0.01067944168339341,P0_reference_proxy
6,True,120,40,1000000,0.75,200000,0.02,0.25,0.03,4.0,1.0,0.002,0.0005,0.05,40,-0.08,0.0,0.0,0.0,0.0,5,0.15,3.0,0.1,100.0,1.0,15.0,1.0,tanh,synthetic_proxy,0.008586560357211948,0.09018437588726436,0,0.0018304836474273137,0.8879471556313103,1.0,0,5.820766091346741e-10,5.684341886080801e-13,1.0,0.35,-0.08489097597041484,P0_reference_proxy
7,False,120,40,1000000,0.75,200000,0.02,0.25,0.03,4.0,1.0,0.002,0.0005,0.05,40,-0.08,0.0,0.0,0.0,0.0,5,0.15,3.0,0.1,100.0,1.0,15.0,1.0,tanh,synthetic_proxy,0.0004157024041677726,0.005541286535608592,0,0.0007971109581278341,0.4835606334054673,1.0,0,2.3283064365386963e-10,1.7053025658242404e-13,1.0,0.016666666666666666,0.028094067354238028,P0_reference_proxy
7,True,120,40,1000000,0.75,200000,0.02,0.25,0.03,4.0,1.0,0.002,0.0005,0.05,40,-0.08,0.0,0.0,0.0,0.0,5,0.15,3.0,0.1,100.0,1.0,15.0,1.0,tanh,synthetic_proxy,0.004212855469736487,0.07081373065565133,0,0.0019054866569421195,0.7928086123102899,1.0,0,5.820766091346741e-10,3.410605131648481e-13,1.0,0.20833333333333334,-0.04958096224993669,P0_reference_proxy
8,False,120,40,1000000,0.75,200000,0.02,0.25,0.03,4.0,1.0,0.002,0.0005,0.05,40,-0.08,0.0,0.0,0.0,0.0,5,0.15,3.0,0.1,100.0,1.0,15.0,1.0,tanh,synthetic_proxy,0.0,0.0236652375603581,0,0.0006486512004391817,0.4491901159279523,1.0,0,1.1641532182693481e-10,2.842170943040401e-14,1.0,0.0,-0.017455194672197916,P0_reference_proxy
8,True,120,40,1000000,0.75,200000,0.02,0.25,0.03,4.0,1.0,0.002,0.0005,0.05,40,-0.08,0.0,0.0,0.0,0.0,5,0.15,3.0,0.1,100.0,1.0,15.0,1.0,tanh,synthetic_proxy,0.008098005198407865,0.09653091161602867,0,0.0017707965916306707,0.8078083134297266,1.0,0,4.656612873077393e-10,1.1368683772161603e-12,1.0,0.275,-0.09143566206548914,P0_reference_proxy
9,False,120,40,1000000,0.75,200000,0.02,0.25,0.03,4.0,1.0,0.002,0.0005,0.05,40,-0.08,0.0,0.0,0.0,0.0,5,0.15,3.0,0.1,100.0,1.0,15.0,1.0,tanh,synthetic_proxy,0.0,0.005928746350848502,0,0.0006023457420597649,0.4521590979390139,1.0,0,2.3283064365386963e-10,6.394884621840902e-14,1.0,0.0,0.027857408571475784,P0_reference_proxy
9,True,120,40,1000000,0.75,200000,0.02,0.25,0.03,4.0,1.0,0.002,0.0005,0.05,40,-0.08,0.0,0.0,0.0,0.0,5,0.15,3.0,0.1,100.0,1.0,15.0,1.0,tanh,synthetic_proxy,0.0031846801935331293,0.05928280887077986,0,0.0015699048251742362,0.7054532856740745,1.0,0,4.656612873077393e-10,3.410605131648481e-13,1.0,0.175,-0.049528677744227534,P0_reference_proxy
10,False,120,40,1000000,0.75,200000,0.02,0.25,0.03,4.0,1.0,0.002,0.0005,0.05,40,-0.08,0.0,0.0,0.0,0.0,5,0.15,3.0,0.1,100.0,1.0,15.0,1.0,tanh,synthetic_proxy,0.0010194921024091474,0.04920450261316256,0,0.0006897682218472073,0.4835515560596295,1.0,0,2.3283064365386963e-10,1.1368683772161603e-13,1.0,0.016666666666666666,-0.046179744797917976,P0_reference_proxy
10,True,120,40,1000000,0.75,200000,0.02,0.25,0.03,4.0,1.0,0.002,0.0005,0.05,40,-0.08,0.0,0.0,0.0,0.0,5,0.15,3.0,0.1,100.0,1.0,15.0,1.0,tanh,synthetic_proxy,0.012225075485911896,0.11978858493155331,1,0.0018766881430689404,0.9689992840166951,1.0,0,5.820766091346741e-10,6.821210263296962e-13,1.0,0.4,-0.11704895619125155,P0_reference_proxy
11,False,120,40,1000000,0.75,200000,0.02,0.25,0.03,4.0,1.0,0.002,0.0005,0.05,40,-0.08,0.0,0.0,0.0,0.0,5,0.15,3.0,0.1,100.0,1.0,15.0,1.0,tanh,synthetic_proxy,0.0,0.009546042531835663,0,0.0005689287230388996,0.4427555915310203,1.0,0,2.3283064365386963e-10,2.1316282072803006e-14,1.0,0.0,0.005106202007760352,P0_reference_proxy
11,True,120,40,1000000,0.75,200000,0.02,0.25,0.03,4.0,1.0,0.002,0.0005,0.05,40,-0.08,0.0,0.0,0.0,0.0,5,0.15,3.0,0.1,100.0,1.0,15.0,1.0,tanh,synthetic_proxy,0.005807501728034792,0.07377502394759627,0,0.0015645118353926012,0.7734624183129427,1.0,0,4.656612873077393e-10,6.821210263296962e-13,1.0,0.24166666666666667,-0.07065960292721873,P0_reference_proxy
12,False,120,40,1000000,0.75,200000,0.02,0.25,0.03,4.0,1.0,0.002,0.0005,0.05,40,-0.08,0.0,0.0,0.0,0.0,5,0.15,3.0,0.1,100.0,1.0,15.0,1.0,tanh,synthetic_proxy,0.0,0.007655939981949023,0,0.0006126589939470076,0.44670334308124915,1.0,0,2.3283064365386963e-10,2.842170943040401e-14,1.0,0.0,0.012785273026593602,P0_reference_proxy
12,True,120,40,1000000,0.75,200000,0.02,0.25,0.03,4.0,1.0,0.002,0.0005,0.05,40,-0.08,0.0,0.0,0.0,0.0,5,0.15,3.0,0.1,100.0,1.0,15.0,1.0,tanh,synthetic_proxy,0.004488965195158956,0.06535783163679076,0,0.001511875488312336,0.6399404851201445,1.0,0,3.4924596548080444e-10,4.547473508864641e-13,1.0,0.13333333333333333,-0.063562088290678,P0_reference_proxy
13,False,120,40,1000000,0.75,200000,0.02,0.25,0.03,4.0,1.0,0.002,0.0005,0.05,40,-0.08,0.0,0.0,0.0,0.0,5,0.15,3.0,0.1,100.0,1.0,15.0,1.0,tanh,synthetic_proxy,0.0,0.019814046226245385,0,0.0006069105336086548,0.44384932282805023,1.0,0,2.3283064365386963e-10,4.263256414560601e-14,1.0,0.0,-0.01907044268532232,P0_reference_proxy
13,True,120,40,1000000,0.75,200000,0.02,0.25,0.03,4.0,1.0,0.002,0.0005,0.05,40,-0.08,0.0,0.0,0.0,0.0,5,0.15,3.0,0.1,100.0,1.0,15.0,1.0,tanh,synthetic_proxy,0.0077494328946559055,0.09368346079241086,0,0.0017732327687215127,0.8049953522563387,1.0,0,3.4924596548080444e-10,9.094947017729282e-13,1.0,0.25,-0.09299589718761003,P0_reference_proxy
14,False,120,40,1000000,0.75,200000,0.02,0.25,0.03,4.0,1.0,0.002,0.0005,0.05,40,-0.08,0.0,0.0,0.0,0.0,5,0.15,3.0,0.1,100.0,1.0,15.0,1.0,tanh,synthetic_proxy,0.0,0.012108010576964867,0,0.0005625883675903246,0.4458477424756079,1.0,0,1.1641532182693481e-10,2.1316282072803006e-14,1.0,0.0,-0.0033837668322737047,P0_reference_proxy
14,True,120,40,1000000,0.75,200000,0.02,0.25,0.03,4.0,1.0,0.002,0.0005,0.05,40,-0.08,0.0,0.0,0.0,0.0,5,0.15,3.0,0.1,100.0,1.0,15.0,1.0,tanh,synthetic_proxy,0.006044217386789841,0.0821272781147735,0,0.0017327316239358543,0.810972785035622,1.0,0,3.4924596548080444e-10,2.2737367544323206e-13,1.0,0.25,-0.07844768653928635,P0_reference_proxy
15,False,120,40,1000000,0.75,200000,0.02,0.25,0.03,4.0,1.0,0.002,0.0005,0.05,40,-0.08,0.0,0.0,0.0,0.0,5,0.15,3.0,0.1,100.0,1.0,15.0,1.0,tanh,synthetic_proxy,0.0,0.01743038083656301,0,0.0005481287173849514,0.4525202879862437,1.0,0,1.1641532182693481e-10,1.7763568394002505e-14,1.0,0.0,-0.010156319497088506,P0_reference_proxy
15,True,120,40,1000000,0.75,200000,0.02,0.25,0.03,4.0,1.0,0.002,0.0005,0.05,40,-0.08,0.0,0.0,0.0,0.0,5,0.15,3.0,0.1,100.0,1.0,15.0,1.0,tanh,synthetic_proxy,0.006424441038701323,0.08720046552679406,0,0.0017373256839138802,0.7804534564833242,1.0,0,3.4924596548080444e-10,3.410605131648481e-13,1.0,0.23333333333333334,-0.08477608475570664,P0_reference_proxy
16,False,120,40,1000000,0.75,200000,0.02,0.25,0.03,4.0,1.0,0.002,0.0005,0.05,40,-0.08,0.0,0.0,0.0,0.0,5,0.15,3.0,0.1,100.0,1.0,15.0,1.0,tanh,synthetic_proxy,0.0,0.010889318596627673,0,0.0006485910213957587,0.450419820418336,1.0,0,1.1641532182693481e-10,2.842170943040401e-14,1.0,0.0,0.00837120079319642,P0_reference_proxy
16,True,120,40,1000000,0.75,200000,0.02,0.25,0.03,4.0,1.0,0.002,0.0005,0.05,40,-0.08,0.0,0.0,0.0,0.0,5,0.15,3.0,0.1,100.0,1.0,15.0,1.0,tanh,synthetic_proxy,0.004673890427708827,0.06900949458445749,0,0.0016168075221705555,0.6985519277710398,1.0,0,3.4924596548080444e-10,5.684341886080801e-13,1.0,0.19166666666666668,-0.06752409299102224,P0_reference_proxy
17,False,120,40,1000000,0.75,200000,0.02,0.25,0.03,4.0,1.0,0.002,0.0005,0.05,40,-0.08,0.0,0.0,0.0,0.0,5,0.15,3.0,0.1,100.0,1.0,15.0,1.0,tanh,synthetic_proxy,0.0,0.018931840102400233,0,0.0006668978254880517,0.4439638672514113,1.0,0,2.3283064365386963e-10,8.526512829121202e-14,1.0,0.0,-0.0007591536305032731,P0_reference_proxy
17,True,120,40,1000000,0.75,200000,0.02,0.25,0.03,4.0,1.0,0.002,0.0005,0.05,40,-0.08,0.0,0.0,0.0,0.0,5,0.15,3.0,0.1,100.0,1.0,15.0,1.0,tanh,synthetic_proxy,0.005147742945744493,0.07995769146085052,0,0.0017539517324891376,0.7455388063838472,1.0,0,2.3283064365386963e-10,6.821210263296962e-13,1.0,0.2,-0.07600440616195803,P0_reference_proxy
18,False,120,40,1000000,0.75,200000,0.02,0.25,0.03,4.0,1.0,0.002,0.0005,0.05,40,-0.08,0.0,0.0,0.0,0.0,5,0.15,3.0,0.1,100.0,1.0,15.0,1.0,tanh,synthetic_proxy,0.0,0.004752889367512725,0,0.0005584175927298743,0.4560227161424835,1.0,0,1.1641532182693481e-10,3.197442310920451e-14,1.0,0.0,-0.0033606726471060444,P0_reference_proxy
18,True,120,40,1000000,0.75,200000,0.02,0.25,0.03,4.0,1.0,0.002,0.0005,0.05,40,-0.08,0.0,0.0,0.0,0.0,5,0.15,3.0,0.1,100.0,1.0,15.0,1.0,tanh,synthetic_proxy,0.006657805613049073,0.07873245387347261,0,0.0017156334675744347,0.7135117172087238,1.0,0,5.820766091346741e-10,5.684341886080801e-13,1.0,0.18333333333333332,-0.07848653032121744,P0_reference_proxy
19,False,120,40,1000000,0.75,200000,0.02,0.25,0.03,4.0,1.0,0.002,0.0005,0.05,40,-0.08,0.0,0.0,0.0,0.0,5,0.15,3.0,0.1,100.0,1.0,15.0,1.0,tanh,synthetic_proxy,0.0,0.015419363327458302,0,0.0005962478664218708,0.4550048873206533,1.0,0,2.3283064365386963e-10,2.842170943040401e-14,1.0,0.0,-0.007248654726587533,P0_reference_proxy
19,True,120,40,1000000,0.75,200000,0.02,0.25,0.03,4.0,1.0,0.002,0.0005,0.05,40,-0.08,0.0,0.0,0.0,0.0,5,0.15,3.0,0.1,100.0,1.0,15.0,1.0,tanh,synthetic_proxy,0.007765466067731097,0.08674403451539126,0,0.0016027126139556962,0.7112705309335614,1.0,0,3.4924596548080444e-10,6.821210263296962e-13,1.0,0.20833333333333334,-0.08185337308938179,P0_reference_proxy
0,False,120,40,1000000,0.75,200000,0.02,0.25,0.03,4.0,1.0,0.002,0.0005,0.05,40,-0.08,0.9,0.0,0.0,0.0,5,0.15,3.0,0.1,100.0,1.0,15.0,1.0,tanh,synthetic_proxy,0.0,0.006576058501359561,0,0.0005583155664859205,0.4511232152522854,1.0,0,2.3283064365386963e-10,1.4210854715202004e-14,1.0,0.0,0.007814522176116778,P0_reference_proxy
0,True,120,40,1000000,0.75,200000,0.02,0.25,0.03,4.0,1.0,0.002,0.0005,0.05,40,-0.08,0.9,0.0,0.0,0.0,5,0.15,3.0,0.1,100.0,1.0,15.0,1.0,tanh,synthetic_proxy,0.006101241411913483,0.07521521590942204,0,0.001696421527500684,0.7298567037839345,1.0,0,4.656612873077393e-10,5.684341886080801e-13,1.0,0.19166666666666668,-0.0680431290498289,P0_reference_proxy
1,False,120,40,1000000,0.75,200000,0.02,0.25,0.03,4.0,1.0,0.002,0.0005,0.05,40,-0.08,0.9,0.0,0.0,0.0,5,0.15,3.0,0.1,100.0,1.0,15.0,1.0,tanh,synthetic_proxy,0.0,0.018306942548844463,0,0.0005334686632657734,0.44744612397216577,1.0,0,1.1641532182693481e-10,2.842170943040401e-14,1.0,0.0,-0.01543716973708087,P0_reference_proxy
1,True,120,40,1000000,0.75,200000,0.02,0.25,0.03,4.0,1.0,0.002,0.0005,0.05,40,-0.08,0.9,0.0,0.0,0.0,5,0.15,3.0,0.1,100.0,1.0,15.0,1.0,tanh,synthetic_proxy,0.007736392151265203,0.09034581847711265,0,0.0017077539554905528,0.7934021008925951,1.0,0,4.656612873077393e-10,4.547473508864641e-13,1.0,0.25,-0.08963567940781347,P0_reference_proxy
2,False,120,40,1000000,0.75,200000,0.02,0.25,0.03,4.0,1.0,0.002,0.0005,0.05,40,-0.08,0.9,0.0,0.0,0.0,5,0.15,3.0,0.1,100.0,1.0,15.0,1.0,tanh,synthetic_proxy,0.0011912443318131682,0.003644400738997966,0,0.0008056364672613018,0.5083750380778297,1.0,0,3.4924596548080444e-10,4.547473508864641e-13,1.0,0.03333333333333333,0.03039999726805309,P0_reference_proxy
2,True,120,40,1000000,0.75,200000,0.02,0.25,0.03,4.0,1.0,0.002,0.0005,0.05,40,-0.08,0.9,0.0,0.0,0.0,5,0.15,3.0,0.1,100.0,1.0,15.0,1.0,tanh,synthetic_proxy,0.003275720364341872,0.05488879097255073,0,0.0013599070682235234,0.5919543721867907,1.0,0,2.3283064365386963e-10,4.547473508864641e-13,1.0,0.08333333333333333,-0.04760980903702228,P0_reference_proxy
3,False,120,40,1000000,0.75,200000,0.02,0.25,0.03,4.0,1.0,0.002,0.0005,0.05,40,-0.08,0.9,0.0,0.0,0.0,5,0.15,3.0,0.1,100.0,1.0,15.0,1.0,tanh,synthetic_proxy,0.0,0.0135460238495978,0,0.000536215421625544,0.44864743960611514,1.0,0,2.3283064365386963e-10,5.684341886080802e-14,1.0,0.0,-0.01148431938118899,P0_reference_proxy
3,True,120,40,1000000,0.75,200000,0.02,0.25,0.03,4.0,1.0,0.002,0.0005,0.05,40,-0.08,0.9,0.0,0.0,0.0,5,0.15,3.0,0.1,100.0,1.0,15.0,1.0,tanh,synthetic_proxy,0.006879801937071717,0.08664765532541696,0,0.0015415542394675524,0.7261497661282751,1.0,0,3.4924596548080444e-10,4.547473508864641e-13,1.0,0.20833333333333334,-0.08616606078948863,P0_reference_proxy
4,False,120,40,1000000,0.75,200000,0.02,0.25,0.03,4.0,1.0,0.002,0.0005,0.05,40,-0.08,0.9,0.0,0.0,0.0,5,0.15,3.0,0.1,100.0,1.0,15.0,1.0,tanh,synthetic_proxy,0.0,0.010712642520338544,0,0.0006123661001485488,0.4474716444868194,1.0,0,1.1641532182693481e-10,5.684341886080802e-14,1.0,0.0,0.014824677266744413,P0_reference_proxy
4,True,120,40,1000000,0.75,200000,0.02,0.25,0.03,4.0,1.0,0.002,0.0005,0.05,40,-0.08,0.9,0.0,0.0,0.0,5,0.15,3.0,0.1,100.0,1.0,15.0,1.0,tanh,synthetic_proxy,0.005767930917029762,0.07962634833023763,0,0.0017959962811161501,0.7715703127443581,1.0,0,3.4924596548080444e-10,9.094947017729282e-13,1.0,0.23333333333333334,-0.06165004883279479,P0_reference_proxy
5,False,120,40,1000000,0.75,200000,0.02,0.25,0.03,4.0,1.0,0.002,0.0005,0.05,40,-0.08,0.9,0.0,0.0,0.0,5,0.15,3.0,0.1,100.0,1.0,15.0,1.0,tanh,synthetic_proxy,0.0,0.027400808160532142,0,0.0005785832323173668,0.446652238245666,1.0,0,2.3283064365386963e-10,3.552713678800501e-14,1.0,0.0,-0.02521074358282338,P0_reference_proxy
5,True,120,40,1000000,0.75,200000,0.02,0.25,0.03,4.0,1.0,0.002,0.0005,0.05,40,-0.08,0.9,0.0,0.0,0.0,5,0.15,3.0,0.1,100.0,1.0,15.0,1.0,tanh,synthetic_proxy,0.00868069090346224,0.09993362679208484,0,0.0015975057661938965,0.7755631685487074,1.0,0,3.4924596548080444e-10,4.547473508864641e-13,1.0,0.2916666666666667,-0.09846249247649508,P0_reference_proxy
6,False,120,40,1000000,0.75,200000,0.02,0.25,0.03,4.0,1.0,0.002,0.0005,0.05,40,-0.08,0.9,0.0,0.0,0.0,5,0.15,3.0,0.1,100.0,1.0,15.0,1.0,tanh,synthetic_proxy,0.0,0.017684102715509464,0,0.0006208374166757507,0.45330406044813826,1.0,0,1.1641532182693481e-10,8.526512829121202e-14,1.0,0.0,-0.01067944168339341,P0_reference_proxy
6,True,120,40,1000000,0.75,200000,0.02,0.25,0.03,4.0,1.0,0.002,0.0005,0.05,40,-0.08,0.9,0.0,0.0,0.0,5,0.15,3.0,0.1,100.0,1.0,15.0,1.0,tanh,synthetic_proxy,0.008586560357211948,0.09018437588726436,0,0.0018304836474273137,0.8879471556313103,1.0,0,5.820766091346741e-10,5.684341886080801e-13,1.0,0.35,-0.08489097597041484,P0_reference_proxy
7,False,120,40,1000000,0.75,200000,0.02,0.25,0.03,4.0,1.0,0.002,0.0005,0.05,40,-0.08,0.9,0.0,0.0,0.0,5,0.15,3.0,0.1,100.0,1.0,15.0,1.0,tanh,synthetic_proxy,0.0004157024041677726,0.005541286535608592,0,0.0007971109581278341,0.4835606334054673,1.0,0,2.3283064365386963e-10,1.7053025658242404e-13,1.0,0.016666666666666666,0.028094067354238028,P0_reference_proxy
7,True,120,40,1000000,0.75,200000,0.02,0.25,0.03,4.0,1.0,0.002,0.0005,0.05,40,-0.08,0.9,0.0,0.0,0.0,5,0.15,3.0,0.1,100.0,1.0,15.0,1.0,tanh,synthetic_proxy,0.004212855469736487,0.07081373065565133,0,0.0019054866569421195,0.7928086123102899,1.0,0,5.820766091346741e-10,3.410605131648481e-13,1.0,0.20833333333333334,-0.04958096224993669,P0_reference_proxy
8,False,120,40,1000000,0.75,200000,0.02,0.25,0.03,4.0,1.0,0.002,0.0005,0.05,40,-0.08,0.9,0.0,0.0,0.0,5,0.15,3.0,0.1,100.0,1.0,15.0,1.0,tanh,synthetic_proxy,0.0,0.0236652375603581,0,0.0006486512004391817,0.4491901159279523,1.0,0,1.1641532182693481e-10,2.842170943040401e-14,1.0,0.0,-0.017455194672197916,P0_reference_proxy
8,True,120,40,1000000,0.75,200000,0.02,0.25,0.03,4.0,1.0,0.002,0.0005,0.05,40,-0.08,0.9,0.0,0.0,0.0,5,0.15,3.0,0.1,100.0,1.0,15.0,1.0,tanh,synthetic_proxy,0.008098005198407865,0.09653091161602867,0,0.0017707965916306707,0.8078083134297266,1.0,0,4.656612873077393e-10,1.1368683772161603e-12,1.0,0.275,-0.09143566206548914,P0_reference_proxy
9,False,120,40,1000000,0.75,200000,0.02,0.25,0.03,4.0,1.0,0.002,0.0005,0.05,40,-0.08,0.9,0.0,0.0,0.0,5,0.15,3.0,0.1,100.0,1.0,15.0,1.0,tanh,synthetic_proxy,0.0,0.005928746350848502,0,0.0006023457420597649,0.4521590979390139,1.0,0,2.3283064365386963e-10,6.394884621840902e-14,1.0,0.0,0.027857408571475784,P0_reference_proxy
9,True,120,40,1000000,0.75,200000,0.02,0.25,0.03,4.0,1.0,0.002,0.0005,0.05,40,-0.08,0.9,0.0,0.0,0.0,5,0.15,3.0,0.1,100.0,1.0,15.0,1.0,tanh,synthetic_proxy,0.0031846801935331293,0.05928280887077986,0,0.0015699048251742362,0.7054532856740745,1.0,0,4.656612873077393e-10,3.410605131648481e-13,1.0,0.175,-0.049528677744227534,P0_reference_proxy
10,False,120,40,1000000,0.75,200000,0.02,0.25,0.03,4.0,1.0,0.002,0.0005,0.05,40,-0.08,0.9,0.0,0.0,0.0,5,0.15,3.0,0.1,100.0,1.0,15.0,1.0,tanh,synthetic_proxy,0.0010194921024091474,0.04920450261316256,0,0.0006897682218472073,0.4835515560596295,1.0,0,2.3283064365386963e-10,1.1368683772161603e-13,1.0,0.016666666666666666,-0.046179744797917976,P0_reference_proxy
10,True,120,40,1000000,0.75,200000,0.02,0.25,0.03,4.0,1.0,0.002,0.0005,0.05,40,-0.08,0.9,0.0,0.0,0.0,5,0.15,3.0,0.1,100.0,1.0,15.0,1.0,tanh,synthetic_proxy,0.012225075485911896,0.11978858493155331,1,0.0018766881430689404,0.9689992840166951,1.0,0,5.820766091346741e-10,6.821210263296962e-13,1.0,0.4,-0.11704895619125155,P0_reference_proxy
11,False,120,40,1000000,0.75,200000,0.02,0.25,0.03,4.0,1.0,0.002,0.0005,0.05,40,-0.08,0.9,0.0,0.0,0.0,5,0.15,3.0,0.1,100.0,1.0,15.0,1.0,tanh,synthetic_proxy,0.0,0.009546042531835663,0,0.0005689287230388996,0.4427555915310203,1.0,0,2.3283064365386963e-10,2.1316282072803006e-14,1.0,0.0,0.005106202007760352,P0_reference_proxy
11,True,120,40,1000000,0.75,200000,0.02,0.25,0.03,4.0,1.0,0.002,0.0005,0.05,40,-0.08,0.9,0.0,0.0,0.0,5,0.15,3.0,0.1,100.0,1.0,15.0,1.0,tanh,synthetic_proxy,0.005807501728034792,0.07377502394759627,0,0.0015645118353926012,0.7734624183129427,1.0,0,4.656612873077393e-10,6.821210263296962e-13,1.0,0.24166666666666667,-0.07065960292721873,P0_reference_proxy
12,False,120,40,1000000,0.75,200000,0.02,0.25,0.03,4.0,1.0,0.002,0.0005,0.05,40,-0.08,0.9,0.0,0.0,0.0,5,0.15,3.0,0.1,100.0,1.0,15.0,1.0,tanh,synthetic_proxy,0.0,0.007655939981949023,0,0.0006126589939470076,0.44670334308124915,1.0,0,2.3283064365386963e-10,2.842170943040401e-14,1.0,0.0,0.012785273026593602,P0_reference_proxy
12,True,120,40,1000000,0.75,200000,0.02,0.25,0.03,4.0,1.0,0.002,0.0005,0.05,40,-0.08,0.9,0.0,0.0,0.0,5,0.15,3.0,0.1,100.0,1.0,15.0,1.0,tanh,synthetic_proxy,0.004488965195158956,0.06535783163679076,0,0.001511875488312336,0.6399404851201445,1.0,0,3.4924596548080444e-10,4.547473508864641e-13,1.0,0.13333333333333333,-0.063562088290678,P0_reference_proxy
13,False,120,40,1000000,0.75,200000,0.02,0.25,0.03,4.0,1.0,0.002,0.0005,0.05,40,-0.08,0.9,0.0,0.0,0.0,5,0.15,3.0,0.1,100.0,1.0,15.0,1.0,tanh,synthetic_proxy,0.0,0.019814046226245385,0,0.0006069105336086548,0.44384932282805023,1.0,0,2.3283064365386963e-10,4.263256414560601e-14,1.0,0.0,-0.01907044268532232,P0_reference_proxy
13,True,120,40,1000000,0.75,200000,0.02,0.25,0.03,4.0,1.0,0.002,0.0005,0.05,40,-0.08,0.9,0.0,0.0,0.0,5,0.15,3.0,0.1,100.0,1.0,15.0,1.0,tanh,synthetic_proxy,0.0077494328946559055,0.09368346079241086,0,0.0017732327687215127,0.8049953522563387,1.0,0,3.4924596548080444e-10,9.094947017729282e-13,1.0,0.25,-0.09299589718761003,P0_reference_proxy
14,False,120,40,1000000,0.75,200000,0.02,0.25,0.03,4.0,1.0,0.002,0.0005,0.05,40,-0.08,0.9,0.0,0.0,0.0,5,0.15,3.0,0.1,100.0,1.0,15.0,1.0,tanh,synthetic_proxy,0.0,0.012108010576964867,0,0.0005625883675903246,0.4458477424756079,1.0,0,1.1641532182693481e-10,2.1316282072803006e-14,1.0,0.0,-0.0033837668322737047,P0_reference_proxy
14,True,120,40,1000000,0.75,200000,0.02,0.25,0.03,4.0,1.0,0.002,0.0005,0.05,40,-0.08,0.9,0.0,0.0,0.0,5,0.15,3.0,0.1,100.0,1.0,15.0,1.0,tanh,synthetic_proxy,0.006044217386789841,0.0821272781147735,0,0.0017327316239358543,0.810972785035622,1.0,0,3.4924596548080444e-10,2.2737367544323206e-13,1.0,0.25,-0.07844768653928635,P0_reference_proxy
15,False,120,40,1000000,0.75,200000,0.02,0.25,0.03,4.0,1.0,0.002,0.0005,0.05,40,-0.08,0.9,0.0,0.0,0.0,5,0.15,3.0,0.1,100.0,1.0,15.0,1.0,tanh,synthetic_proxy,0.0,0.01743038083656301,0,0.0005481287173849514,0.4525202879862437,1.0,0,1.1641532182693481e-10,1.7763568394002505e-14,1.0,0.0,-0.010156319497088506,P0_reference_proxy
15,True,120,40,1000000,0.75,200000,0.02,0.25,0.03,4.0,1.0,0.002,0.0005,0.05,40,-0.08,0.9,0.0,0.0,0.0,5,0.15,3.0,0.1,100.0,1.0,15.0,1.0,tanh,synthetic_proxy,0.006424441038701323,0.08720046552679406,0,0.0017373256839138802,0.7804534564833242,1.0,0,3.4924596548080444e-10,3.410605131648481e-13,1.0,0.23333333333333334,-0.08477608475570664,P0_reference_proxy
16,False,120,40,1000000,0.75,200000,0.02,0.25,0.03,4.0,1.0,0.002,0.0005,0.05,40,-0.08,0.9,0.0,0.0,0.0,5,0.15,3.0,0.1,100.0,1.0,15.0,1.0,tanh,synthetic_proxy,0.0,0.010889318596627673,0,0.0006485910213957587,0.450419820418336,1.0,0,1.1641532182693481e-10,2.842170943040401e-14,1.0,0.0,0.00837120079319642,P0_reference_proxy
16,True,120,40,1000000,0.75,200000,0.02,0.25,0.03,4.0,1.0,0.002,0.0005,0.05,40,-0.08,0.9,0.0,0.0,0.0,5,0.15,3.0,0.1,100.0,1.0,15.0,1.0,tanh,synthetic_proxy,0.004673890427708827,0.06900949458445749,0,0.0016168075221705555,0.6985519277710398,1.0,0,3.4924596548080444e-10,5.684341886080801e-13,1.0,0.19166666666666668,-0.06752409299102224,P0_reference_proxy
17,False,120,40,1000000,0.75,200000,0.02,0.25,0.03,4.0,1.0,0.002,0.0005,0.05,40,-0.08,0.9,0.0,0.0,0.0,5,0.15,3.0,0.1,100.0,1.0,15.0,1.0,tanh,synthetic_proxy,0.0,0.018931840102400233,0,0.0006668978254880517,0.4439638672514113,1.0,0,2.3283064365386963e-10,8.526512829121202e-14,1.0,0.0,-0.0007591536305032731,P0_reference_proxy
17,True,120,40,1000000,0.75,200000,0.02,0.25,0.03,4.0,1.0,0.002,0.0005,0.05,40,-0.08,0.9,0.0,0.0,0.0,5,0.15,3.0,0.1,100.0,1.0,15.0,1.0,tanh,synthetic_proxy,0.005147742945744493,0.07995769146085052,0,0.0017539517324891376,0.7455388063838472,1.0,0,2.3283064365386963e-10,6.821210263296962e-13,1.0,0.2,-0.07600440616195803,P0_reference_proxy
18,False,120,40,1000000,0.75,200000,0.02,0.25,0.03,4.0,1.0,0.002,0.0005,0.05,40,-0.08,0.9,0.0,0.0,0.0,5,0.15,3.0,0.1,100.0,1.0,15.0,1.0,tanh,synthetic_proxy,0.0,0.004752889367512725,0,0.0005584175927298743,0.4560227161424835,1.0,0,1.1641532182693481e-10,3.197442310920451e-14,1.0,0.0,-0.0033606726471060444,P0_reference_proxy
18,True,120,40,1000000,0.75,200000,0.02,0.25,0.03,4.0,1.0,0.002,0.0005,0.05,40,-0.08,0.9,0.0,0.0,0.0,5,0.15,3.0,0.1,100.0,1.0,15.0,1.0,tanh,synthetic_proxy,0.006657805613049073,0.07873245387347261,0,0.0017156334675744347,0.7135117172087238,1.0,0,5.820766091346741e-10,5.684341886080801e-13,1.0,0.18333333333333332,-0.07848653032121744,P0_reference_proxy
19,False,120,40,1000000,0.75,200000,0.02,0.25,0.03,4.0,1.0,0.002,0.0005,0.05,40,-0.08,0.9,0.0,0.0,0.0,5,0.15,3.0,0.1,100.0,1.0,15.0,1.0,tanh,synthetic_proxy,0.0,0.015419363327458302,0,0.0005962478664218708,0.4550048873206533,1.0,0,2.3283064365386963e-10,2.842170943040401e-14,1.0,0.0,-0.007248654726587533,P0_reference_proxy
19,True,120,40,1000000,0.75,200000,0.02,0.25,0.03,4.0,1.0,0.002,0.0005,0.05,40,-0.08,0.9,0.0,0.0,0.0,5,0.15,3.0,0.1,100.0,1.0,15.0,1.0,tanh,synthetic_proxy,0.007765466067731097,0.08674403451539126,0,0.0016027126139556962,0.7112705309335614,1.0,0,3.4924596548080444e-10,6.821210263296962e-13,1.0,0.20833333333333334,-0.08185337308938179,P0_reference_proxy
0,False,120,40,1000000,0.25,200000,0.02,0.25,0.03,4.0,1.0,0.002,0.0005,0.05,40,-0.08,0.0,0.05,0.02,0.02,5,0.15,3.0,0.1,100.0,1.0,15.0,1.0,tanh,synthetic_proxy,1.4974808420609165e-05,0.006672335063477752,0,0.0007881335425217722,1.3539393072729604,1.0,0,2.3283064365386963e-10,8.526512829121202e-14,0.9851754385964913,0.007500000000000001,0.007797879023688115,P1_low_noise
0,True,120,40,1000000,0.25,200000,0.02,0.25,0.03,4.0,1.0,0.002,0.0005,0.05,40,-0.08,0.0,0.05,0.02,0.02,5,0.15,3.0,0.1,100.0,1.0,15.0,1.0,tanh,synthetic_proxy,0.006048669820406527,0.07429393836796294,0,0.0016487286684819448,1.4720890537466937,1.0,0,2.3283064365386963e-10,6.821210263296962e-13,0.8680263157894736,0.2270833333333333,-0.06678507291597102,P1_low_noise
1,False,120,40,1000000,0.25,200000,0.02,0.25,0.03,4.0,1.0,0.002,0.0005,0.05,40,-0.08,0.0,0.05,0.02,0.02,5,0.15,3.0,0.1,100.0,1.0,15.0,1.0,tanh,synthetic_proxy,0.0001536728134761134,0.018713096004268515,0,0.0008048980073819971,1.356491388480665,1.0,0,2.3283064365386963e-10,1.1368683772161603e-13,0.970657894736842,0.015416666666666667,-0.015494993883037433,P1_low_noise
1,True,120,40,1000000,0.25,200000,0.02,0.25,0.03,4.0,1.0,0.002,0.0005,0.05,40,-0.08,0.0,0.05,0.02,0.02,5,0.15,3.0,0.1,100.0,1.0,15.0,1.0,tanh,synthetic_proxy,0.008581826830735384,0.08867519952108571,0,0.001606730995145294,1.5223031310474062,1.0,0,2.3283064365386963e-10,1.0231815394945443e-12,0.8593859649122808,0.295,-0.08830298257810487,P1_low_noise
2,False,120,40,1000000,0.25,200000,0.02,0.25,0.03,4.0,1.0,0.002,0.0005,0.05,40,-0.08,0.0,0.05,0.02,0.02,5,0.15,3.0,0.1,100.0,1.0,15.0,1.0,tanh,synthetic_proxy,0.0015612880484847658,0.0039426180637541774,0,0.0008695541225609198,1.3804768042217448,1.0,0,2.3283064365386963e-10,1.7053025658242404e-13,0.9071929824561403,0.07166666666666668,0.02892279755529148,P1_low_noise
2,True,120,40,1000000,0.25,200000,0.02,0.25,0.03,4.0,1.0,0.002,0.0005,0.05,40,-0.08,0.0,0.05,0.02,0.02,5,0.15,3.0,0.1,100.0,1.0,15.0,1.0,tanh,synthetic_proxy,0.0033553134948776098,0.05400086611326338,0,0.001428808767222437,1.4239641581491003,1.0,0,3.4924596548080444e-10,3.410605131648481e-13,0.9356140350877193,0.11333333333333334,-0.04754298612380092,P1_low_noise
3,False,120,40,1000000,0.25,200000,0.02,0.25,0.03,4.0,1.0,0.002,0.0005,0.05,40,-0.08,0.0,0.05,0.02,0.02,5,0.15,3.0,0.1,100.0,1.0,15.0,1.0,tanh,synthetic_proxy,4.7999645048868445e-05,0.01471379767650971,0,0.0007545827396263135,1.3557641161335112,1.0,0,3.4924596548080444e-10,1.1368683772161603e-13,0.9749122807017545,0.013333333333333332,-0.011395182915150737,P1_low_noise
3,True,120,40,1000000,0.25,200000,0.02,0.25,0.03,4.0,1.0,0.002,0.0005,0.05,40,-0.08,0.0,0.05,0.02,0.02,5,0.15,3.0,0.1,100.0,1.0,15.0,1.0,tanh,synthetic_proxy,0.0071881303903482685,0.08483946108091078,0,0.0014556507570729993,1.5047756356383726,1.0,0,2.3283064365386963e-10,2.2737367544323206e-13,0.8624122807017545,0.25375,-0.08456704684838134,P1_low_noise
4,False,120,40,1000000,0.25,200000,0.02,0.25,0.03,4.0,1.0,0.002,0.0005,0.05,40,-0.08,0.0,0.05,0.02,0.02,5,0.15,3.0,0.1,100.0,1.0,15.0,1.0,tanh,synthetic_proxy,2.2701186191964595e-05,0.012583342636653061,0,0.0008931881029568043,1.3543117671800549,1.0,0,2.3283064365386963e-10,1.1368683772161603e-13,0.9517982456140351,0.025833333333333333,0.015406682224652135,P1_low_noise
4,True,120,40,1000000,0.25,200000,0.02,0.25,0.03,4.0,1.0,0.002,0.0005,0.05,40,-0.08,0.0,0.05,0.02,0.02,5,0.15,3.0,0.1,100.0,1.0,15.0,1.0,tanh,synthetic_proxy,0.005198774873376832,0.0774404872283122,0,0.0017568833772595308,1.502943033204093,1.0,0,3.4924596548080444e-10,5.684341886080801e-13,0.907280701754386,0.26541666666666663,-0.06016120330886121,P1_low_noise
5,False,120,40,1000000,0.25,200000,0.02,0.25,0.03,4.0,1.0,0.002,0.0005,0.05,40,-0.08,0.0,0.05,0.02,0.02,5,0.15,3.0,0.1,100.0,1.0,15.0,1.0,tanh,synthetic_proxy,0.0006389710526861769,0.02930724395121942,0,0.0008747068329064763,1.3569778571249205,1.0,0,2.3283064365386963e-10,1.1368683772161603e-13,0.9523684210526316,0.025833333333333337,-0.025351341557872442,P1_low_noise
5,True,120,40,1000000,0.25,200000,0.02,0.25,0.03,4.0,1.0,0.002,0.0005,0.05,40,-0.08,0.0,0.05,0.02,0.02,5,0.15,3.0,0.1,100.0,1.0,15.0,1.0,tanh,synthetic_proxy,0.010245209507933506,0.10010615095701292,1,0.0015985195005276892,1.539293121218984,1.0,0,3.4924596548080444e-10,4.547473508864641e-13,0.8272807017543861,0.35500000000000004,-0.09720291292034988,P1_low_noise
6,False,120,40,1000000,0.25,200000,0.02,0.25,0.03,4.0,1.0,0.002,0.0005,0.05,40,-0.08,0.0,0.05,0.02,0.02,5,0.15,3.0,0.1,100.0,1.0,15.0,1.0,tanh,synthetic_proxy,6.0816863578505576e-06,0.018799310072759035,0,0.0009139974707880246,1.3704386314925747,1.0,0,3.4924596548080444e-10,1.1368683772161603e-13,0.9616666666666667,0.020833333333333336,-0.010679165942381719,P1_low_noise
6,True,120,40,1000000,0.25,200000,0.02,0.25,0.03,4.0,1.0,0.002,0.0005,0.05,40,-0.08,0.0,0.05,0.02,0.02,5,0.15,3.0,0.1,100.0,1.0,15.0,1.0,tanh,synthetic_proxy,0.008544881985885988,0.08926211578286758,0,0.0016755752593418565,1.5543552095789472,1.0,0,3.4924596548080444e-10,4.547473508864641e-13,0.8501754385964913,0.3525,-0.08361274760561688,P1_low_noise
7,False,120,40,1000000,0.25,200000,0.02,0.25,0.03,4.0,1.0,0.002,0.0005,0.05,40,-0.08,0.0,0.05,0.02,0.02,5,0.15,3.0,0.1,100.0,1.0,15.0,1.0,tanh,synthetic_proxy,0.0009823602951908317,0.00633184762871386,0,0.0009656353672712286,1.3811996114405072,1.0,0,3.4924596548080444e-10,1.7053025658242404e-13,0.9306578947368422,0.04208333333333334,0.027182955527952135,P1_low_noise
7,True,120,40,1000000,0.25,200000,0.02,0.25,0.03,4.0,1.0,0.002,0.0005,0.05,40,-0.08,0.0,0.05,0.02,0.02,5,0.15,3.0,0.1,100.0,1.0,15.0,1.0,tanh,synthetic_proxy,0.002779117940222786,0.06953181962178134,0,0.0017879853984788963,1.5064612141035696,1.0,0,2.3283064365386963e-10,5.684341886080801e-13,0.875921052631579,0.23625,-0.04920819409501376,P1_low_noise
8,False,120,40,1000000,0.25,200000,0.02,0.25,0.03,4.0,1.0,0.002,0.0005,0.05,40,-0.08,0.0,0.05,0.02,0.02,5,0.15,3.0,0.1,100.0,1.0,15.0,1.0,tanh,synthetic_proxy,5.734463885231911e-05,0.02543180993976013,0,0.0009632202233124389,1.371001828635226,1.0,0,2.3283064365386963e-10,5.684341886080802e-14,0.951622807017544,0.027083333333333334,-0.017038091689574042,P1_low_noise
8,True,120,40,1000000,0.25,200000,0.02,0.25,0.03,4.0,1.0,0.002,0.0005,0.05,40,-0.08,0.0,0.05,0.02,0.02,5,0.15,3.0,0.1,100.0,1.0,15.0,1.0,tanh,synthetic_proxy,0.007992500095465926,0.09607940801305981,0,0.001739391879092904,1.5401494014290895,1.0,0,3.4924596548080444e-10,4.547473508864641e-13,0.8120614035087719,0.3304166666666667,-0.08932385205941851,P1_low_noise
9,False,120,40,1000000,0.25,200000,0.02,0.25,0.03,4.0,1.0,0.002,0.0005,0.05,40,-0.08,0.0,0.05,0.02,0.02,5,0.15,3.0,0.1,100.0,1.0,15.0,1.0,tanh,synthetic_proxy,0.0003349068385176679,0.0060955096994754765,0,0.0008957775140299803,1.3773684112130669,1.0,0,3.4924596548080444e-10,1.1368683772161603e-13,0.9468859649122808,0.02875,0.028045358527714725,P1_low_noise
9,True,120,40,1000000,0.25,200000,0.02,0.25,0.03,4.0,1.0,0.002,0.0005,0.05,40,-0.08,0.0,0.05,0.02,0.02,5,0.15,3.0,0.1,100.0,1.0,15.0,1.0,tanh,synthetic_proxy,0.0036457508005482975,0.057033906552143465,0,0.0015907403969665566,1.484029735937501,1.0,0,4.656612873077393e-10,4.547473508864641e-13,0.9094298245614035,0.1945833333333333,-0.048500152373195715,P1_low_noise
10,False,120,40,1000000,0.25,200000,0.02,0.25,0.03,4.0,1.0,0.002,0.0005,0.05,40,-0.08,0.0,0.05,0.02,0.02,5,0.15,3.0,0.1,100.0,1.0,15.0,1.0,tanh,synthetic_proxy,0.0029855273728136567,0.0493637066050272,0,0.0008286011942506745,1.405392914362117,1.0,0,2.3283064365386963e-10,2.2737367544323206e-13,0.8413596491228071,0.09958333333333336,-0.04561233250763708,P1_low_noise
10,True,120,40,1000000,0.25,200000,0.02,0.25,0.03,4.0,1.0,0.002,0.0005,0.05,40,-0.08,0.0,0.05,0.02,0.02,5,0.15,3.0,0.1,100.0,1.0,15.0,1.0,tanh,synthetic_proxy,0.014198275995087606,0.1194579168915233,1,0.0016824345838056436,1.6000647978285438,1.0,0,2.3283064365386963e-10,6.821210263296962e-13,0.8513596491228071,0.44958333333333333,-0.11598314658747955,P1_low_noise
11,False,120,40,1000000,0.25,200000,0.02,0.25,0.03,4.0,1.0,0.002,0.0005,0.05,40,-0.08,0.0,0.05,0.02,0.02,5,0.15,3.0,0.1,100.0,1.0,15.0,1.0,tanh,synthetic_proxy,-0.00010422432293433204,0.009889561729523932,0,0.0007932279612211736,1.3366577729477722,1.0,0,3.4924596548080444e-10,5.684341886080802e-14,0.9759649122807017,0.0125,0.0056375563297990094,P1_low_noise
11,True,120,40,1000000,0.25,200000,0.02,0.25,0.03,4.0,1.0,0.002,0.0005,0.05,40,-0.08,0.0,0.05,0.02,0.02,5,0.15,3.0,0.1,100.0,1.0,15.0,1.0,tanh,synthetic_proxy,0.00623029843312084,0.0731989537670148,0,0.0014958891526078637,1.4880433490014606,1.0,0,4.656612873077393e-10,6.821210263296962e-13,0.8449122807017545,0.27833333333333327,-0.06879886604418783,P1_low_noise
12,False,120,40,1000000,0.25,200000,0.02,0.25,0.03,4.0,1.0,0.002,0.0005,0.05,40,-0.08,0.0,0.05,0.02,0.02,5,0.15,3.0,0.1,100.0,1.0,15.0,1.0,tanh,synthetic_proxy,-0.00019103113196117238,0.009840112763775055,0,0.0008317166384901587,1.3558871784265525,1.0,0,3.4924596548080444e-10,1.1368683772161603e-13,0.9501315789473684,0.02625,0.011844141440621625,P1_low_noise
12,True,120,40,1000000,0.25,200000,0.02,0.25,0.03,4.0,1.0,0.002,0.0005,0.05,40,-0.08,0.0,0.05,0.02,0.02,5,0.15,3.0,0.1,100.0,1.0,15.0,1.0,tanh,synthetic_proxy,0.005240135247194688,0.06512472829349691,0,0.0015546683444014559,1.4624145306388923,1.0,0,3.4924596548080444e-10,2.2737367544323206e-13,0.8882456140350877,0.20249999999999999,-0.06334304757988518,P1_low_noise
13,False,120,40,1000000,0.25,200000,0.02,0.25,0.03,4.0,1.0,0.002,0.0005,0.05,40,-0.08,0.0,0.05,0.02,0.02,5,0.15,3.0,0.1,100.0,1.0,15.0,1.0,tanh,synthetic_proxy,0.00016978651664745215,0.021337556513335687,0,0.0007958040195653648,1.3440351253282623,1.0,0,3.4924596548080444e-10,5.684341886080802e-14,0.9753508771929825,0.0125,-0.020716667591325066,P1_low_noise
13,True,120,40,1000000,0.25,200000,0.02,0.25,0.03,4.0,1.0,0.002,0.0005,0.05,40,-0.08,0.0,0.05,0.02,0.02,5,0.15,3.0,0.1,100.0,1.0,15.0,1.0,tanh,synthetic_proxy,0.008073727095275096,0.09368677344111609,0,0.0016282251170798008,1.4886207709317085,1.0,0,2.3283064365386963e-10,7.958078640513122e-13,0.8810526315789474,0.2675,-0.09311178474507775,P1_low_noise
14,False,120,40,1000000,0.25,200000,0.02,0.25,0.03,4.0,1.0,0.002,0.0005,0.05,40,-0.08,0.0,0.05,0.02,0.02,5,0.15,3.0,0.1,100.0,1.0,15.0,1.0,tanh,synthetic_proxy,-3.8330528610130976e-05,0.01284320031258479,0,0.000835608964118444,1.339874391449009,1.0,0,2.3283064365386963e-10,8.526512829121202e-14,0.9794736842105264,0.010416666666666666,-0.0029033281180934623,P1_low_noise
14,True,120,40,1000000,0.25,200000,0.02,0.25,0.03,4.0,1.0,0.002,0.0005,0.05,40,-0.08,0.0,0.05,0.02,0.02,5,0.15,3.0,0.1,100.0,1.0,15.0,1.0,tanh,synthetic_proxy,0.006388275491946427,0.08012642047712148,0,0.0016145280178387783,1.4951833394363494,1.0,0,2.3283064365386963e-10,7.958078640513122e-13,0.8742543859649122,0.26916666666666667,-0.07682739415163187,P1_low_noise
15,False,120,40,1000000,0.25,200000,0.02,0.25,0.03,4.0,1.0,0.002,0.0005,0.05,40,-0.08,0.0,0.05,0.02,0.02,5,0.15,3.0,0.1,100.0,1.0,15.0,1.0,tanh,synthetic_proxy,9.14049121325533e-06,0.01819985356206777,0,0.0008571274320879756,1.3587918826321415,1.0,0,2.3283064365386963e-10,1.4210854715202004e-13,0.9765350877192983,0.012083333333333335,-0.009315406133670434,P1_low_noise
15,True,120,40,1000000,0.25,200000,0.02,0.25,0.03,4.0,1.0,0.002,0.0005,0.05,40,-0.08,0.0,0.05,0.02,0.02,5,0.15,3.0,0.1,100.0,1.0,15.0,1.0,tanh,synthetic_proxy,0.007149560005028199,0.08521740468869099,0,0.0016659428097986857,1.5044609803843105,1.0,0,2.3283064365386963e-10,6.821210263296962e-13,0.8840350877192982,0.26249999999999996,-0.08276201314505771,P1_low_noise
16,False,120,40,1000000,0.25,200000,0.02,0.25,0.03,4.0,1.0,0.002,0.0005,0.05,40,-0.08,0.0,0.05,0.02,0.02,5,0.15,3.0,0.1,100.0,1.0,15.0,1.0,tanh,synthetic_proxy,4.394619378822462e-05,0.011431849351261403,0,0.0009066843983645118,1.365353182414328,1.0,0,2.3283064365386963e-10,7.105427357601002e-14,0.9643421052631579,0.019583333333333335,0.00858735470527594,P1_low_noise
16,True,120,40,1000000,0.25,200000,0.02,0.25,0.03,4.0,1.0,0.002,0.0005,0.05,40,-0.08,0.0,0.05,0.02,0.02,5,0.15,3.0,0.1,100.0,1.0,15.0,1.0,tanh,synthetic_proxy,0.0050663956084033845,0.06854739074624017,0,0.0015815106151839534,1.4823417432650408,1.0,0,2.3283064365386963e-10,4.547473508864641e-13,0.8951754385964912,0.20999999999999996,-0.06622813286188678,P1_low_noise
17,False,120,40,1000000,0.25,200000,0.02,0.25,0.03,4.0,1.0,0.002,0.0005,0.05,40,-0.08,0.0,0.05,0.02,0.02,5,0.15,3.0,0.1,100.0,1.0,15.0,1.0,tanh,synthetic_proxy,-0.00028502136250774246,0.01870758081040702,0,0.0009135046144198016,1.3523092219603077,1.0,0,2.3283064365386963e-10,3.197442310920451e-13,0.9439473684210528,0.0325,-0.0007545848260716026,P1_low_noise
17,True,120,40,1000000,0.25,200000,0.02,0.25,0.03,4.0,1.0,0.002,0.0005,0.05,40,-0.08,0.0,0.05,0.02,0.02,5,0.15,3.0,0.1,100.0,1.0,15.0,1.0,tanh,synthetic_proxy,0.008010097578019293,0.076961740957039,0,0.001666232691124613,1.4723636879924322,1.0,0,3.4924596548080444e-10,9.663381206337363e-13,0.9047807017543861,0.23625,-0.074797278254495,P1_low_noise
18,False,120,40,1000000,0.25,200000,0.02,0.25,0.03,4.0,1.0,0.002,0.0005,0.05,40,-0.08,0.0,0.05,0.02,0.02,5,0.15,3.0,0.1,100.0,1.0,15.0,1.0,tanh,synthetic_proxy,-2.129193252553563e-05,0.006103607237624931,0,0.0008495414313662217,1.3676347296496494,1.0,0,4.656612873077393e-10,7.105427357601002e-14,0.9844298245614035,0.007916666666666666,-0.0032966524520496865,P1_low_noise
18,True,120,40,1000000,0.25,200000,0.02,0.25,0.03,4.0,1.0,0.002,0.0005,0.05,40,-0.08,0.0,0.05,0.02,0.02,5,0.15,3.0,0.1,100.0,1.0,15.0,1.0,tanh,synthetic_proxy,0.006662385188863862,0.07870096064627863,0,0.001718548498278674,1.5110848106669745,1.0,0,2.3283064365386963e-10,4.547473508864641e-13,0.8648684210526316,0.24874999999999997,-0.0771168649558781,P1_low_noise
19,False,120,40,1000000,0.25,200000,0.02,0.25,0.03,4.0,1.0,0.002,0.0005,0.05,40,-0.08,0.0,0.05,0.02,0.02,5,0.15,3.0,0.1,100.0,1.0,15.0,1.0,tanh,synthetic_proxy,-3.262900057110496e-05,0.016978341908727712,0,0.0008421465931328484,1.371817770313053,1.0,0,2.3283064365386963e-10,5.684341886080802e-14,0.9749561403508774,0.012916666666666665,-0.008607144963930335,P1_low_noise
19,True,120,40,1000000,0.25,200000,0.02,0.25,0.03,4.0,1.0,0.002,0.0005,0.05,40,-0.08,0.0,0.05,0.02,0.02,5,0.15,3.0,0.1,100.0,1.0,15.0,1.0,tanh,synthetic_proxy,0.00753591974195067,0.0873170451072528,0,0.0015964874931291271,1.5201625797111722,1.0,0,3.4924596548080444e-10,2.2737367544323206e-13,0.8294298245614035,0.28041666666666665,-0.08186653333099148,P1_low_noise
0,False,120,40,1000000,0.25,200000,0.02,0.25,0.03,4.0,1.0,0.002,0.0005,0.05,40,-0.08,0.9,0.05,0.02,0.02,5,0.15,3.0,0.1,100.0,1.0,15.0,1.0,tanh,synthetic_proxy,-6.420464848855278e-05,0.00641385590832011,0,0.0007996140652005989,1.3589637702408317,1.0,0,2.3283064365386963e-10,5.684341886080802e-14,0.9822368421052631,0.01625,0.008181273457761762,P1_low_noise
0,True,120,40,1000000,0.25,200000,0.02,0.25,0.03,4.0,1.0,0.002,0.0005,0.05,40,-0.08,0.9,0.05,0.02,0.02,5,0.15,3.0,0.1,100.0,1.0,15.0,1.0,tanh,synthetic_proxy,0.0063888357088659475,0.07415234987381869,0,0.0016535720354936615,1.4810792529077814,1.0,0,3.4924596548080444e-10,6.821210263296962e-13,0.9532894736842105,0.25875,-0.06671713469276275,P1_low_noise
1,False,120,40,1000000,0.25,200000,0.02,0.25,0.03,4.0,1.0,0.002,0.0005,0.05,40,-0.08,0.9,0.05,0.02,0.02,5,0.15,3.0,0.1,100.0,1.0,15.0,1.0,tanh,synthetic_proxy,7.43132939400315e-05,0.01854604673275284,0,0.0008012089538503218,1.351544174772999,1.0,0,2.3283064365386963e-10,5.684341886080802e-14,0.9887280701754386,0.007083333333333333,-0.015465892819838234,P1_low_noise
1,True,120,40,1000000,0.25,200000,0.02,0.25,0.03,4.0,1.0,0.002,0.0005,0.05,40,-0.08,0.9,0.05,0.02,0.02,5,0.15,3.0,0.1,100.0,1.0,15.0,1.0,tanh,synthetic_proxy,0.008027437052069208,0.08845264114123585,0,0.0016344676925687004,1.529694142467328,1.0,0,2.3283064365386963e-10,4.547473508864641e-13,0.9647807017543859,0.29041666666666666,-0.08818121430795367,P1_low_noise
2,False,120,40,1000000,0.25,200000,0.02,0.25,0.03,4.0,1.0,0.002,0.0005,0.05,40,-0.08,0.9,0.05,0.02,0.02,5,0.15,3.0,0.1,100.0,1.0,15.0,1.0,tanh,synthetic_proxy,0.001845569000386682,0.003906461119058013,0,0.000887646233834706,1.3912439336446976,1.0,0,2.3283064365386963e-10,2.2737367544323206e-13,0.9739473684210526,0.09333333333333332,0.028840347660320953,P1_low_noise
2,True,120,40,1000000,0.25,200000,0.02,0.25,0.03,4.0,1.0,0.002,0.0005,0.05,40,-0.08,0.9,0.05,0.02,0.02,5,0.15,3.0,0.1,100.0,1.0,15.0,1.0,tanh,synthetic_proxy,0.0030993095957689842,0.053931182066928374,0,0.0014279652205064122,1.4147922241188133,1.0,0,3.4924596548080444e-10,2.2737367544323206e-13,0.9858333333333333,0.10375,-0.04757397502715566,P1_low_noise
3,False,120,40,1000000,0.25,200000,0.02,0.25,0.03,4.0,1.0,0.002,0.0005,0.05,40,-0.08,0.9,0.05,0.02,0.02,5,0.15,3.0,0.1,100.0,1.0,15.0,1.0,tanh,synthetic_proxy,6.885546884438654e-05,0.014933864676207831,0,0.0007635649826230956,1.3554434927489858,1.0,0,2.3283064365386963e-10,8.526512829121202e-14,0.9926754385964912,0.012083333333333333,-0.011548465808953079,P1_low_noise
3,True,120,40,1000000,0.25,200000,0.02,0.25,0.03,4.0,1.0,0.002,0.0005,0.05,40,-0.08,0.9,0.05,0.02,0.02,5,0.15,3.0,0.1,100.0,1.0,15.0,1.0,tanh,synthetic_proxy,0.0069856916408836955,0.08500633864099794,0,0.0014862320955279346,1.5100063098583953,1.0,0,3.4924596548080444e-10,2.2737367544323206e-13,0.9498684210526316,0.2504166666666667,-0.08462796346591572,P1_low_noise
4,False,120,40,1000000,0.25,200000,0.02,0.25,0.03,4.0,1.0,0.002,0.0005,0.05,40,-0.08,0.9,0.05,0.02,0.02,5,0.15,3.0,0.1,100.0,1.0,15.0,1.0,tanh,synthetic_proxy,-0.000241319014398389,0.01268297089336523,0,0.0009022314481128984,1.3535470328149828,1.0,0,2.3283064365386963e-10,1.1368683772161603e-13,0.9762719298245613,0.024583333333333336,0.015551857536040492,P1_low_noise
4,True,120,40,1000000,0.25,200000,0.02,0.25,0.03,4.0,1.0,0.002,0.0005,0.05,40,-0.08,0.9,0.05,0.02,0.02,5,0.15,3.0,0.1,100.0,1.0,15.0,1.0,tanh,synthetic_proxy,0.005726187984469222,0.07729669616471735,0,0.0017699415942182659,1.5005098255210843,1.0,0,2.3283064365386963e-10,4.547473508864641e-13,0.9699561403508772,0.24458333333333335,-0.060169388518072964,P1_low_noise
5,False,120,40,1000000,0.25,200000,0.02,0.25,0.03,4.0,1.0,0.002,0.0005,0.05,40,-0.08,0.9,0.05,0.02,0.02,5,0.15,3.0,0.1,100.0,1.0,15.0,1.0,tanh,synthetic_proxy,0.0013016402403462912,0.028991367301920756,0,0.0008775469724178217,1.3608342681185348,1.0,0,2.3283064365386963e-10,1.7053025658242404e-13,0.9748245614035087,0.034166666666666665,-0.025115994807237696,P1_low_noise
5,True,120,40,1000000,0.25,200000,0.02,0.25,0.03,4.0,1.0,0.002,0.0005,0.05,40,-0.08,0.9,0.05,0.02,0.02,5,0.15,3.0,0.1,100.0,1.0,15.0,1.0,tanh,synthetic_proxy,0.011716960506776397,0.09988054779058819,0,0.0016098417240235279,1.5435042928206393,1.0,0,3.4924596548080444e-10,4.547473508864641e-13,0.9554385964912281,0.3516666666666667,-0.09710328009295022,P1_low_noise
6,False,120,40,1000000,0.25,200000,0.02,0.25,0.03,4.0,1.0,0.002,0.0005,0.05,40,-0.08,0.9,0.05,0.02,0.02,5,0.15,3.0,0.1,100.0,1.0,15.0,1.0,tanh,synthetic_proxy,2.8970021372920485e-05,0.01890226437326714,0,0.0009134823989669925,1.368432708515338,1.0,0,3.4924596548080444e-10,1.1368683772161603e-13,0.9805701754385965,0.017083333333333332,-0.010692219449048967,P1_low_noise
6,True,120,40,1000000,0.25,200000,0.02,0.25,0.03,4.0,1.0,0.002,0.0005,0.05,40,-0.08,0.9,0.05,0.02,0.02,5,0.15,3.0,0.1,100.0,1.0,15.0,1.0,tanh,synthetic_proxy,0.008676617493894145,0.08907545519651427,0,0.0017113083461284676,1.571150982384359,1.0,0,4.656612873077393e-10,6.821210263296962e-13,0.9676315789473685,0.3875,-0.08349634224438662,P1_low_noise
7,False,120,40,1000000,0.25,200000,0.02,0.25,0.03,4.0,1.0,0.002,0.0005,0.05,40,-0.08,0.9,0.05,0.02,0.02,5,0.15,3.0,0.1,100.0,1.0,15.0,1.0,tanh,synthetic_proxy,0.0005363855651521199,0.006076915823646778,0,0.0009730612730311876,1.374387090413048,1.0,0,3.4924596548080444e-10,2.2737367544323206e-13,0.9762280701754384,0.030833333333333334,0.027424926566658847,P1_low_noise
7,True,120,40,1000000,0.25,200000,0.02,0.25,0.03,4.0,1.0,0.002,0.0005,0.05,40,-0.08,0.9,0.05,0.02,0.02,5,0.15,3.0,0.1,100.0,1.0,15.0,1.0,tanh,synthetic_proxy,0.004487039420491001,0.0689795875435274,0,0.001773601659935393,1.5046900255257456,1.0,0,4.656612873077393e-10,3.979039320256561e-13,0.9609649122807018,0.255,-0.04915234557694903,P1_low_noise
8,False,120,40,1000000,0.25,200000,0.02,0.25,0.03,4.0,1.0,0.002,0.0005,0.05,40,-0.08,0.9,0.05,0.02,0.02,5,0.15,3.0,0.1,100.0,1.0,15.0,1.0,tanh,synthetic_proxy,-0.0004045486222233885,0.026043783531588538,0,0.0009741071351861997,1.3747470037429306,1.0,0,2.3283064365386963e-10,1.7053025658242404e-13,0.9844298245614034,0.03208333333333333,-0.017099047977880977,P1_low_noise
8,True,120,40,1000000,0.25,200000,0.02,0.25,0.03,4.0,1.0,0.002,0.0005,0.05,40,-0.08,0.9,0.05,0.02,0.02,5,0.15,3.0,0.1,100.0,1.0,15.0,1.0,tanh,synthetic_proxy,0.007053628136981072,0.09677389255400304,0,0.0017674979286489473,1.5580093563237838,1.0,0,3.4924596548080444e-10,4.547473508864641e-13,0.9287280701754386,0.36291666666666667,-0.08947394878359216,P1_low_noise
9,False,120,40,1000000,0.25,200000,0.02,0.25,0.03,4.0,1.0,0.002,0.0005,0.05,40,-0.08,0.9,0.05,0.02,0.02,5,0.15,3.0,0.1,100.0,1.0,15.0,1.0,tanh,synthetic_proxy,-0.0003796827074904474,0.006595807944723586,0,0.00090332042936349,1.3751631554699306,1.0,0,2.3283064365386963e-10,1.1368683772161603e-13,0.9833333333333333,0.022500000000000003,0.027761256197287087,P1_low_noise
9,True,120,40,1000000,0.25,200000,0.02,0.25,0.03,4.0,1.0,0.002,0.0005,0.05,40,-0.08,0.9,0.05,0.02,0.02,5,0.15,3.0,0.1,100.0,1.0,15.0,1.0,tanh,synthetic_proxy,0.0038446923351354023,0.05693428801405076,0,0.0015993126976358008,1.4838244461406684,1.0,0,2.3283064365386963e-10,4.547473508864641e-13,0.9585964912280701,0.19,-0.048544575190477945,P1_low_noise
10,False,120,40,1000000,0.25,200000,0.02,0.25,0.03,4.0,1.0,0.002,0.0005,0.05,40,-0.08,0.9,0.05,0.02,0.02,5,0.15,3.0,0.1,100.0,1.0,15.0,1.0,tanh,synthetic_proxy,0.002765393355263601,0.049493782359805505,0,0.0008486123001040501,1.3905089623325975,1.0,0,3.4924596548080444e-10,1.7053025658242404e-13,0.9554824561403509,0.059583333333333335,-0.04576753334864758,P1_low_noise
10,True,120,40,1000000,0.25,200000,0.02,0.25,0.03,4.0,1.0,0.002,0.0005,0.05,40,-0.08,0.9,0.05,0.02,0.02,5,0.15,3.0,0.1,100.0,1.0,15.0,1.0,tanh,synthetic_proxy,0.01401221773013761,0.11931464423957416,1,0.001729229177357728,1.6026923041028827,1.0,0,3.4924596548080444e-10,7.958078640513122e-13,0.943421052631579,0.45083333333333336,-0.11586211244636724,P1_low_noise
11,False,120,40,1000000,0.25,200000,0.02,0.25,0.03,4.0,1.0,0.002,0.0005,0.05,40,-0.08,0.9,0.05,0.02,0.02,5,0.15,3.0,0.1,100.0,1.0,15.0,1.0,tanh,synthetic_proxy,-2.3642903429266227e-05,0.009879060145779994,0,0.0007865874421170521,1.3342320726688142,1.0,0,2.3283064365386963e-10,1.1368683772161603e-13,0.9880263157894736,0.00875,0.005631396309879522,P1_low_noise
11,True,120,40,1000000,0.25,200000,0.02,0.25,0.03,4.0,1.0,0.002,0.0005,0.05,40,-0.08,0.9,0.05,0.02,0.02,5,0.15,3.0,0.1,100.0,1.0,15.0,1.0,tanh,synthetic_proxy,0.006037196102461451,0.07323916068097747,0,0.0015043285724866452,1.4760787264464028,1.0,0,3.4924596548080444e-10,4.547473508864641e-13,0.9501754385964912,0.26416666666666666,-0.0688314573661698,P1_low_noise
12,False,120,40,1000000,0.25,200000,0.02,0.25,0.03,4.0,1.0,0.002,0.0005,0.05,40,-0.08,0.9,0.05,0.02,0.02,5,0.15,3.0,0.1,100.0,1.0,15.0,1.0,tanh,synthetic_proxy,-1.598292117876987e-05,0.009610918022910253,0,0.0008355410098211777,1.354498731531134,1.0,0,2.3283064365386963e-10,5.684341886080802e-14,0.9893859649122807,0.022500000000000003,0.011904948337882804,P1_low_noise
12,True,120,40,1000000,0.25,200000,0.02,0.25,0.03,4.0,1.0,0.002,0.0005,0.05,40,-0.08,0.9,0.05,0.02,0.02,5,0.15,3.0,0.1,100.0,1.0,15.0,1.0,tanh,synthetic_proxy,0.0048555548446564956,0.0650887082348538,0,0.0015593436610152893,1.4610837205062188,1.0,0,3.4924596548080444e-10,7.389644451905042e-13,0.9621929824561403,0.1791666666666667,-0.06336604401326151,P1_low_noise
13,False,120,40,1000000,0.25,200000,0.02,0.25,0.03,4.0,1.0,0.002,0.0005,0.05,40,-0.08,0.9,0.05,0.02,0.02,5,0.15,3.0,0.1,100.0,1.0,15.0,1.0,tanh,synthetic_proxy,-9.811720045571626e-05,0.02115019145812136,0,0.0007923619071842835,1.3397659028176003,1.0,0,3.4924596548080444e-10,1.1368683772161603e-13,0.9902631578947368,0.005833333333333334,-0.020529183666843975,P1_low_noise
13,True,120,40,1000000,0.25,200000,0.02,0.25,0.03,4.0,1.0,0.002,0.0005,0.05,40,-0.08,0.9,0.05,0.02,0.02,5,0.15,3.0,0.1,100.0,1.0,15.0,1.0,tanh,synthetic_proxy,0.007518348609823811,0.09366622786407874,0,0.001632220531887398,1.493158212249043,1.0,0,2.3283064365386963e-10,5.684341886080801e-13,0.9609649122807017,0.26166666666666666,-0.09309122613339171,P1_low_noise
14,False,120,40,1000000,0.25,200000,0.02,0.25,0.03,4.0,1.0,0.002,0.0005,0.05,40,-0.08,0.9,0.05,0.02,0.02,5,0.15,3.0,0.1,100.0,1.0,15.0,1.0,tanh,synthetic_proxy,3.274481377935068e-05,0.012822652896401832,0,0.0008344673537244903,1.3368062404804928,1.0,0,2.3283064365386963e-10,5.684341886080802e-14,0.9932017543859648,0.005416666666666667,-0.0028349751514802346,P1_low_noise
14,True,120,40,1000000,0.25,200000,0.02,0.25,0.03,4.0,1.0,0.002,0.0005,0.05,40,-0.08,0.9,0.05,0.02,0.02,5,0.15,3.0,0.1,100.0,1.0,15.0,1.0,tanh,synthetic_proxy,0.006111754940546277,0.08012318390772366,0,0.0016265699560933033,1.4845755578321842,1.0,0,3.4924596548080444e-10,5.684341886080801e-13,0.9722368421052631,0.25458333333333333,-0.07683246901291729,P1_low_noise
15,False,120,40,1000000,0.25,200000,0.02,0.25,0.03,4.0,1.0,0.002,0.0005,0.05,40,-0.08,0.9,0.05,0.02,0.02,5,0.15,3.0,0.1,100.0,1.0,15.0,1.0,tanh,synthetic_proxy,6.683043363531205e-05,0.0181258835490673,0,0.0008582241510190773,1.3589485916654198,1.0,0,2.3283064365386963e-10,1.7053025658242404e-13,0.9923684210526316,0.012500000000000002,-0.009132365869644055,P1_low_noise
15,True,120,40,1000000,0.25,200000,0.02,0.25,0.03,4.0,1.0,0.002,0.0005,0.05,40,-0.08,0.9,0.05,0.02,0.02,5,0.15,3.0,0.1,100.0,1.0,15.0,1.0,tanh,synthetic_proxy,0.007165716828386959,0.08516626047832032,0,0.001674261394147348,1.5043394041077962,1.0,0,4.656612873077393e-10,9.663381206337363e-13,0.9555701754385965,0.25958333333333333,-0.08272649734810289,P1_low_noise
16,False,120,40,1000000,0.25,200000,0.02,0.25,0.03,4.0,1.0,0.002,0.0005,0.05,40,-0.08,0.9,0.05,0.02,0.02,5,0.15,3.0,0.1,100.0,1.0,15.0,1.0,tanh,synthetic_proxy,-0.00016803377523577634,0.011438402715993501,0,0.000918578983558746,1.3659167398625385,1.0,0,3.4924596548080444e-10,8.526512829121202e-14,0.9887280701754385,0.022083333333333337,0.008365991022112773,P1_low_noise
16,True,120,40,1000000,0.25,200000,0.02,0.25,0.03,4.0,1.0,0.002,0.0005,0.05,40,-0.08,0.9,0.05,0.02,0.02,5,0.15,3.0,0.1,100.0,1.0,15.0,1.0,tanh,synthetic_proxy,0.0053464860591880825,0.068598332224868,0,0.001572818751981732,1.4949225933610977,1.0,0,2.3283064365386963e-10,2.2737367544323206e-13,0.9714912280701753,0.23333333333333334,-0.0662798382038784,P1_low_noise
17,False,120,40,1000000,0.25,200000,0.02,0.25,0.03,4.0,1.0,0.002,0.0005,0.05,40,-0.08,0.9,0.05,0.02,0.02,5,0.15,3.0,0.1,100.0,1.0,15.0,1.0,tanh,synthetic_proxy,-0.0003446726878015838,0.018738826081036164,0,0.0009093040271070012,1.3498311919517445,1.0,0,2.3283064365386963e-10,1.1368683772161603e-13,0.9885087719298246,0.029166666666666667,-0.0009184875988030861,P1_low_noise
17,True,120,40,1000000,0.25,200000,0.02,0.25,0.03,4.0,1.0,0.002,0.0005,0.05,40,-0.08,0.9,0.05,0.02,0.02,5,0.15,3.0,0.1,100.0,1.0,15.0,1.0,tanh,synthetic_proxy,0.008750533020379647,0.0768820246067845,0,0.0016704666603312675,1.4786454922161996,1.0,0,4.656612873077393e-10,7.389644451905042e-13,0.9632456140350878,0.25833333333333336,-0.07473455220686132,P1_low_noise
18,False,120,40,1000000,0.25,200000,0.02,0.25,0.03,4.0,1.0,0.002,0.0005,0.05,40,-0.08,0.9,0.05,0.02,0.02,5,0.15,3.0,0.1,100.0,1.0,15.0,1.0,tanh,synthetic_proxy,-9.825971293797586e-05,0.006095719527883459,0,0.0008591292067479616,1.3707061162820353,1.0,0,3.4924596548080444e-10,8.526512829121202e-14,0.985877192982456,0.0125,-0.0030321397075475653,P1_low_noise
18,True,120,40,1000000,0.25,200000,0.02,0.25,0.03,4.0,1.0,0.002,0.0005,0.05,40,-0.08,0.9,0.05,0.02,0.02,5,0.15,3.0,0.1,100.0,1.0,15.0,1.0,tanh,synthetic_proxy,0.005637696254150892,0.0791085047249449,0,0.0017431552343573212,1.5084414209045438,1.0,0,2.3283064365386963e-10,7.958078640513122e-13,0.9425877192982456,0.25125,-0.0771483274024729,P1_low_noise
19,False,120,40,1000000,0.25,200000,0.02,0.25,0.03,4.0,1.0,0.002,0.0005,0.05,40,-0.08,0.9,0.05,0.02,0.02,5,0.15,3.0,0.1,100.0,1.0,15.0,1.0,tanh,synthetic_proxy,0.00021104538902494419,0.016881584644869774,0,0.0008414077133009631,1.3702784874330438,1.0,0,2.3283064365386963e-10,1.4210854715202004e-13,0.9914473684210526,0.010416666666666666,-0.008639146156589672,P1_low_noise
19,True,120,40,1000000,0.25,200000,0.02,0.25,0.03,4.0,1.0,0.002,0.0005,0.05,40,-0.08,0.9,0.05,0.02,0.02,5,0.15,3.0,0.1,100.0,1.0,15.0,1.0,tanh,synthetic_proxy,0.00778689066640692,0.08723968576275698,0,0.0016001256470039391,1.5154742028064718,1.0,0,3.4924596548080444e-10,4.547473508864641e-13,0.942719298245614,0.2966666666666667,-0.08189821766851224,P1_low_noise
0,False,120,40,1000000,0.75,200000,0.02,0.25,0.03,4.0,1.0,0.002,0.0005,0.05,40,-0.08,0.0,0.05,0.02,0.02,5,0.15,3.0,0.1,100.0,1.0,15.0,1.0,tanh,synthetic_proxy,2.1091964114594575e-05,0.0071389387841833685,0,0.0005634855683261563,0.463366035697205,1.0,0,1.1641532182693481e-10,2.842170943040401e-14,0.9872807017543861,0.006666666666666667,0.007409448460556911,P1_low_noise
0,True,120,40,1000000,0.75,200000,0.02,0.25,0.03,4.0,1.0,0.002,0.0005,0.05,40,-0.08,0.0,0.05,0.02,0.02,5,0.15,3.0,0.1,100.0,1.0,15.0,1.0,tanh,synthetic_proxy,0.006207309491429225,0.07495769876611402,0,0.0015992486535459612,0.7519843637822862,1.0,0,3.4924596548080444e-10,6.821210263296962e-13,0.8811403508771931,0.20500000000000002,-0.0677547464361018,P1_low_noise
1,False,120,40,1000000,0.75,200000,0.02,0.25,0.03,4.0,1.0,0.002,0.0005,0.05,40,-0.08,0.0,0.05,0.02,0.02,5,0.15,3.0,0.1,100.0,1.0,15.0,1.0,tanh,synthetic_proxy,0.00019035999430738748,0.01896558801680004,0,0.0005546153292313834,0.4741803353027973,1.0,0,2.3283064365386963e-10,8.526512829121202e-14,0.9721491228070176,0.014583333333333334,-0.015619887390520226,P1_low_noise
1,True,120,40,1000000,0.75,200000,0.02,0.25,0.03,4.0,1.0,0.002,0.0005,0.05,40,-0.08,0.0,0.05,0.02,0.02,5,0.15,3.0,0.1,100.0,1.0,15.0,1.0,tanh,synthetic_proxy,0.008765003592808629,0.08953833422591717,0,0.0015614257521392484,0.8422421248744234,1.0,0,2.3283064365386963e-10,6.821210263296962e-13,0.8591666666666667,0.27291666666666664,-0.08911264450993783,P1_low_noise
2,False,120,40,1000000,0.75,200000,0.02,0.25,0.03,4.0,1.0,0.002,0.0005,0.05,40,-0.08,0.0,0.05,0.02,0.02,5,0.15,3.0,0.1,100.0,1.0,15.0,1.0,tanh,synthetic_proxy,0.0016839217598372258,0.003658184341485571,0,0.0007372722944525474,0.5374360305783752,1.0,0,2.3283064365386963e-10,4.547473508864641e-13,0.927938596491228,0.05708333333333334,0.03059280284862642,P1_low_noise
2,True,120,40,1000000,0.75,200000,0.02,0.25,0.03,4.0,1.0,0.002,0.0005,0.05,40,-0.08,0.0,0.05,0.02,0.02,5,0.15,3.0,0.1,100.0,1.0,15.0,1.0,tanh,synthetic_proxy,0.00322575425593552,0.0546261823341081,0,0.0013370596401097,0.6146575201895307,1.0,0,2.3283064365386963e-10,5.684341886080801e-13,0.9500877192982458,0.10250000000000001,-0.04727085106320272,P1_low_noise
3,False,120,40,1000000,0.75,200000,0.02,0.25,0.03,4.0,1.0,0.002,0.0005,0.05,40,-0.08,0.0,0.05,0.02,0.02,5,0.15,3.0,0.1,100.0,1.0,15.0,1.0,tanh,synthetic_proxy,7.123326292846066e-05,0.014476032585311716,0,0.0005646222963248905,0.47796113597400103,1.0,0,2.3283064365386963e-10,8.526512829121202e-14,0.9698684210526316,0.01625,-0.011718120968509327,P1_low_noise
3,True,120,40,1000000,0.75,200000,0.02,0.25,0.03,4.0,1.0,0.002,0.0005,0.05,40,-0.08,0.0,0.05,0.02,0.02,5,0.15,3.0,0.1,100.0,1.0,15.0,1.0,tanh,synthetic_proxy,0.00734838811290639,0.08587614786256548,0,0.0014142439637465903,0.8002885924621034,1.0,0,2.3283064365386963e-10,5.684341886080801e-13,0.8693421052631579,0.23541666666666666,-0.08563843688191297,P1_low_noise
4,False,120,40,1000000,0.75,200000,0.02,0.25,0.03,4.0,1.0,0.002,0.0005,0.05,40,-0.08,0.0,0.05,0.02,0.02,5,0.15,3.0,0.1,100.0,1.0,15.0,1.0,tanh,synthetic_proxy,3.0055390023209227e-05,0.012281702776488324,0,0.0006602580944102071,0.5007122977792815,1.0,0,2.3283064365386963e-10,1.7053025658242404e-13,0.9450877192982456,0.029583333333333333,0.0166703826998178,P1_low_noise
4,True,120,40,1000000,0.75,200000,0.02,0.25,0.03,4.0,1.0,0.002,0.0005,0.05,40,-0.08,0.0,0.05,0.02,0.02,5,0.15,3.0,0.1,100.0,1.0,15.0,1.0,tanh,synthetic_proxy,0.005496703343201181,0.07934288554444124,0,0.001729365703664276,0.821242256624147,1.0,0,3.4924596548080444e-10,6.821210263296962e-13,0.9135526315789474,0.2433333333333333,-0.06074123813792387,P1_low_noise
5,False,120,40,1000000,0.75,200000,0.02,0.25,0.03,4.0,1.0,0.002,0.0005,0.05,40,-0.08,0.0,0.05,0.02,0.02,5,0.15,3.0,0.1,100.0,1.0,15.0,1.0,tanh,synthetic_proxy,0.0007042316788463676,0.028941413496318957,0,0.0005978350294350077,0.4909510460627237,1.0,0,2.3283064365386963e-10,1.1368683772161603e-13,0.9532456140350878,0.025,-0.02660298424988039,P1_low_noise
5,True,120,40,1000000,0.75,200000,0.02,0.25,0.03,4.0,1.0,0.002,0.0005,0.05,40,-0.08,0.0,0.05,0.02,0.02,5,0.15,3.0,0.1,100.0,1.0,15.0,1.0,tanh,synthetic_proxy,0.010237397835517692,0.10002691609774605,1,0.001496396756653643,0.9121835340344935,1.0,0,3.4924596548080444e-10,1.1368683772161603e-12,0.8296491228070176,0.3341666666666666,-0.0986266508227257,P1_low_noise
6,False,120,40,1000000,0.75,200000,0.02,0.25,0.03,4.0,1.0,0.002,0.0005,0.05,40,-0.08,0.0,0.05,0.02,0.02,5,0.15,3.0,0.1,100.0,1.0,15.0,1.0,tanh,synthetic_proxy,4.262224265150216e-05,0.019121525381806448,0,0.0006561591365842907,0.4915908005337934,1.0,0,2.3283064365386963e-10,1.1368683772161603e-13,0.9615350877192983,0.021249999999999998,-0.01169620691817097,P1_low_noise
6,True,120,40,1000000,0.75,200000,0.02,0.25,0.03,4.0,1.0,0.002,0.0005,0.05,40,-0.08,0.0,0.05,0.02,0.02,5,0.15,3.0,0.1,100.0,1.0,15.0,1.0,tanh,synthetic_proxy,0.00863691875994621,0.09054973960993618,0,0.0016365458247967278,0.9132013479417991,1.0,0,3.4924596548080444e-10,4.547473508864641e-13,0.8463157894736841,0.33249999999999996,-0.08496465890580152,P1_low_noise
7,False,120,40,1000000,0.75,200000,0.02,0.25,0.03,4.0,1.0,0.002,0.0005,0.05,40,-0.08,0.0,0.05,0.02,0.02,5,0.15,3.0,0.1,100.0,1.0,15.0,1.0,tanh,synthetic_proxy,0.001075869186098366,0.006344247660904245,0,0.0007428539918268052,0.5227746456304252,1.0,0,2.3283064365386963e-10,5.684341886080801e-13,0.9319736842105264,0.04041666666666667,0.028416918378279643,P1_low_noise
7,True,120,40,1000000,0.75,200000,0.02,0.25,0.03,4.0,1.0,0.002,0.0005,0.05,40,-0.08,0.0,0.05,0.02,0.02,5,0.15,3.0,0.1,100.0,1.0,15.0,1.0,tanh,synthetic_proxy,0.0031124980805361524,0.07233161194745996,0,0.0017785636433792654,0.7972665979947376,1.0,0,3.4924596548080444e-10,7.958078640513122e-13,0.8833333333333333,0.21416666666666667,-0.04949057835897175,P1_low_noise
8,False,120,40,1000000,0.75,200000,0.02,0.25,0.03,4.0,1.0,0.002,0.0005,0.05,40,-0.08,0.0,0.05,0.02,0.02,5,0.15,3.0,0.1,100.0,1.0,15.0,1.0,tanh,synthetic_proxy,0.00019057045279335938,0.026680893180485832,0,0.000687818472262297,0.50028214526037,1.0,0,2.3283064365386963e-10,1.7053025658242404e-13,0.9498245614035087,0.028333333333333335,-0.01909781324043547,P1_low_noise
8,True,120,40,1000000,0.75,200000,0.02,0.25,0.03,4.0,1.0,0.002,0.0005,0.05,40,-0.08,0.0,0.05,0.02,0.02,5,0.15,3.0,0.1,100.0,1.0,15.0,1.0,tanh,synthetic_proxy,0.008305895008343223,0.09686860370970096,0,0.00166942143414675,0.8752257202049899,1.0,0,3.4924596548080444e-10,6.821210263296962e-13,0.8081140350877193,0.30041666666666667,-0.09132494007424652,P1_low_noise
9,False,120,40,1000000,0.75,200000,0.02,0.25,0.03,4.0,1.0,0.002,0.0005,0.05,40,-0.08,0.0,0.05,0.02,0.02,5,0.15,3.0,0.1,100.0,1.0,15.0,1.0,tanh,synthetic_proxy,0.00038384228820875776,0.00648143682537039,0,0.0006407463928112314,0.4998670206991405,1.0,0,2.3283064365386963e-10,5.684341886080802e-14,0.9496491228070175,0.02666666666666667,0.029063572168647855,P1_low_noise
9,True,120,40,1000000,0.75,200000,0.02,0.25,0.03,4.0,1.0,0.002,0.0005,0.05,40,-0.08,0.0,0.05,0.02,0.02,5,0.15,3.0,0.1,100.0,1.0,15.0,1.0,tanh,synthetic_proxy,0.0035720623879524904,0.05886498785375571,0,0.0014785065159723426,0.7351390541054422,1.0,0,3.4924596548080444e-10,4.547473508864641e-13,0.9098684210526315,0.18458333333333332,-0.04898136907723416,P1_low_noise
10,False,120,40,1000000,0.75,200000,0.02,0.25,0.03,4.0,1.0,0.002,0.0005,0.05,40,-0.08,0.0,0.05,0.02,0.02,5,0.15,3.0,0.1,100.0,1.0,15.0,1.0,tanh,synthetic_proxy,0.0030621291378176707,0.04952479442462632,0,0.000645805769387467,0.5598783742330607,1.0,0,2.3283064365386963e-10,5.684341886080801e-13,0.8719736842105263,0.07708333333333334,-0.046306476978918765,P1_low_noise
10,True,120,40,1000000,0.75,200000,0.02,0.25,0.03,4.0,1.0,0.002,0.0005,0.05,40,-0.08,0.0,0.05,0.02,0.02,5,0.15,3.0,0.1,100.0,1.0,15.0,1.0,tanh,synthetic_proxy,0.014562071707857838,0.11972164214800463,1,0.0016519040860219446,1.0742682502558754,1.0,0,3.4924596548080444e-10,4.547473508864641e-13,0.8498684210526316,0.44458333333333333,-0.1169014916779354,P1_low_noise
11,False,120,40,1000000,0.75,200000,0.02,0.25,0.03,4.0,1.0,0.002,0.0005,0.05,40,-0.08,0.0,0.05,0.02,0.02,5,0.15,3.0,0.1,100.0,1.0,15.0,1.0,tanh,synthetic_proxy,-4.199943875027312e-05,0.01051260633677098,0,0.0005998186293418592,0.4720429882683357,1.0,0,2.3283064365386963e-10,5.684341886080802e-14,0.9685526315789474,0.01625,0.004631337085409193,P1_low_noise
11,True,120,40,1000000,0.75,200000,0.02,0.25,0.03,4.0,1.0,0.002,0.0005,0.05,40,-0.08,0.0,0.05,0.02,0.02,5,0.15,3.0,0.1,100.0,1.0,15.0,1.0,tanh,synthetic_proxy,0.0063805357986852496,0.0733180959488412,0,0.0014162048330572743,0.8045463899105092,1.0,0,2.3283064365386963e-10,3.410605131648481e-13,0.8581578947368421,0.2508333333333333,-0.0704236651594039,P1_low_noise
12,False,120,40,1000000,0.75,200000,0.02,0.25,0.03,4.0,1.0,0.002,0.0005,0.05,40,-0.08,0.0,0.05,0.02,0.02,5,0.15,3.0,0.1,100.0,1.0,15.0,1.0,tanh,synthetic_proxy,-9.984549866881576e-05,0.009068892546630236,0,0.0006575151695223744,0.5005447689721982,1.0,0,2.3283064365386963e-10,9.237055564881302e-14,0.9449122807017544,0.029999999999999995,0.013636560706908663,P1_low_noise
12,True,120,40,1000000,0.75,200000,0.02,0.25,0.03,4.0,1.0,0.002,0.0005,0.05,40,-0.08,0.0,0.05,0.02,0.02,5,0.15,3.0,0.1,100.0,1.0,15.0,1.0,tanh,synthetic_proxy,0.005265450648200165,0.06502252534236919,0,0.0014930360757100763,0.7183049460249338,1.0,0,3.4924596548080444e-10,6.821210263296962e-13,0.9000877192982457,0.18166666666666664,-0.0632005579446766,P1_low_noise
13,False,120,40,1000000,0.75,200000,0.02,0.25,0.03,4.0,1.0,0.002,0.0005,0.05,40,-0.08,0.0,0.05,0.02,0.02,5,0.15,3.0,0.1,100.0,1.0,15.0,1.0,tanh,synthetic_proxy,0.00017734532892088595,0.02055443625986164,0,0.0006152826700105741,0.4682731104113716,1.0,0,2.3283064365386963e-10,7.105427357601002e-14,0.9739473684210527,0.013333333333333334,-0.019811394404860017,P1_low_noise
13,True,120,40,1000000,0.75,200000,0.02,0.25,0.03,4.0,1.0,0.002,0.0005,0.05,40,-0.08,0.0,0.05,0.02,0.02,5,0.15,3.0,0.1,100.0,1.0,15.0,1.0,tanh,synthetic_proxy,0.008192823768545132,0.09320763167112767,0,0.0016217570164725281,0.8076270004540437,1.0,0,3.4924596548080444e-10,6.821210263296962e-13,0.8955701754385965,0.24041666666666664,-0.09251970708561885,P1_low_noise
14,False,120,40,1000000,0.75,200000,0.02,0.25,0.03,4.0,1.0,0.002,0.0005,0.05,40,-0.08,0.0,0.05,0.02,0.02,5,0.15,3.0,0.1,100.0,1.0,15.0,1.0,tanh,synthetic_proxy,-2.1964896674275813e-05,0.012266860711304117,0,0.0005793444901633055,0.4660937814624248,1.0,0,2.3283064365386963e-10,8.526512829121202e-14,0.977982456140351,0.011250000000000001,-0.003214451588714584,P1_low_noise
14,True,120,40,1000000,0.75,200000,0.02,0.25,0.03,4.0,1.0,0.002,0.0005,0.05,40,-0.08,0.0,0.05,0.02,0.02,5,0.15,3.0,0.1,100.0,1.0,15.0,1.0,tanh,synthetic_proxy,0.0067705071647219395,0.08199792776330495,0,0.0015751117353722543,0.8010993826148101,1.0,0,2.3283064365386963e-10,4.547473508864641e-13,0.873421052631579,0.24458333333333332,-0.07835696177152851,P1_low_noise
15,False,120,40,1000000,0.75,200000,0.02,0.25,0.03,4.0,1.0,0.002,0.0005,0.05,40,-0.08,0.0,0.05,0.02,0.02,5,0.15,3.0,0.1,100.0,1.0,15.0,1.0,tanh,synthetic_proxy,3.8357594606130974e-05,0.017657130389716724,0,0.0005622983463586116,0.47338092691116557,1.0,0,2.3283064365386963e-10,5.684341886080802e-14,0.9773684210526316,0.011666666666666665,-0.009809070639537176,P1_low_noise
15,True,120,40,1000000,0.75,200000,0.02,0.25,0.03,4.0,1.0,0.002,0.0005,0.05,40,-0.08,0.0,0.05,0.02,0.02,5,0.15,3.0,0.1,100.0,1.0,15.0,1.0,tanh,synthetic_proxy,0.007278752422208212,0.0866098091020513,0,0.0015784856645789797,0.8089958289881812,1.0,0,3.4924596548080444e-10,4.547473508864641e-13,0.8843859649122808,0.24666666666666662,-0.08443442661643974,P1_low_noise
16,False,120,40,1000000,0.75,200000,0.02,0.25,0.03,4.0,1.0,0.002,0.0005,0.05,40,-0.08,0.0,0.05,0.02,0.02,5,0.15,3.0,0.1,100.0,1.0,15.0,1.0,tanh,synthetic_proxy,0.00012635638053803966,0.011684027746577175,0,0.0006865012522948978,0.4892438740290953,1.0,0,2.3283064365386963e-10,1.4210854715202004e-13,0.9617982456140352,0.021249999999999998,0.008645166573192364,P1_low_noise
16,True,120,40,1000000,0.75,200000,0.02,0.25,0.03,4.0,1.0,0.002,0.0005,0.05,40,-0.08,0.0,0.05,0.02,0.02,5,0.15,3.0,0.1,100.0,1.0,15.0,1.0,tanh,synthetic_proxy,0.005144623074229804,0.06907317740962127,0,0.0014968890475376452,0.7449539249365698,1.0,0,2.3283064365386963e-10,4.547473508864641e-13,0.8974561403508773,0.1983333333333333,-0.06756670158163003,P1_low_noise
17,False,120,40,1000000,0.75,200000,0.02,0.25,0.03,4.0,1.0,0.002,0.0005,0.05,40,-0.08,0.0,0.05,0.02,0.02,5,0.15,3.0,0.1,100.0,1.0,15.0,1.0,tanh,synthetic_proxy,-0.00016293198049111002,0.020401298538543333,0,0.0007177210640570923,0.5065297036901986,1.0,0,2.3283064365386963e-10,1.7053025658242404e-13,0.9398684210526316,0.035416666666666666,-0.0004019578905309906,P1_low_noise
17,True,120,40,1000000,0.75,200000,0.02,0.25,0.03,4.0,1.0,0.002,0.0005,0.05,40,-0.08,0.0,0.05,0.02,0.02,5,0.15,3.0,0.1,100.0,1.0,15.0,1.0,tanh,synthetic_proxy,0.008098396348783288,0.07915661947679697,0,0.0015991708242504086,0.7858024854343394,1.0,0,2.3283064365386963e-10,1.0231815394945443e-12,0.9094736842105263,0.225,-0.07576888718700725,P1_low_noise
18,False,120,40,1000000,0.75,200000,0.02,0.25,0.03,4.0,1.0,0.002,0.0005,0.05,40,-0.08,0.0,0.05,0.02,0.02,5,0.15,3.0,0.1,100.0,1.0,15.0,1.0,tanh,synthetic_proxy,-6.729106238445581e-06,0.005247840248876812,0,0.0005709226461985459,0.4715548801184925,1.0,0,2.3283064365386963e-10,2.842170943040401e-14,0.9828508771929825,0.00875,-0.0035549763862344763,P1_low_noise
18,True,120,40,1000000,0.75,200000,0.02,0.25,0.03,4.0,1.0,0.002,0.0005,0.05,40,-0.08,0.0,0.05,0.02,0.02,5,0.15,3.0,0.1,100.0,1.0,15.0,1.0,tanh,synthetic_proxy,0.006746758713110479,0.07845826946345702,0,0.0016148346569626903,0.7952262521461163,1.0,0,3.4924596548080444e-10,2.2737367544323206e-13,0.8756140350877194,0.2358333333333333,-0.07821227272029829,P1_low_noise
19,False,120,40,1000000,0.75,200000,0.02,0.25,0.03,4.0,1.0,0.002,0.0005,0.05,40,-0.08,0.0,0.05,0.02,0.02,5,0.15,3.0,0.1,100.0,1.0,15.0,1.0,tanh,synthetic_proxy,3.5441502355126886e-05,0.016389405232463905,0,0.0006239302151706094,0.4772564616304147,1.0,0,2.3283064365386963e-10,2.842170943040401e-14,0.9759649122807018,0.0125,-0.008029423373194344,P1_low_noise
19,True,120,40,1000000,0.75,200000,0.02,0.25,0.03,4.0,1.0,0.002,0.0005,0.05,40,-0.08,0.0,0.05,0.02,0.02,5,0.15,3.0,0.1,100.0,1.0,15.0,1.0,tanh,synthetic_proxy,0.007496471645986658,0.08711976622745798,0,0.0015499774242605125,0.8151223760116982,1.0,0,3.4924596548080444e-10,4.547473508864641e-13,0.8500438596491229,0.25708333333333333,-0.0817622868732939,P1_low_noise
0,False,120,40,1000000,0.75,200000,0.02,0.25,0.03,4.0,1.0,0.002,0.0005,0.05,40,-0.08,0.9,0.05,0.02,0.02,5,0.15,3.0,0.1,100.0,1.0,15.0,1.0,tanh,synthetic_proxy,-4.8400655127567305e-05,0.006935037004070943,0,0.0006095963420664659,0.4803733775077326,1.0,0,2.3283064365386963e-10,2.842170943040401e-14,0.9776754385964911,0.01625,0.008235482698322638,P1_low_noise
0,True,120,40,1000000,0.75,200000,0.02,0.25,0.03,4.0,1.0,0.002,0.0005,0.05,40,-0.08,0.9,0.05,0.02,0.02,5,0.15,3.0,0.1,100.0,1.0,15.0,1.0,tanh,synthetic_proxy,0.006452696273427927,0.07462671035875124,0,0.0016970225951812553,0.7803252085183833,1.0,0,4.656612873077393e-10,6.821210263296962e-13,0.9514912280701754,0.23083333333333333,-0.06755798743156438,P1_low_noise
1,False,120,40,1000000,0.75,200000,0.02,0.25,0.03,4.0,1.0,0.002,0.0005,0.05,40,-0.08,0.9,0.05,0.02,0.02,5,0.15,3.0,0.1,100.0,1.0,15.0,1.0,tanh,synthetic_proxy,4.076667105556986e-05,0.018564971997739432,0,0.0005763698858953694,0.4713885694679873,1.0,0,2.3283064365386963e-10,8.526512829121202e-14,0.9821491228070175,0.012916666666666668,-0.015543012387364108,P1_low_noise
1,True,120,40,1000000,0.75,200000,0.02,0.25,0.03,4.0,1.0,0.002,0.0005,0.05,40,-0.08,0.9,0.05,0.02,0.02,5,0.15,3.0,0.1,100.0,1.0,15.0,1.0,tanh,synthetic_proxy,0.00790548185956319,0.08979291257421873,0,0.0016796125437038272,0.839888123998828,1.0,0,4.656612873077393e-10,6.821210263296962e-13,0.9580701754385965,0.26583333333333337,-0.08932533489020922,P1_low_noise
2,False,120,40,1000000,0.75,200000,0.02,0.25,0.03,4.0,1.0,0.002,0.0005,0.05,40,-0.08,0.9,0.05,0.02,0.02,5,0.15,3.0,0.1,100.0,1.0,15.0,1.0,tanh,synthetic_proxy,0.0018756194430662454,0.0035800124495467545,0,0.0008163510718727125,0.56297062621999,1.0,0,2.3283064365386963e-10,2.2737367544323206e-13,0.9836842105263158,0.07916666666666666,0.030443262968722795,P1_low_noise
2,True,120,40,1000000,0.75,200000,0.02,0.25,0.03,4.0,1.0,0.002,0.0005,0.05,40,-0.08,0.9,0.05,0.02,0.02,5,0.15,3.0,0.1,100.0,1.0,15.0,1.0,tanh,synthetic_proxy,0.003065201041249299,0.05506024068991733,0,0.0013503234383984743,0.5855349589670475,1.0,0,2.3283064365386963e-10,6.821210263296962e-13,0.9914912280701754,0.09250000000000001,-0.04766038755387891,P1_low_noise
3,False,120,40,1000000,0.75,200000,0.02,0.25,0.03,4.0,1.0,0.002,0.0005,0.05,40,-0.08,0.9,0.05,0.02,0.02,5,0.15,3.0,0.1,100.0,1.0,15.0,1.0,tanh,synthetic_proxy,9.806687573843398e-05,0.015013363981721706,0,0.000608781091190138,0.4696010304787691,1.0,0,2.3283064365386963e-10,5.684341886080802e-14,0.9951315789473685,0.011250000000000001,-0.0120889291839823,P1_low_noise
3,True,120,40,1000000,0.75,200000,0.02,0.25,0.03,4.0,1.0,0.002,0.0005,0.05,40,-0.08,0.9,0.05,0.02,0.02,5,0.15,3.0,0.1,100.0,1.0,15.0,1.0,tanh,synthetic_proxy,0.0072957178962851366,0.08613996452308725,0,0.0015435919286896054,0.7734487114092037,1.0,0,3.4924596548080444e-10,1.0231815394945443e-12,0.9582456140350878,0.20500000000000002,-0.08591234391207547,P1_low_noise
4,False,120,40,1000000,0.75,200000,0.02,0.25,0.03,4.0,1.0,0.002,0.0005,0.05,40,-0.08,0.9,0.05,0.02,0.02,5,0.15,3.0,0.1,100.0,1.0,15.0,1.0,tanh,synthetic_proxy,-0.0002553924316158751,0.01303598676564166,0,0.0007592087534551428,0.5094237677386325,1.0,0,2.3283064365386963e-10,1.1368683772161603e-13,0.9742105263157895,0.034166666666666665,0.017814413989162503,P1_low_noise
4,True,120,40,1000000,0.75,200000,0.02,0.25,0.03,4.0,1.0,0.002,0.0005,0.05,40,-0.08,0.9,0.05,0.02,0.02,5,0.15,3.0,0.1,100.0,1.0,15.0,1.0,tanh,synthetic_proxy,0.005636152065910949,0.07953270500960097,0,0.001859668455794517,0.8252421155166221,1.0,0,4.656612873077393e-10,2.2737367544323206e-13,0.9816666666666668,0.23916666666666667,-0.05996385188075204,P1_low_noise
5,False,120,40,1000000,0.75,200000,0.02,0.25,0.03,4.0,1.0,0.002,0.0005,0.05,40,-0.08,0.9,0.05,0.02,0.02,5,0.15,3.0,0.1,100.0,1.0,15.0,1.0,tanh,synthetic_proxy,0.0013707499336754747,0.02814092808280122,0,0.0006729841875402888,0.5073943201265321,1.0,0,2.3283064365386963e-10,1.1368683772161603e-13,0.9793421052631579,0.03625,-0.02591128903162787,P1_low_noise
5,True,120,40,1000000,0.75,200000,0.02,0.25,0.03,4.0,1.0,0.002,0.0005,0.05,40,-0.08,0.9,0.05,0.02,0.02,5,0.15,3.0,0.1,100.0,1.0,15.0,1.0,tanh,synthetic_proxy,0.011560156955347178,0.09939518138727588,0,0.0017006719768062916,0.9567282500626847,1.0,0,3.4924596548080444e-10,4.547473508864641e-13,0.9563157894736842,0.3433333333333333,-0.09819358345808227,P1_low_noise
6,False,120,40,1000000,0.75,200000,0.02,0.25,0.03,4.0,1.0,0.002,0.0005,0.05,40,-0.08,0.9,0.05,0.02,0.02,5,0.15,3.0,0.1,100.0,1.0,15.0,1.0,tanh,synthetic_proxy,5.183407176012622e-05,0.018767216440390144,0,0.0006514011061630061,0.4793758682876462,1.0,0,2.3283064365386963e-10,2.2737367544323206e-13,0.9800438596491229,0.014583333333333334,-0.011554454204741993,P1_low_noise
6,True,120,40,1000000,0.75,200000,0.02,0.25,0.03,4.0,1.0,0.002,0.0005,0.05,40,-0.08,0.9,0.05,0.02,0.02,5,0.15,3.0,0.1,100.0,1.0,15.0,1.0,tanh,synthetic_proxy,0.008831484139192769,0.08987972197215255,0,0.0018512146497348615,0.983757598920262,1.0,0,3.4924596548080444e-10,9.094947017729282e-13,0.9737719298245615,0.3658333333333334,-0.08464480288197007,P1_low_noise
7,False,120,40,1000000,0.75,200000,0.02,0.25,0.03,4.0,1.0,0.002,0.0005,0.05,40,-0.08,0.9,0.05,0.02,0.02,5,0.15,3.0,0.1,100.0,1.0,15.0,1.0,tanh,synthetic_proxy,0.0008208629192647532,0.005515384780228616,0,0.0007599263539911366,0.5054954931877671,1.0,0,2.3283064365386963e-10,3.410605131648481e-13,0.9700438596491228,0.029583333333333333,0.029016782527095497,P1_low_noise
7,True,120,40,1000000,0.75,200000,0.02,0.25,0.03,4.0,1.0,0.002,0.0005,0.05,40,-0.08,0.9,0.05,0.02,0.02,5,0.15,3.0,0.1,100.0,1.0,15.0,1.0,tanh,synthetic_proxy,0.004091102643829503,0.07037001481158267,0,0.0018113439589754568,0.804525768606386,1.0,0,3.4924596548080444e-10,2.2737367544323206e-13,0.9544736842105264,0.22833333333333333,-0.04949861148159129,P1_low_noise
8,False,120,40,1000000,0.75,200000,0.02,0.25,0.03,4.0,1.0,0.002,0.0005,0.05,40,-0.08,0.9,0.05,0.02,0.02,5,0.15,3.0,0.1,100.0,1.0,15.0,1.0,tanh,synthetic_proxy,-0.0004548905767131073,0.027865057419632744,0,0.0007700599760775344,0.5093249312939501,1.0,0,2.3283064365386963e-10,8.526512829121202e-14,0.986359649122807,0.03291666666666667,-0.01901850515712411,P1_low_noise
8,True,120,40,1000000,0.75,200000,0.02,0.25,0.03,4.0,1.0,0.002,0.0005,0.05,40,-0.08,0.9,0.05,0.02,0.02,5,0.15,3.0,0.1,100.0,1.0,15.0,1.0,tanh,synthetic_proxy,0.006991599443497698,0.09834019846459985,0,0.0018290612126353816,0.9149554534510628,1.0,0,3.4924596548080444e-10,5.684341886080801e-13,0.9177631578947367,0.3279166666666667,-0.09158609434122578,P1_low_noise
9,False,120,40,1000000,0.75,200000,0.02,0.25,0.03,4.0,1.0,0.002,0.0005,0.05,40,-0.08,0.9,0.05,0.02,0.02,5,0.15,3.0,0.1,100.0,1.0,15.0,1.0,tanh,synthetic_proxy,-2.741264145211808e-05,0.008162454603952485,0,0.0007038993071966584,0.5061777495667938,1.0,0,2.3283064365386963e-10,1.1368683772161603e-13,0.9832894736842105,0.02875,0.028382651812531856,P1_low_noise
9,True,120,40,1000000,0.75,200000,0.02,0.25,0.03,4.0,1.0,0.002,0.0005,0.05,40,-0.08,0.9,0.05,0.02,0.02,5,0.15,3.0,0.1,100.0,1.0,15.0,1.0,tanh,synthetic_proxy,0.0032324132004859507,0.06001443968858822,0,0.001555979787922462,0.7370282635352124,1.0,0,2.3283064365386963e-10,4.547473508864641e-13,0.9746491228070175,0.1716666666666667,-0.04968001630120211,P1_low_noise
10,False,120,40,1000000,0.75,200000,0.02,0.25,0.03,4.0,1.0,0.002,0.0005,0.05,40,-0.08,0.9,0.05,0.02,0.02,5,0.15,3.0,0.1,100.0,1.0,15.0,1.0,tanh,synthetic_proxy,0.002830939824194134,0.04967715134524753,0,0.0007616718052469012,0.5327366538214081,1.0,0,3.4924596548080444e-10,4.547473508864641e-13,0.9646929824561404,0.052083333333333336,-0.04663218186477436,P1_low_noise
10,True,120,40,1000000,0.75,200000,0.02,0.25,0.03,4.0,1.0,0.002,0.0005,0.05,40,-0.08,0.9,0.05,0.02,0.02,5,0.15,3.0,0.1,100.0,1.0,15.0,1.0,tanh,synthetic_proxy,0.014525656154902089,0.11986454969818672,1,0.002050664349790479,1.13257022884755,1.0,0,3.4924596548080444e-10,4.547473508864641e-13,0.9533333333333334,0.4266666666666667,-0.11712515739569329,P1_low_noise
11,False,120,40,1000000,0.75,200000,0.02,0.25,0.03,4.0,1.0,0.002,0.0005,0.05,40,-0.08,0.9,0.05,0.02,0.02,5,0.15,3.0,0.1,100.0,1.0,15.0,1.0,tanh,synthetic_proxy,-1.3300172317154413e-05,0.009985726088963864,0,0.0005853786055540594,0.4591669554129393,1.0,0,3.4924596548080444e-10,7.105427357601002e-14,0.9861403508771929,0.009166666666666667,0.004922705421535278,P1_low_noise
11,True,120,40,1000000,0.75,200000,0.02,0.25,0.03,4.0,1.0,0.002,0.0005,0.05,40,-0.08,0.9,0.05,0.02,0.02,5,0.15,3.0,0.1,100.0,1.0,15.0,1.0,tanh,synthetic_proxy,0.006187670974138415,0.07354254928173976,0,0.0014955144105274786,0.7600725785322522,1.0,0,3.4924596548080444e-10,4.547473508864641e-13,0.9564035087719299,0.23416666666666666,-0.07050152596429571,P1_low_noise
12,False,120,40,1000000,0.75,200000,0.02,0.25,0.03,4.0,1.0,0.002,0.0005,0.05,40,-0.08,0.9,0.05,0.02,0.02,5,0.15,3.0,0.1,100.0,1.0,15.0,1.0,tanh,synthetic_proxy,3.1607658990573384e-05,0.008685389997027726,0,0.0007152664651692816,0.5028303124484907,1.0,0,2.3283064365386963e-10,2.8421709430404007e-13,0.9827192982456141,0.030000000000000002,0.013881861708361143,P1_low_noise
12,True,120,40,1000000,0.75,200000,0.02,0.25,0.03,4.0,1.0,0.002,0.0005,0.05,40,-0.08,0.9,0.05,0.02,0.02,5,0.15,3.0,0.1,100.0,1.0,15.0,1.0,tanh,synthetic_proxy,0.005126034609746588,0.06465482770911324,0,0.0015518776984928915,0.6985914043716903,1.0,0,2.3283064365386963e-10,9.094947017729282e-13,0.9783771929824562,0.1679166666666667,-0.06281618522494059,P1_low_noise
13,False,120,40,1000000,0.75,200000,0.02,0.25,0.03,4.0,1.0,0.002,0.0005,0.05,40,-0.08,0.9,0.05,0.02,0.02,5,0.15,3.0,0.1,100.0,1.0,15.0,1.0,tanh,synthetic_proxy,-0.00010450058856759092,0.019774669620205465,0,0.0006074635151138437,0.4536992685661161,1.0,0,2.3283064365386963e-10,2.1316282072803006e-14,0.9908333333333333,0.005416666666666668,-0.01903103620680413,P1_low_noise
13,True,120,40,1000000,0.75,200000,0.02,0.25,0.03,4.0,1.0,0.002,0.0005,0.05,40,-0.08,0.9,0.05,0.02,0.02,5,0.15,3.0,0.1,100.0,1.0,15.0,1.0,tanh,synthetic_proxy,0.007399015997475278,0.09326376033504824,0,0.0017209532447982252,0.7952200628654769,1.0,0,3.4924596548080444e-10,3.410605131648481e-13,0.9683333333333334,0.23166666666666666,-0.09257587833071812,P1_low_noise
14,False,120,40,1000000,0.75,200000,0.02,0.25,0.03,4.0,1.0,0.002,0.0005,0.05,40,-0.08,0.9,0.05,0.02,0.02,5,0.15,3.0,0.1,100.0,1.0,15.0,1.0,tanh,synthetic_proxy,5.770861139398065e-05,0.012069227484050926,0,0.0005801672739221087,0.4556844443090257,1.0,0,2.3283064365386963e-10,5.684341886080802e-14,0.9949561403508772,0.005416666666666667,-0.0030415740877012265,P1_low_noise
14,True,120,40,1000000,0.75,200000,0.02,0.25,0.03,4.0,1.0,0.002,0.0005,0.05,40,-0.08,0.9,0.05,0.02,0.02,5,0.15,3.0,0.1,100.0,1.0,15.0,1.0,tanh,synthetic_proxy,0.006241076351493069,0.0819483018561532,0,0.0016797913361820617,0.8049104389883819,1.0,0,2.3283064365386963e-10,4.547473508864641e-13,0.9574122807017544,0.23625000000000002,-0.07837288382158103,P1_low_noise
15,False,120,40,1000000,0.75,200000,0.02,0.25,0.03,4.0,1.0,0.002,0.0005,0.05,40,-0.08,0.9,0.05,0.02,0.02,5,0.15,3.0,0.1,100.0,1.0,15.0,1.0,tanh,synthetic_proxy,7.099600874238554e-05,0.017503675700935917,0,0.0005936852607111677,0.47584154753062746,1.0,0,1.1641532182693481e-10,9.947598300641403e-14,0.9913596491228069,0.012916666666666667,-0.009313224710672752,P1_low_noise
15,True,120,40,1000000,0.75,200000,0.02,0.25,0.03,4.0,1.0,0.002,0.0005,0.05,40,-0.08,0.9,0.05,0.02,0.02,5,0.15,3.0,0.1,100.0,1.0,15.0,1.0,tanh,synthetic_proxy,0.0074518086566977,0.08603187990439576,0,0.0016769303039593834,0.8047828972887027,1.0,0,2.3283064365386963e-10,4.547473508864641e-13,0.9555263157894737,0.23583333333333334,-0.08422479044008602,P1_low_noise
16,False,120,40,1000000,0.75,200000,0.02,0.25,0.03,4.0,1.0,0.002,0.0005,0.05,40,-0.08,0.9,0.05,0.02,0.02,5,0.15,3.0,0.1,100.0,1.0,15.0,1.0,tanh,synthetic_proxy,-0.00011630775531223936,0.011611941562753691,0,0.0007367517486493945,0.4923903057612743,1.0,0,1.1641532182693481e-10,8.526512829121202e-14,0.9886403508771929,0.023749999999999997,0.0079593620052123,P1_low_noise
16,True,120,40,1000000,0.75,200000,0.02,0.25,0.03,4.0,1.0,0.002,0.0005,0.05,40,-0.08,0.9,0.05,0.02,0.02,5,0.15,3.0,0.1,100.0,1.0,15.0,1.0,tanh,synthetic_proxy,0.005370716961576427,0.0697065799057125,0,0.0015353125793706173,0.7636261734109558,1.0,0,2.3283064365386963e-10,7.958078640513122e-13,0.9739035087719298,0.21958333333333335,-0.06784574922980047,P1_low_noise
17,False,120,40,1000000,0.75,200000,0.02,0.25,0.03,4.0,1.0,0.002,0.0005,0.05,40,-0.08,0.9,0.05,0.02,0.02,5,0.15,3.0,0.1,100.0,1.0,15.0,1.0,tanh,synthetic_proxy,-0.00021208381967041667,0.020177321882698163,0,0.0007491029380701697,0.49311929910538554,1.0,0,3.4924596548080444e-10,1.7053025658242404e-13,0.9888157894736842,0.027083333333333334,-0.0007778563384372994,P1_low_noise
17,True,120,40,1000000,0.75,200000,0.02,0.25,0.03,4.0,1.0,0.002,0.0005,0.05,40,-0.08,0.9,0.05,0.02,0.02,5,0.15,3.0,0.1,100.0,1.0,15.0,1.0,tanh,synthetic_proxy,0.008514802027162816,0.07868717940738945,0,0.001722891176495016,0.8093544003787003,1.0,0,3.4924596548080444e-10,4.547473508864641e-13,0.9626315789473684,0.235,-0.07560359886145507,P1_low_noise
18,False,120,40,1000000,0.75,200000,0.02,0.25,0.03,4.0,1.0,0.002,0.0005,0.05,40,-0.08,0.9,0.05,0.02,0.02,5,0.15,3.0,0.1,100.0,1.0,15.0,1.0,tanh,synthetic_proxy,-8.539178096989009e-05,0.004765275559289406,0,0.000612722948192756,0.47666555321059517,1.0,0,2.3283064365386963e-10,8.526512829121202e-14,0.9886403508771929,0.01125,-0.0028344383901345305,P1_low_noise
18,True,120,40,1000000,0.75,200000,0.02,0.25,0.03,4.0,1.0,0.002,0.0005,0.05,40,-0.08,0.9,0.05,0.02,0.02,5,0.15,3.0,0.1,100.0,1.0,15.0,1.0,tanh,synthetic_proxy,0.005666141017735216,0.07967388198976266,0,0.0017352513789657175,0.7799102604014931,1.0,0,3.4924596548080444e-10,4.547473508864641e-13,0.9497807017543861,0.22208333333333333,-0.07829663725308333,P1_low_noise
19,False,120,40,1000000,0.75,200000,0.02,0.25,0.03,4.0,1.0,0.002,0.0005,0.05,40,-0.08,0.9,0.05,0.02,0.02,5,0.15,3.0,0.1,100.0,1.0,15.0,1.0,tanh,synthetic_proxy,0.00021889615904147064,0.01623920854869454,0,0.000667445574309808,0.476754351712356,1.0,0,2.3283064365386963e-10,5.684341886080802e-14,0.992280701754386,0.0125,-0.008035539985596696,P1_low_noise
19,True,120,40,1000000,0.75,200000,0.02,0.25,0.03,4.0,1.0,0.002,0.0005,0.05,40,-0.08,0.9,0.05,0.02,0.02,5,0.15,3.0,0.1,100.0,1.0,15.0,1.0,tanh,synthetic_proxy,0.007626865136092453,0.08693660682561122,0,0.001618073184997175,0.7915509310469785,1.0,0,3.4924596548080444e-10,9.094947017729282e-13,0.9386842105263159,0.27166666666666667,-0.08186248173156008,P1_low_noise
0,False,120,40,1000000,0.25,200000,0.02,0.25,0.03,4.0,1.0,0.002,0.0005,0.05,40,-0.08,0.0,0.3,0.15,0.02,5,0.15,3.0,0.1,100.0,1.0,15.0,1.0,tanh,synthetic_proxy,-0.00023558891452835073,0.00729961407149049,0,0.0008180485337163797,1.722241752510644,1.0,0,2.3283064365386963e-10,8.526512829121202e-14,0.3403947368421052,0.6275,0.007733696333297679,P2_high_noise
0,True,120,40,1000000,0.25,200000,0.02,0.25,0.03,4.0,1.0,0.002,0.0005,0.05,40,-0.08,0.0,0.3,0.15,0.02,5,0.15,3.0,0.1,100.0,1.0,15.0,1.0,tanh,synthetic_proxy,0.004281958091134186,0.07455470420277333,0,0.001657667472854277,1.7557283857340906,1.0,0,4.656612873077393e-10,3.410605131648481e-13,0.38736842105263153,0.6712500000000001,-0.06644954980120787,P2_high_noise
1,False,120,40,1000000,0.25,200000,0.02,0.25,0.03,4.0,1.0,0.002,0.0005,0.05,40,-0.08,0.0,0.3,0.15,0.02,5,0.15,3.0,0.1,100.0,1.0,15.0,1.0,tanh,synthetic_proxy,4.730461821877974e-05,0.01908215496049437,0,0.0008363598428657446,1.7142269901724154,1.0,0,2.3283064365386963e-10,1.7053025658242404e-13,0.33649122807017545,0.6291666666666667,-0.015107521614606712,P2_high_noise
1,True,120,40,1000000,0.25,200000,0.02,0.25,0.03,4.0,1.0,0.002,0.0005,0.05,40,-0.08,0.0,0.3,0.15,0.02,5,0.15,3.0,0.1,100.0,1.0,15.0,1.0,tanh,synthetic_proxy,0.010791988592073531,0.08850842705544137,0,0.0015923507276407213,1.7674386674230849,1.0,0,2.3283064365386963e-10,4.547473508864641e-13,0.4032456140350877,0.67375,-0.08777454544403218,P2_high_noise
2,False,120,40,1000000,0.25,200000,0.02,0.25,0.03,4.0,1.0,0.002,0.0005,0.05,40,-0.08,0.0,0.3,0.15,0.02,5,0.15,3.0,0.1,100.0,1.0,15.0,1.0,tanh,synthetic_proxy,0.0015506166105965224,0.0045885472439392005,0,0.0008910194619096319,1.71869941572668,1.0,0,2.3283064365386963e-10,2.2737367544323206e-13,0.35008771929824556,0.6345833333333334,0.028585769394277705,P2_high_noise
2,True,120,40,1000000,0.25,200000,0.02,0.25,0.03,4.0,1.0,0.002,0.0005,0.05,40,-0.08,0.0,0.3,0.15,0.02,5,0.15,3.0,0.1,100.0,1.0,15.0,1.0,tanh,synthetic_proxy,0.0008570094172863918,0.054908506443856475,0,0.001427530612930152,1.7294595349762951,1.0,0,3.4924596548080444e-10,1.1368683772161603e-13,0.3673245614035088,0.6229166666666667,-0.04715962169838439,P2_high_noise
3,False,120,40,1000000,0.25,200000,0.02,0.25,0.03,4.0,1.0,0.002,0.0005,0.05,40,-0.08,0.0,0.3,0.15,0.02,5,0.15,3.0,0.1,100.0,1.0,15.0,1.0,tanh,synthetic_proxy,-0.0006682595854302642,0.01468686492660165,0,0.0007748688940511228,1.7099767887134198,1.0,0,2.3283064365386963e-10,8.526512829121202e-14,0.3444736842105263,0.6083333333333333,-0.011296168458123312,P2_high_noise
3,True,120,40,1000000,0.25,200000,0.02,0.25,0.03,4.0,1.0,0.002,0.0005,0.05,40,-0.08,0.0,0.3,0.15,0.02,5,0.15,3.0,0.1,100.0,1.0,15.0,1.0,tanh,synthetic_proxy,0.00625292494265639,0.08491553431441756,0,0.001455658103688376,1.7539092351169214,1.0,0,3.4924596548080444e-10,4.547473508864641e-13,0.3866228070175438,0.6416666666666667,-0.08413518294821098,P2_high_noise
4,False,120,40,1000000,0.25,200000,0.02,0.25,0.03,4.0,1.0,0.002,0.0005,0.05,40,-0.08,0.0,0.3,0.15,0.02,5,0.15,3.0,0.1,100.0,1.0,15.0,1.0,tanh,synthetic_proxy,-0.0005081828566666502,0.013940319540900359,0,0.000922481580318702,1.6966925796614587,1.0,0,2.3283064365386963e-10,8.526512829121202e-14,0.34289473684210525,0.60875,0.01587153810510511,P2_high_noise
4,True,120,40,1000000,0.25,200000,0.02,0.25,0.03,4.0,1.0,0.002,0.0005,0.05,40,-0.08,0.0,0.3,0.15,0.02,5,0.15,3.0,0.1,100.0,1.0,15.0,1.0,tanh,synthetic_proxy,0.003637298908504283,0.07826678923426045,0,0.0017624234468357211,1.751993096474967,1.0,0,2.3283064365386963e-10,5.684341886080801e-13,0.4039035087719298,0.65625,-0.05931947517015357,P2_high_noise
5,False,120,40,1000000,0.25,200000,0.02,0.25,0.03,4.0,1.0,0.002,0.0005,0.05,40,-0.08,0.0,0.3,0.15,0.02,5,0.15,3.0,0.1,100.0,1.0,15.0,1.0,tanh,synthetic_proxy,0.0006614712733967743,0.029085637895604588,0,0.0009001311310668575,1.7004167885600474,1.0,0,2.3283064365386963e-10,2.2737367544323206e-13,0.3398684210526316,0.6229166666666667,-0.02506585235954617,P2_high_noise
5,True,120,40,1000000,0.25,200000,0.02,0.25,0.03,4.0,1.0,0.002,0.0005,0.05,40,-0.08,0.0,0.3,0.15,0.02,5,0.15,3.0,0.1,100.0,1.0,15.0,1.0,tanh,synthetic_proxy,0.011582907711461976,0.09978602642535794,0,0.001580047566272997,1.7595246520659402,1.0,0,3.4924596548080444e-10,4.547473508864641e-13,0.39837719298245605,0.6641666666666668,-0.09683640846702501,P2_high_noise
6,False,120,40,1000000,0.25,200000,0.02,0.25,0.03,4.0,1.0,0.002,0.0005,0.05,40,-0.08,0.0,0.3,0.15,0.02,5,0.15,3.0,0.1,100.0,1.0,15.0,1.0,tanh,synthetic_proxy,-0.00030131036066960437,0.01848283616045887,0,0.0009420074288849529,1.7346598996100873,1.0,0,2.3283064365386963e-10,1.7053025658242404e-13,0.3369736842105263,0.6445833333333334,-0.010481684120357548,P2_high_noise
6,True,120,40,1000000,0.25,200000,0.02,0.25,0.03,4.0,1.0,0.002,0.0005,0.05,40,-0.08,0.0,0.3,0.15,0.02,5,0.15,3.0,0.1,100.0,1.0,15.0,1.0,tanh,synthetic_proxy,0.007734793782928628,0.08939458712948478,0,0.0016786660407435551,1.789917776698314,1.0,0,3.4924596548080444e-10,5.684341886080801e-13,0.4021052631578948,0.6875,-0.08325129976799273,P2_high_noise
7,False,120,40,1000000,0.25,200000,0.02,0.25,0.03,4.0,1.0,0.002,0.0005,0.05,40,-0.08,0.0,0.3,0.15,0.02,5,0.15,3.0,0.1,100.0,1.0,15.0,1.0,tanh,synthetic_proxy,0.001232640235788951,0.006613279617407319,0,0.0009898245757541811,1.7230936969423774,1.0,0,2.3283064365386963e-10,5.115907697472721e-13,0.34754385964912277,0.6233333333333333,0.026455489953309375,P2_high_noise
7,True,120,40,1000000,0.25,200000,0.02,0.25,0.03,4.0,1.0,0.002,0.0005,0.05,40,-0.08,0.0,0.3,0.15,0.02,5,0.15,3.0,0.1,100.0,1.0,15.0,1.0,tanh,synthetic_proxy,0.0003802436494768635,0.06976155851682231,0,0.0017763998908668418,1.758098019007747,1.0,0,2.3283064365386963e-10,4.547473508864641e-13,0.38333333333333336,0.6408333333333334,-0.04919911609843142,P2_high_noise
8,False,120,40,1000000,0.25,200000,0.02,0.25,0.03,4.0,1.0,0.002,0.0005,0.05,40,-0.08,0.0,0.3,0.15,0.02,5,0.15,3.0,0.1,100.0,1.0,15.0,1.0,tanh,synthetic_proxy,0.0003719494820964009,0.025571544055578377,0,0.0009773651382942129,1.7056163462165443,1.0,0,3.4924596548080444e-10,2.5579538487363607e-13,0.34903508771929825,0.6041666666666667,-0.01642790157504659,P2_high_noise
8,True,120,40,1000000,0.25,200000,0.02,0.25,0.03,4.0,1.0,0.002,0.0005,0.05,40,-0.08,0.0,0.3,0.15,0.02,5,0.15,3.0,0.1,100.0,1.0,15.0,1.0,tanh,synthetic_proxy,0.009767390719867208,0.09627807862573545,0,0.0017316014583334308,1.7629971320928546,1.0,0,3.4924596548080444e-10,4.547473508864641e-13,0.41232456140350876,0.6587500000000001,-0.08876334729868984,P2_high_noise
9,False,120,40,1000000,0.25,200000,0.02,0.25,0.03,4.0,1.0,0.002,0.0005,0.05,40,-0.08,0.0,0.3,0.15,0.02,5,0.15,3.0,0.1,100.0,1.0,15.0,1.0,tanh,synthetic_proxy,0.00042562507020327267,0.007127184353925786,0,0.0009051416292363856,1.7308396782202755,1.0,0,2.3283064365386963e-10,1.9895196601282805e-13,0.33714912280701753,0.6349999999999999,0.02822081651252284,P2_high_noise
9,True,120,40,1000000,0.25,200000,0.02,0.25,0.03,4.0,1.0,0.002,0.0005,0.05,40,-0.08,0.0,0.3,0.15,0.02,5,0.15,3.0,0.1,100.0,1.0,15.0,1.0,tanh,synthetic_proxy,0.003910534151866152,0.05708069355777434,0,0.001583164384574823,1.7649664331275066,1.0,0,2.3283064365386963e-10,4.547473508864641e-13,0.3784210526315789,0.6520833333333333,-0.04772675988879238,P2_high_noise
10,False,120,40,1000000,0.25,200000,0.02,0.25,0.03,4.0,1.0,0.002,0.0005,0.05,40,-0.08,0.0,0.3,0.15,0.02,5,0.15,3.0,0.1,100.0,1.0,15.0,1.0,tanh,synthetic_proxy,0.003337487548296547,0.04880589086935627,0,0.0008456455159052105,1.7296705845856237,1.0,0,2.3283064365386963e-10,2.2737367544323206e-13,0.34991228070175434,0.6433333333333333,-0.04522180459444758,P2_high_noise
10,True,120,40,1000000,0.25,200000,0.02,0.25,0.03,4.0,1.0,0.002,0.0005,0.05,40,-0.08,0.0,0.3,0.15,0.02,5,0.15,3.0,0.1,100.0,1.0,15.0,1.0,tanh,synthetic_proxy,0.016452410713695853,0.11913481431485273,1,0.0016714925858685309,1.7838010417137402,1.0,0,3.4924596548080444e-10,9.094947017729282e-13,0.4339035087719298,0.6870833333333334,-0.11581572645281313,P2_high_noise
11,False,120,40,1000000,0.25,200000,0.02,0.25,0.03,4.0,1.0,0.002,0.0005,0.05,40,-0.08,0.0,0.3,0.15,0.02,5,0.15,3.0,0.1,100.0,1.0,15.0,1.0,tanh,synthetic_proxy,-0.0006385511125448495,0.010623682990284156,0,0.0008118926702695507,1.6894597588521634,1.0,0,3.4924596548080444e-10,8.526512829121202e-14,0.33793859649122804,0.6133333333333333,0.005559100647807957,P2_high_noise
11,True,120,40,1000000,0.25,200000,0.02,0.25,0.03,4.0,1.0,0.002,0.0005,0.05,40,-0.08,0.0,0.3,0.15,0.02,5,0.15,3.0,0.1,100.0,1.0,15.0,1.0,tanh,synthetic_proxy,0.007516418232691002,0.07275633751363197,0,0.0014765957724316547,1.7212259167892339,1.0,0,3.4924596548080444e-10,4.547473508864641e-13,0.390219298245614,0.6354166666666666,-0.06845389750957509,P2_high_noise
12,False,120,40,1000000,0.25,200000,0.02,0.25,0.03,4.0,1.0,0.002,0.0005,0.05,40,-0.08,0.0,0.3,0.15,0.02,5,0.15,3.0,0.1,100.0,1.0,15.0,1.0,tanh,synthetic_proxy,-0.0005764951310895938,0.010484811158556151,0,0.0008510226884096854,1.7049557487580962,1.0,0,3.4924596548080444e-10,1.4210854715202004e-13,0.3416666666666667,0.6254166666666666,0.011930012608526441,P2_high_noise
12,True,120,40,1000000,0.25,200000,0.02,0.25,0.03,4.0,1.0,0.002,0.0005,0.05,40,-0.08,0.0,0.3,0.15,0.02,5,0.15,3.0,0.1,100.0,1.0,15.0,1.0,tanh,synthetic_proxy,0.006160824724164016,0.06485038630541262,0,0.0015278912350198837,1.7383815429752334,1.0,0,2.3283064365386963e-10,4.547473508864641e-13,0.37719298245614036,0.64875,-0.06296318414573454,P2_high_noise
13,False,120,40,1000000,0.25,200000,0.02,0.25,0.03,4.0,1.0,0.002,0.0005,0.05,40,-0.08,0.0,0.3,0.15,0.02,5,0.15,3.0,0.1,100.0,1.0,15.0,1.0,tanh,synthetic_proxy,7.412581602528334e-05,0.021700578068965415,0,0.0008145097158439863,1.7099026833945112,1.0,0,2.3283064365386963e-10,1.7053025658242404e-13,0.3333333333333333,0.63875,-0.021079919457276608,P2_high_noise
13,True,120,40,1000000,0.25,200000,0.02,0.25,0.03,4.0,1.0,0.002,0.0005,0.05,40,-0.08,0.0,0.3,0.15,0.02,5,0.15,3.0,0.1,100.0,1.0,15.0,1.0,tanh,synthetic_proxy,0.011003678425230534,0.09380434922092973,0,0.001597434039418232,1.7430802517731288,1.0,0,3.4924596548080444e-10,4.547473508864641e-13,0.38162280701754386,0.6691666666666668,-0.09322943511802573,P2_high_noise
14,False,120,40,1000000,0.25,200000,0.02,0.25,0.03,4.0,1.0,0.002,0.0005,0.05,40,-0.08,0.0,0.3,0.15,0.02,5,0.15,3.0,0.1,100.0,1.0,15.0,1.0,tanh,synthetic_proxy,-0.00033189962394597483,0.012795403724088716,0,0.0008487152597414345,1.6953141374485334,1.0,0,2.3283064365386963e-10,8.526512829121202e-14,0.3400877192982456,0.615,-0.0020774894019598422,P2_high_noise
14,True,120,40,1000000,0.25,200000,0.02,0.25,0.03,4.0,1.0,0.002,0.0005,0.05,40,-0.08,0.0,0.3,0.15,0.02,5,0.15,3.0,0.1,100.0,1.0,15.0,1.0,tanh,synthetic_proxy,0.007861481787503566,0.07976950866334886,0,0.0015967373310321886,1.7360117249937799,1.0,0,3.4924596548080444e-10,4.547473508864641e-13,0.3871929824561403,0.6495833333333333,-0.07567364238534002,P2_high_noise
15,False,120,40,1000000,0.25,200000,0.02,0.25,0.03,4.0,1.0,0.002,0.0005,0.05,40,-0.08,0.0,0.3,0.15,0.02,5,0.15,3.0,0.1,100.0,1.0,15.0,1.0,tanh,synthetic_proxy,-0.00040737552467340343,0.018678092381527844,0,0.0008834796127498072,1.7127411001894688,1.0,0,3.4924596548080444e-10,5.684341886080802e-14,0.34043859649122804,0.6104166666666667,-0.008753669260029073,P2_high_noise
15,True,120,40,1000000,0.25,200000,0.02,0.25,0.03,4.0,1.0,0.002,0.0005,0.05,40,-0.08,0.0,0.3,0.15,0.02,5,0.15,3.0,0.1,100.0,1.0,15.0,1.0,tanh,synthetic_proxy,0.00714826934987256,0.08563004973237753,0,0.001661319819545858,1.753133123581302,1.0,0,3.4924596548080444e-10,5.684341886080801e-13,0.3837280701754386,0.6495833333333333,-0.08209041342470524,P2_high_noise
16,False,120,40,1000000,0.25,200000,0.02,0.25,0.03,4.0,1.0,0.002,0.0005,0.05,40,-0.08,0.0,0.3,0.15,0.02,5,0.15,3.0,0.1,100.0,1.0,15.0,1.0,tanh,synthetic_proxy,-0.00041937108721568084,0.012155129970246037,0,0.0009193009190376049,1.721332783128716,1.0,0,2.3283064365386963e-10,8.526512829121202e-14,0.3428070175438596,0.6233333333333334,0.00889259866743819,P2_high_noise
16,True,120,40,1000000,0.25,200000,0.02,0.25,0.03,4.0,1.0,0.002,0.0005,0.05,40,-0.08,0.0,0.3,0.15,0.02,5,0.15,3.0,0.1,100.0,1.0,15.0,1.0,tanh,synthetic_proxy,0.004971894577356251,0.06849968882026891,0,0.001575932023242003,1.7593978921904019,1.0,0,2.3283064365386963e-10,2.2737367544323206e-13,0.3851315789473684,0.6583333333333333,-0.06540284239241545,P2_high_noise
17,False,120,40,1000000,0.25,200000,0.02,0.25,0.03,4.0,1.0,0.002,0.0005,0.05,40,-0.08,0.0,0.3,0.15,0.02,5,0.15,3.0,0.1,100.0,1.0,15.0,1.0,tanh,synthetic_proxy,0.00033739956384870595,0.0183191404744093,0,0.0009445169136195279,1.6980144218781204,1.0,0,3.4924596548080444e-10,1.1368683772161603e-13,0.3466666666666666,0.6195833333333333,-0.00039885869829847653,P2_high_noise
17,True,120,40,1000000,0.25,200000,0.02,0.25,0.03,4.0,1.0,0.002,0.0005,0.05,40,-0.08,0.0,0.3,0.15,0.02,5,0.15,3.0,0.1,100.0,1.0,15.0,1.0,tanh,synthetic_proxy,0.010113841001723634,0.07651400552154808,0,0.0016410546624672495,1.7284083136732593,1.0,0,2.3283064365386963e-10,3.410605131648481e-13,0.39508771929824554,0.6587500000000001,-0.07429507087479703,P2_high_noise
18,False,120,40,1000000,0.25,200000,0.02,0.25,0.03,4.0,1.0,0.002,0.0005,0.05,40,-0.08,0.0,0.3,0.15,0.02,5,0.15,3.0,0.1,100.0,1.0,15.0,1.0,tanh,synthetic_proxy,-0.0004913365248342405,0.00642921862235013,0,0.0008666463957470996,1.7239002386550688,1.0,0,2.3283064365386963e-10,7.105427357601002e-14,0.3365350877192983,0.6120833333333333,-0.0036511749151588724,P2_high_noise
18,True,120,40,1000000,0.25,200000,0.02,0.25,0.03,4.0,1.0,0.002,0.0005,0.05,40,-0.08,0.0,0.3,0.15,0.02,5,0.15,3.0,0.1,100.0,1.0,15.0,1.0,tanh,synthetic_proxy,0.0067943955322253835,0.07841648750132335,0,0.0017022494258806527,1.7661624566138765,1.0,0,4.656612873077393e-10,3.410605131648481e-13,0.38302631578947366,0.64875,-0.07685238208813805,P2_high_noise
19,False,120,40,1000000,0.25,200000,0.02,0.25,0.03,4.0,1.0,0.002,0.0005,0.05,40,-0.08,0.0,0.3,0.15,0.02,5,0.15,3.0,0.1,100.0,1.0,15.0,1.0,tanh,synthetic_proxy,-0.0006321251943784967,0.01768433767165789,0,0.0008775547524433719,1.7215653944344194,1.0,0,2.3283064365386963e-10,8.526512829121202e-14,0.34105263157894733,0.6083333333333333,-0.008962622026158495,P2_high_noise
19,True,120,40,1000000,0.25,200000,0.02,0.25,0.03,4.0,1.0,0.002,0.0005,0.05,40,-0.08,0.0,0.3,0.15,0.02,5,0.15,3.0,0.1,100.0,1.0,15.0,1.0,tanh,synthetic_proxy,0.006062637556933259,0.08792376237254551,0,0.0015980505639158484,1.7612459904805604,1.0,0,3.4924596548080444e-10,4.547473508864641e-13,0.3894298245614035,0.6429166666666666,-0.08184314723573427,P2_high_noise
0,False,120,40,1000000,0.25,200000,0.02,0.25,0.03,4.0,1.0,0.002,0.0005,0.05,40,-0.08,0.9,0.3,0.15,0.02,5,0.15,3.0,0.1,100.0,1.0,15.0,1.0,tanh,synthetic_proxy,-0.0010209399342717695,0.008848447353170696,0,0.0010952650570458253,1.7637859034295682,1.0,0,2.3283064365386963e-10,7.105427357601002e-14,0.7831140350877193,0.68375,0.00787012356095107,P2_high_noise
0,True,120,40,1000000,0.25,200000,0.02,0.25,0.03,4.0,1.0,0.002,0.0005,0.05,40,-0.08,0.9,0.3,0.15,0.02,5,0.15,3.0,0.1,100.0,1.0,15.0,1.0,tanh,synthetic_proxy,0.006330564242429615,0.07374103689026978,0,0.0017523762202763468,1.7848647965233047,1.0,0,3.4924596548080444e-10,9.094947017729282e-13,0.7939473684210527,0.6991666666666667,-0.06666142967777366,P2_high_noise
1,False,120,40,1000000,0.25,200000,0.02,0.25,0.03,4.0,1.0,0.002,0.0005,0.05,40,-0.08,0.9,0.3,0.15,0.02,5,0.15,3.0,0.1,100.0,1.0,15.0,1.0,tanh,synthetic_proxy,-0.000765156341674067,0.019721570841526148,0,0.0009429493822978625,1.71819648723801,1.0,0,2.3283064365386963e-10,8.526512829121202e-14,0.7421491228070175,0.6145833333333334,-0.01647414250766177,P2_high_noise
1,True,120,40,1000000,0.25,200000,0.02,0.25,0.03,4.0,1.0,0.002,0.0005,0.05,40,-0.08,0.9,0.3,0.15,0.02,5,0.15,3.0,0.1,100.0,1.0,15.0,1.0,tanh,synthetic_proxy,0.005142153573846953,0.08997886970828384,0,0.001685940025319071,1.7775921026950643,1.0,0,3.4924596548080444e-10,6.821210263296962e-13,0.7799561403508773,0.6645833333333333,-0.08950834150417786,P2_high_noise
2,False,120,40,1000000,0.25,200000,0.02,0.25,0.03,4.0,1.0,0.002,0.0005,0.05,40,-0.08,0.9,0.3,0.15,0.02,5,0.15,3.0,0.1,100.0,1.0,15.0,1.0,tanh,synthetic_proxy,0.0011387200809995779,0.005701937986453687,0,0.0010159494565889287,1.718642705364774,1.0,0,2.3283064365386963e-10,3.410605131648481e-13,0.7676315789473684,0.6395833333333333,0.02950557593621106,P2_high_noise
2,True,120,40,1000000,0.25,200000,0.02,0.25,0.03,4.0,1.0,0.002,0.0005,0.05,40,-0.08,0.9,0.3,0.15,0.02,5,0.15,3.0,0.1,100.0,1.0,15.0,1.0,tanh,synthetic_proxy,0.0026188664185400334,0.053821141444161946,0,0.0014847276678466978,1.7456014451048762,1.0,0,2.3283064365386963e-10,1.1368683772161603e-13,0.7698245614035087,0.64625,-0.04618745154166404,P2_high_noise
3,False,120,40,1000000,0.25,200000,0.02,0.25,0.03,4.0,1.0,0.002,0.0005,0.05,40,-0.08,0.9,0.3,0.15,0.02,5,0.15,3.0,0.1,100.0,1.0,15.0,1.0,tanh,synthetic_proxy,0.00014138039108746447,0.014704571049385717,0,0.000954201344888896,1.7054113239678546,1.0,0,3.4924596548080444e-10,1.7053025658242404e-13,0.7139912280701755,0.60625,-0.01279592733240964,P2_high_noise
3,True,120,40,1000000,0.25,200000,0.02,0.25,0.03,4.0,1.0,0.002,0.0005,0.05,40,-0.08,0.9,0.3,0.15,0.02,5,0.15,3.0,0.1,100.0,1.0,15.0,1.0,tanh,synthetic_proxy,0.011794703768616577,0.08495023005832758,0,0.0014867941338602205,1.736244641508204,1.0,0,3.4924596548080444e-10,4.547473508864641e-13,0.7489912280701755,0.6095833333333333,-0.08495023005832758,P2_high_noise
4,False,120,40,1000000,0.25,200000,0.02,0.25,0.03,4.0,1.0,0.002,0.0005,0.05,40,-0.08,0.9,0.3,0.15,0.02,5,0.15,3.0,0.1,100.0,1.0,15.0,1.0,tanh,synthetic_proxy,-0.001127701465871156,0.015860818445410985,0,0.0010675322675718017,1.697846156363375,1.0,0,3.4924596548080444e-10,1.1368683772161603e-13,0.7494736842105264,0.6029166666666668,0.015400135978581808,P2_high_noise
4,True,120,40,1000000,0.25,200000,0.02,0.25,0.03,4.0,1.0,0.002,0.0005,0.05,40,-0.08,0.9,0.3,0.15,0.02,5,0.15,3.0,0.1,100.0,1.0,15.0,1.0,tanh,synthetic_proxy,0.000941447189637179,0.08012828310103415,0,0.0018335374864742692,1.7474891449971484,1.0,0,3.4924596548080444e-10,2.2737367544323206e-13,0.7854385964912283,0.6420833333333333,-0.05951637625773354,P2_high_noise
5,False,120,40,1000000,0.25,200000,0.02,0.25,0.03,4.0,1.0,0.002,0.0005,0.05,40,-0.08,0.9,0.3,0.15,0.02,5,0.15,3.0,0.1,100.0,1.0,15.0,1.0,tanh,synthetic_proxy,0.0006873530377522474,0.028435800842113723,0,0.0010676336019013605,1.718995895582675,1.0,0,2.3283064365386963e-10,2.2737367544323206e-13,0.7585964912280703,0.6345833333333334,-0.02399104484000336,P2_high_noise
5,True,120,40,1000000,0.25,200000,0.02,0.25,0.03,4.0,1.0,0.002,0.0005,0.05,40,-0.08,0.9,0.3,0.15,0.02,5,0.15,3.0,0.1,100.0,1.0,15.0,1.0,tanh,synthetic_proxy,0.011984168725446498,0.09960128625651021,0,0.0017063067959093006,1.7719666378026124,1.0,0,2.3283064365386963e-10,3.410605131648481e-13,0.7835526315789475,0.6775,-0.09621609658498576,P2_high_noise
6,False,120,40,1000000,0.25,200000,0.02,0.25,0.03,4.0,1.0,0.002,0.0005,0.05,40,-0.08,0.9,0.3,0.15,0.02,5,0.15,3.0,0.1,100.0,1.0,15.0,1.0,tanh,synthetic_proxy,-0.0012802213824173458,0.021572016927695947,0,0.001065797841936868,1.7206943801510861,1.0,0,2.3283064365386963e-10,1.9895196601282805e-13,0.7504824561403509,0.6275000000000001,-0.010467940348642069,P2_high_noise
6,True,120,40,1000000,0.25,200000,0.02,0.25,0.03,4.0,1.0,0.002,0.0005,0.05,40,-0.08,0.9,0.3,0.15,0.02,5,0.15,3.0,0.1,100.0,1.0,15.0,1.0,tanh,synthetic_proxy,0.001292654598174403,0.09106889892359171,0,0.0017677268665858726,1.7775616991937278,1.0,0,2.3283064365386963e-10,6.821210263296962e-13,0.7788596491228071,0.6633333333333333,-0.0825735974262527,P2_high_noise
7,False,120,40,1000000,0.25,200000,0.02,0.25,0.03,4.0,1.0,0.002,0.0005,0.05,40,-0.08,0.9,0.3,0.15,0.02,5,0.15,3.0,0.1,100.0,1.0,15.0,1.0,tanh,synthetic_proxy,6.41861797809895e-05,0.0068550866985803705,0,0.001082073131484968,1.7230935548497206,1.0,0,2.3283064365386963e-10,1.7053025658242404e-13,0.7556578947368422,0.6108333333333333,0.027088464232802423,P2_high_noise
7,True,120,40,1000000,0.25,200000,0.02,0.25,0.03,4.0,1.0,0.002,0.0005,0.05,40,-0.08,0.9,0.3,0.15,0.02,5,0.15,3.0,0.1,100.0,1.0,15.0,1.0,tanh,synthetic_proxy,0.004115404461503269,0.06901820525572178,0,0.0017986355396476387,1.780491289084672,1.0,0,3.4924596548080444e-10,4.547473508864641e-13,0.7766228070175438,0.6633333333333334,-0.04898817261120625,P2_high_noise
8,False,120,40,1000000,0.25,200000,0.02,0.25,0.03,4.0,1.0,0.002,0.0005,0.05,40,-0.08,0.9,0.3,0.15,0.02,5,0.15,3.0,0.1,100.0,1.0,15.0,1.0,tanh,synthetic_proxy,-0.00022982939971005756,0.02767545639875424,0,0.0010774491255631734,1.7190648447864307,1.0,0,2.3283064365386963e-10,1.7053025658242404e-13,0.7928508771929825,0.6287499999999999,-0.01581187068172829,P2_high_noise
8,True,120,40,1000000,0.25,200000,0.02,0.25,0.03,4.0,1.0,0.002,0.0005,0.05,40,-0.08,0.9,0.3,0.15,0.02,5,0.15,3.0,0.1,100.0,1.0,15.0,1.0,tanh,synthetic_proxy,0.0037216538501811947,0.09820319503818753,0,0.0017794327537893509,1.7741510692729718,1.0,0,3.4924596548080444e-10,6.821210263296962e-13,0.7889035087719299,0.6679166666666667,-0.08830866126415049,P2_high_noise
9,False,120,40,1000000,0.25,200000,0.02,0.25,0.03,4.0,1.0,0.002,0.0005,0.05,40,-0.08,0.9,0.3,0.15,0.02,5,0.15,3.0,0.1,100.0,1.0,15.0,1.0,tanh,synthetic_proxy,-0.0014961985391139798,0.00829823700313792,0,0.0009318677735593022,1.6835577408906544,1.0,0,3.4924596548080444e-10,1.4210854715202004e-13,0.7176754385964912,0.5575,0.028866295144560405,P2_high_noise
9,True,120,40,1000000,0.25,200000,0.02,0.25,0.03,4.0,1.0,0.002,0.0005,0.05,40,-0.08,0.9,0.3,0.15,0.02,5,0.15,3.0,0.1,100.0,1.0,15.0,1.0,tanh,synthetic_proxy,0.007043068598179714,0.05711563857917368,0,0.0016012470180828949,1.7191771541700127,1.0,0,3.4924596548080444e-10,2.2737367544323206e-13,0.7260087719298246,0.5870833333333335,-0.047377077814672375,P2_high_noise
10,False,120,40,1000000,0.25,200000,0.02,0.25,0.03,4.0,1.0,0.002,0.0005,0.05,40,-0.08,0.9,0.3,0.15,0.02,5,0.15,3.0,0.1,100.0,1.0,15.0,1.0,tanh,synthetic_proxy,0.0035710779529578573,0.049375345375924695,0,0.0009743942309354668,1.7076341106602602,1.0,0,2.3283064365386963e-10,4.547473508864641e-13,0.7235526315789473,0.5929166666666666,-0.045721405730800746,P2_high_noise
10,True,120,40,1000000,0.25,200000,0.02,0.25,0.03,4.0,1.0,0.002,0.0005,0.05,40,-0.08,0.9,0.3,0.15,0.02,5,0.15,3.0,0.1,100.0,1.0,15.0,1.0,tanh,synthetic_proxy,0.017603203437587922,0.11938834738325932,1,0.001709167919137335,1.7747776868509757,1.0,0,4.656612873077393e-10,2.2737367544323206e-13,0.7551315789473684,0.6591666666666666,-0.1160777575592139,P2_high_noise
11,False,120,40,1000000,0.25,200000,0.02,0.25,0.03,4.0,1.0,0.002,0.0005,0.05,40,-0.08,0.9,0.3,0.15,0.02,5,0.15,3.0,0.1,100.0,1.0,15.0,1.0,tanh,synthetic_proxy,-0.00033247094549848644,0.011504681491262714,0,0.0009822484739426046,1.7009868430688264,1.0,0,2.3283064365386963e-10,5.684341886080802e-14,0.7502192982456141,0.6204166666666667,0.0063266669815660315,P2_high_noise
11,True,120,40,1000000,0.25,200000,0.02,0.25,0.03,4.0,1.0,0.002,0.0005,0.05,40,-0.08,0.9,0.3,0.15,0.02,5,0.15,3.0,0.1,100.0,1.0,15.0,1.0,tanh,synthetic_proxy,0.004265836495880082,0.07471781431918767,0,0.001562092110503844,1.7531028278867622,1.0,0,3.4924596548080444e-10,2.2737367544323206e-13,0.7616228070175438,0.67,-0.06791593830566411,P2_high_noise
12,False,120,40,1000000,0.25,200000,0.02,0.25,0.03,4.0,1.0,0.002,0.0005,0.05,40,-0.08,0.9,0.3,0.15,0.02,5,0.15,3.0,0.1,100.0,1.0,15.0,1.0,tanh,synthetic_proxy,-0.0005624202721106197,0.010508830714963446,0,0.0010057056202139448,1.7206931204751634,1.0,0,3.4924596548080444e-10,1.4210854715202004e-13,0.7539912280701754,0.63875,0.010499137339345266,P2_high_noise
12,True,120,40,1000000,0.25,200000,0.02,0.25,0.03,4.0,1.0,0.002,0.0005,0.05,40,-0.08,0.9,0.3,0.15,0.02,5,0.15,3.0,0.1,100.0,1.0,15.0,1.0,tanh,synthetic_proxy,0.004641032960288838,0.06556856106833242,0,0.0016334520859367535,1.7379533364724007,1.0,0,2.3283064365386963e-10,2.2737367544323206e-13,0.7769298245614036,0.6308333333333332,-0.0638012800252784,P2_high_noise
13,False,120,40,1000000,0.25,200000,0.02,0.25,0.03,4.0,1.0,0.002,0.0005,0.05,40,-0.08,0.9,0.3,0.15,0.02,5,0.15,3.0,0.1,100.0,1.0,15.0,1.0,tanh,synthetic_proxy,0.0009741901263822239,0.020520026704348493,0,0.0009738073199658307,1.6834502203138642,1.0,0,2.3283064365386963e-10,2.2737367544323206e-13,0.7579824561403509,0.60375,-0.019531016968404202,P2_high_noise
13,True,120,40,1000000,0.25,200000,0.02,0.25,0.03,4.0,1.0,0.002,0.0005,0.05,40,-0.08,0.9,0.3,0.15,0.02,5,0.15,3.0,0.1,100.0,1.0,15.0,1.0,tanh,synthetic_proxy,0.014069669039844968,0.09271126959059572,0,0.001685683837408786,1.7292521676957138,1.0,0,2.3283064365386963e-10,3.410605131648481e-13,0.7805701754385964,0.62875,-0.09179515347576772,P2_high_noise
14,False,120,40,1000000,0.25,200000,0.02,0.25,0.03,4.0,1.0,0.002,0.0005,0.05,40,-0.08,0.9,0.3,0.15,0.02,5,0.15,3.0,0.1,100.0,1.0,15.0,1.0,tanh,synthetic_proxy,-0.0009632783583093385,0.013839596862882164,0,0.0010418186611892797,1.7096780178811122,1.0,0,2.3283064365386963e-10,9.947598300641403e-14,0.7516228070175438,0.6304166666666666,-0.005870152112639637,P2_high_noise
14,True,120,40,1000000,0.25,200000,0.02,0.25,0.03,4.0,1.0,0.002,0.0005,0.05,40,-0.08,0.9,0.3,0.15,0.02,5,0.15,3.0,0.1,100.0,1.0,15.0,1.0,tanh,synthetic_proxy,0.006249981956427453,0.08116494172101096,0,0.0016994155292872036,1.770327722833705,1.0,0,2.3283064365386963e-10,4.547473508864641e-13,0.7939912280701755,0.69875,-0.07851719509935517,P2_high_noise
15,False,120,40,1000000,0.25,200000,0.02,0.25,0.03,4.0,1.0,0.002,0.0005,0.05,40,-0.08,0.9,0.3,0.15,0.02,5,0.15,3.0,0.1,100.0,1.0,15.0,1.0,tanh,synthetic_proxy,0.00023155161323451523,0.018209154968792385,0,0.0010187371203001893,1.7123109099133296,1.0,0,2.3283064365386963e-10,1.9895196601282805e-13,0.7489473684210527,0.6199999999999999,-0.008229134469612487,P2_high_noise
15,True,120,40,1000000,0.25,200000,0.02,0.25,0.03,4.0,1.0,0.002,0.0005,0.05,40,-0.08,0.9,0.3,0.15,0.02,5,0.15,3.0,0.1,100.0,1.0,15.0,1.0,tanh,synthetic_proxy,0.013792366872537487,0.08671646718908799,0,0.0017438770063294593,1.7672024973754188,1.0,0,3.4924596548080444e-10,6.821210263296962e-13,0.7621491228070174,0.6633333333333333,-0.08165393871263404,P2_high_noise
16,False,120,40,1000000,0.25,200000,0.02,0.25,0.03,4.0,1.0,0.002,0.0005,0.05,40,-0.08,0.9,0.3,0.15,0.02,5,0.15,3.0,0.1,100.0,1.0,15.0,1.0,tanh,synthetic_proxy,-0.0013858244778622852,0.012843059947007851,0,0.0010652966233229487,1.6937930745523848,1.0,0,2.3283064365386963e-10,5.684341886080802e-14,0.7519298245614036,0.5816666666666666,0.009296043454697589,P2_high_noise
16,True,120,40,1000000,0.25,200000,0.02,0.25,0.03,4.0,1.0,0.002,0.0005,0.05,40,-0.08,0.9,0.3,0.15,0.02,5,0.15,3.0,0.1,100.0,1.0,15.0,1.0,tanh,synthetic_proxy,0.007471994133262605,0.06912037086128042,0,0.001637432287082687,1.7459972347791108,1.0,0,3.4924596548080444e-10,2.2737367544323206e-13,0.7500877192982457,0.63625,-0.06553013321929979,P2_high_noise
17,False,120,40,1000000,0.25,200000,0.02,0.25,0.03,4.0,1.0,0.002,0.0005,0.05,40,-0.08,0.9,0.3,0.15,0.02,5,0.15,3.0,0.1,100.0,1.0,15.0,1.0,tanh,synthetic_proxy,-0.0007852231260703224,0.01945839032419372,0,0.0011039936976603654,1.742404840342273,1.0,0,2.3283064365386963e-10,4.547473508864641e-13,0.7775438596491229,0.6954166666666667,0.0007814615170693706,P2_high_noise
17,True,120,40,1000000,0.25,200000,0.02,0.25,0.03,4.0,1.0,0.002,0.0005,0.05,40,-0.08,0.9,0.3,0.15,0.02,5,0.15,3.0,0.1,100.0,1.0,15.0,1.0,tanh,synthetic_proxy,0.011145581999200349,0.07778173962779511,0,0.0017500579118299793,1.7691861045391062,1.0,0,2.3283064365386963e-10,7.958078640513122e-13,0.7840350877192982,0.7070833333333333,-0.07379451143841553,P2_high_noise
18,False,120,40,1000000,0.25,200000,0.02,0.25,0.03,4.0,1.0,0.002,0.0005,0.05,40,-0.08,0.9,0.3,0.15,0.02,5,0.15,3.0,0.1,100.0,1.0,15.0,1.0,tanh,synthetic_proxy,-0.000578901551274269,0.007641120900340637,0,0.0010450430807293003,1.710072949144563,1.0,0,2.3283064365386963e-10,2.2737367544323206e-13,0.7321929824561404,0.6004166666666666,-0.0027174829320333327,P2_high_noise
18,True,120,40,1000000,0.25,200000,0.02,0.25,0.03,4.0,1.0,0.002,0.0005,0.05,40,-0.08,0.9,0.3,0.15,0.02,5,0.15,3.0,0.1,100.0,1.0,15.0,1.0,tanh,synthetic_proxy,0.010629129526757986,0.07659612406749172,0,0.0017999309210240497,1.7725239939250046,1.0,0,3.4924596548080444e-10,6.821210263296962e-13,0.7790350877192983,0.6658333333333333,-0.07598644549230171,P2_high_noise
19,False,120,40,1000000,0.25,200000,0.02,0.25,0.03,4.0,1.0,0.002,0.0005,0.05,40,-0.08,0.9,0.3,0.15,0.02,5,0.15,3.0,0.1,100.0,1.0,15.0,1.0,tanh,synthetic_proxy,-0.0007122484211602442,0.0212108576887291,0,0.0010318755202677907,1.759826880143559,1.0,0,2.3283064365386963e-10,1.1368683772161603e-13,0.7729824561403509,0.6829166666666667,-0.011413689250765913,P2_high_noise
19,True,120,40,1000000,0.25,200000,0.02,0.25,0.03,4.0,1.0,0.002,0.0005,0.05,40,-0.08,0.9,0.3,0.15,0.02,5,0.15,3.0,0.1,100.0,1.0,15.0,1.0,tanh,synthetic_proxy,0.0013964985244696582,0.0901955568234254,0,0.0017155934930672653,1.8124416837523445,1.0,0,2.3283064365386963e-10,6.821210263296962e-13,0.8069298245614035,0.7320833333333333,-0.08298393701810014,P2_high_noise
0,False,120,40,1000000,0.75,200000,0.02,0.25,0.03,4.0,1.0,0.002,0.0005,0.05,40,-0.08,0.0,0.3,0.15,0.02,5,0.15,3.0,0.1,100.0,1.0,15.0,1.0,tanh,synthetic_proxy,-0.0002780272889600921,0.009871855392778128,0,0.0007477620556955995,1.5618671447682395,1.0,0,2.3283064365386963e-10,1.1368683772161603e-13,0.34114035087719297,0.6245833333333333,0.007277611691447916,P2_high_noise
0,True,120,40,1000000,0.75,200000,0.02,0.25,0.03,4.0,1.0,0.002,0.0005,0.05,40,-0.08,0.0,0.3,0.15,0.02,5,0.15,3.0,0.1,100.0,1.0,15.0,1.0,tanh,synthetic_proxy,0.00481340436172828,0.07601461953856836,0,0.0016415634428224091,1.605221686655004,1.0,0,2.3283064365386963e-10,9.094947017729282e-13,0.38460526315789473,0.6629166666666666,-0.06659694976084918,P2_high_noise
1,False,120,40,1000000,0.75,200000,0.02,0.25,0.03,4.0,1.0,0.002,0.0005,0.05,40,-0.08,0.0,0.3,0.15,0.02,5,0.15,3.0,0.1,100.0,1.0,15.0,1.0,tanh,synthetic_proxy,-2.0959602762049556e-05,0.02012502902911173,0,0.0007333749358534642,1.5531877526918865,1.0,0,2.3283064365386963e-10,3.410605131648481e-13,0.33578947368421047,0.6308333333333332,-0.014782699158917723,P2_high_noise
1,True,120,40,1000000,0.75,200000,0.02,0.25,0.03,4.0,1.0,0.002,0.0005,0.05,40,-0.08,0.0,0.3,0.15,0.02,5,0.15,3.0,0.1,100.0,1.0,15.0,1.0,tanh,synthetic_proxy,0.010279152018336069,0.08874764043029992,0,0.0015319766593240454,1.6118995173003445,1.0,0,3.4924596548080444e-10,4.547473508864641e-13,0.3974561403508771,0.6729166666666667,-0.08765860381053858,P2_high_noise
2,False,120,40,1000000,0.75,200000,0.02,0.25,0.03,4.0,1.0,0.002,0.0005,0.05,40,-0.08,0.0,0.3,0.15,0.02,5,0.15,3.0,0.1,100.0,1.0,15.0,1.0,tanh,synthetic_proxy,0.0014905122712942642,0.006556029541737396,0,0.0008589076692620267,1.559693199075374,1.0,0,2.3283064365386963e-10,2.2737367544323206e-13,0.35100877192982455,0.63,0.029678221036002483,P2_high_noise
2,True,120,40,1000000,0.75,200000,0.02,0.25,0.03,4.0,1.0,0.002,0.0005,0.05,40,-0.08,0.0,0.3,0.15,0.02,5,0.15,3.0,0.1,100.0,1.0,15.0,1.0,tanh,synthetic_proxy,0.0011247906625881932,0.05787116548829874,0,0.0013799238048422396,1.5404680785137377,1.0,0,2.3283064365386963e-10,3.410605131648481e-13,0.3678508771929824,0.6229166666666667,-0.04647357643471861,P2_high_noise
3,False,120,40,1000000,0.75,200000,0.02,0.25,0.03,4.0,1.0,0.002,0.0005,0.05,40,-0.08,0.0,0.3,0.15,0.02,5,0.15,3.0,0.1,100.0,1.0,15.0,1.0,tanh,synthetic_proxy,-0.00056420768099541,0.014904149806975187,0,0.0007366800028562232,1.5322391035998906,1.0,0,2.3283064365386963e-10,7.815970093361102e-14,0.3438157894736842,0.61125,-0.010791860115976104,P2_high_noise
3,True,120,40,1000000,0.75,200000,0.02,0.25,0.03,4.0,1.0,0.002,0.0005,0.05,40,-0.08,0.0,0.3,0.15,0.02,5,0.15,3.0,0.1,100.0,1.0,15.0,1.0,tanh,synthetic_proxy,0.006077703611978125,0.08570677117656444,0,0.001464925200049384,1.5594852651638618,1.0,0,3.4924596548080444e-10,5.684341886080801e-13,0.38513157894736844,0.6391666666666668,-0.08432461646654277,P2_high_noise
4,False,120,40,1000000,0.75,200000,0.02,0.25,0.03,4.0,1.0,0.002,0.0005,0.05,40,-0.08,0.0,0.3,0.15,0.02,5,0.15,3.0,0.1,100.0,1.0,15.0,1.0,tanh,synthetic_proxy,-0.00024673334137415015,0.0157654242132792,0,0.0008182651818325605,1.5167760109911153,1.0,0,3.4924596548080444e-10,1.7053025658242404e-13,0.3435964912280702,0.6070833333333333,0.01813429029023661,P2_high_noise
4,True,120,40,1000000,0.75,200000,0.02,0.25,0.03,4.0,1.0,0.002,0.0005,0.05,40,-0.08,0.0,0.3,0.15,0.02,5,0.15,3.0,0.1,100.0,1.0,15.0,1.0,tanh,synthetic_proxy,0.004531003734960182,0.08098645097110468,0,0.0017428319045520468,1.5827985688143722,1.0,0,3.4924596548080444e-10,1.1368683772161603e-12,0.3975438596491228,0.6533333333333332,-0.05800683539133911,P2_high_noise
5,False,120,40,1000000,0.75,200000,0.02,0.25,0.03,4.0,1.0,0.002,0.0005,0.05,40,-0.08,0.0,0.3,0.15,0.02,5,0.15,3.0,0.1,100.0,1.0,15.0,1.0,tanh,synthetic_proxy,0.0006629847456769422,0.02923008558752105,0,0.000761248587176243,1.5297557996932536,1.0,0,2.3283064365386963e-10,2.8421709430404007e-13,0.34017543859649124,0.6233333333333333,-0.02588303011991644,P2_high_noise
5,True,120,40,1000000,0.75,200000,0.02,0.25,0.03,4.0,1.0,0.002,0.0005,0.05,40,-0.08,0.0,0.3,0.15,0.02,5,0.15,3.0,0.1,100.0,1.0,15.0,1.0,tanh,synthetic_proxy,0.011532480293520386,0.09986300577018736,0,0.0014588926151454678,1.5889662680208878,1.0,0,2.3283064365386963e-10,4.547473508864641e-13,0.39478070175438595,0.6575000000000001,-0.09726186207898879,P2_high_noise
6,False,120,40,1000000,0.75,200000,0.02,0.25,0.03,4.0,1.0,0.002,0.0005,0.05,40,-0.08,0.0,0.3,0.15,0.02,5,0.15,3.0,0.1,100.0,1.0,15.0,1.0,tanh,synthetic_proxy,-0.0002280712029395504,0.019156960373960752,0,0.0008228270919084547,1.5808796764858608,1.0,0,3.4924596548080444e-10,1.1368683772161603e-13,0.3371052631578947,0.6445833333333333,-0.011087934034969993,P2_high_noise
6,True,120,40,1000000,0.75,200000,0.02,0.25,0.03,4.0,1.0,0.002,0.0005,0.05,40,-0.08,0.0,0.3,0.15,0.02,5,0.15,3.0,0.1,100.0,1.0,15.0,1.0,tanh,synthetic_proxy,0.008186464884782918,0.09089549516997997,0,0.0016476516235486268,1.6487742437322606,1.0,0,3.4924596548080444e-10,1.1368683772161603e-12,0.39627192982456133,0.6891666666666668,-0.08348852985980515,P2_high_noise
7,False,120,40,1000000,0.75,200000,0.02,0.25,0.03,4.0,1.0,0.002,0.0005,0.05,40,-0.08,0.0,0.3,0.15,0.02,5,0.15,3.0,0.1,100.0,1.0,15.0,1.0,tanh,synthetic_proxy,0.0009572785417022445,0.00724484728301833,0,0.0008507752269162065,1.5471073837652125,1.0,0,3.4924596548080444e-10,3.410605131648481e-13,0.3455263157894736,0.6174999999999999,0.026339941680353363,P2_high_noise
7,True,120,40,1000000,0.75,200000,0.02,0.25,0.03,4.0,1.0,0.002,0.0005,0.05,40,-0.08,0.0,0.3,0.15,0.02,5,0.15,3.0,0.1,100.0,1.0,15.0,1.0,tanh,synthetic_proxy,0.0013706712445933356,0.07443868652196484,0,0.0017366436983530576,1.57294501407302,1.0,0,2.3283064365386963e-10,3.410605131648481e-13,0.38,0.6391666666666667,-0.04929342856399899,P2_high_noise
8,False,120,40,1000000,0.75,200000,0.02,0.25,0.03,4.0,1.0,0.002,0.0005,0.05,40,-0.08,0.0,0.3,0.15,0.02,5,0.15,3.0,0.1,100.0,1.0,15.0,1.0,tanh,synthetic_proxy,0.00025539223352644136,0.02758719204771054,0,0.0008253757296950937,1.5131015930459533,1.0,0,3.4924596548080444e-10,1.1368683772161603e-13,0.34741228070175434,0.6083333333333333,-0.016696950996240245,P2_high_noise
8,True,120,40,1000000,0.75,200000,0.02,0.25,0.03,4.0,1.0,0.002,0.0005,0.05,40,-0.08,0.0,0.3,0.15,0.02,5,0.15,3.0,0.1,100.0,1.0,15.0,1.0,tanh,synthetic_proxy,0.009660637085906698,0.0977501038240206,0,0.0016673855087618893,1.579359863871572,1.0,0,2.3283064365386963e-10,6.821210263296962e-13,0.4085964912280702,0.65625,-0.08884088388727374,P2_high_noise
9,False,120,40,1000000,0.75,200000,0.02,0.25,0.03,4.0,1.0,0.002,0.0005,0.05,40,-0.08,0.0,0.3,0.15,0.02,5,0.15,3.0,0.1,100.0,1.0,15.0,1.0,tanh,synthetic_proxy,0.0004857971730312105,0.008925434616926964,0,0.0007507617280413397,1.5717841443781206,1.0,0,2.3283064365386963e-10,1.1368683772161603e-13,0.3370614035087719,0.6383333333333333,0.02949340201730921,P2_high_noise
9,True,120,40,1000000,0.75,200000,0.02,0.25,0.03,4.0,1.0,0.002,0.0005,0.05,40,-0.08,0.0,0.3,0.15,0.02,5,0.15,3.0,0.1,100.0,1.0,15.0,1.0,tanh,synthetic_proxy,0.0035908647570439545,0.0583294255345167,0,0.0014915396261106833,1.5915715675767261,1.0,0,3.4924596548080444e-10,7.958078640513122e-13,0.37671052631578944,0.6533333333333334,-0.04706131481990938,P2_high_noise
10,False,120,40,1000000,0.75,200000,0.02,0.25,0.03,4.0,1.0,0.002,0.0005,0.05,40,-0.08,0.0,0.3,0.15,0.02,5,0.15,3.0,0.1,100.0,1.0,15.0,1.0,tanh,synthetic_proxy,0.0030887674078576843,0.04773230507715387,0,0.0007338997725725707,1.5414175840922557,1.0,0,2.3283064365386963e-10,2.2737367544323206e-13,0.34776315789473683,0.6354166666666666,-0.04520984778215209,P2_high_noise
10,True,120,40,1000000,0.75,200000,0.02,0.25,0.03,4.0,1.0,0.002,0.0005,0.05,40,-0.08,0.0,0.3,0.15,0.02,5,0.15,3.0,0.1,100.0,1.0,15.0,1.0,tanh,synthetic_proxy,0.016409701855889747,0.11864084700080701,1,0.0016210134988057026,1.6173270825600283,1.0,0,4.656612873077393e-10,1.1368683772161603e-12,0.42631578947368426,0.6791666666666667,-0.11630621899982296,P2_high_noise
11,False,120,40,1000000,0.75,200000,0.02,0.25,0.03,4.0,1.0,0.002,0.0005,0.05,40,-0.08,0.0,0.3,0.15,0.02,5,0.15,3.0,0.1,100.0,1.0,15.0,1.0,tanh,synthetic_proxy,-0.00046022208050278124,0.012084218943602343,0,0.0007186188093368273,1.527997594616197,1.0,0,2.3283064365386963e-10,1.7053025658242404e-13,0.3378070175438596,0.6154166666666666,0.004063335673668567,P2_high_noise
11,True,120,40,1000000,0.75,200000,0.02,0.25,0.03,4.0,1.0,0.002,0.0005,0.05,40,-0.08,0.0,0.3,0.15,0.02,5,0.15,3.0,0.1,100.0,1.0,15.0,1.0,tanh,synthetic_proxy,0.007223949731060664,0.07267804658315935,0,0.0013701411407143424,1.5310723159325195,1.0,0,3.4924596548080444e-10,2.2737367544323206e-13,0.38706140350877194,0.6358333333333331,-0.06941006065082755,P2_high_noise
12,False,120,40,1000000,0.75,200000,0.02,0.25,0.03,4.0,1.0,0.002,0.0005,0.05,40,-0.08,0.0,0.3,0.15,0.02,5,0.15,3.0,0.1,100.0,1.0,15.0,1.0,tanh,synthetic_proxy,-0.0004215607310444902,0.011632653907945434,0,0.0008172756302755401,1.5404253350984245,1.0,0,2.3283064365386963e-10,2.2737367544323206e-13,0.3407894736842106,0.6216666666666667,0.013223736266412711,P2_high_noise
12,True,120,40,1000000,0.75,200000,0.02,0.25,0.03,4.0,1.0,0.002,0.0005,0.05,40,-0.08,0.0,0.3,0.15,0.02,5,0.15,3.0,0.1,100.0,1.0,15.0,1.0,tanh,synthetic_proxy,0.005879044203987549,0.06429546453246449,0,0.0014269640132652257,1.5561680715129986,1.0,0,2.3283064365386963e-10,7.958078640513122e-13,0.3731140350877193,0.6404166666666666,-0.0621154468171925,P2_high_noise
13,False,120,40,1000000,0.75,200000,0.02,0.25,0.03,4.0,1.0,0.002,0.0005,0.05,40,-0.08,0.0,0.3,0.15,0.02,5,0.15,3.0,0.1,100.0,1.0,15.0,1.0,tanh,synthetic_proxy,4.057830353354497e-05,0.02222277939941608,0,0.0007620518232536638,1.5630577508123111,1.0,0,2.3283064365386963e-10,2.4158453015843406e-13,0.332719298245614,0.6383333333333334,-0.021481003208201344,P2_high_noise
13,True,120,40,1000000,0.75,200000,0.02,0.25,0.03,4.0,1.0,0.002,0.0005,0.05,40,-0.08,0.0,0.3,0.15,0.02,5,0.15,3.0,0.1,100.0,1.0,15.0,1.0,tanh,synthetic_proxy,0.01058172831300519,0.09428967505449559,0,0.0015352705038070506,1.6009808485786174,1.0,0,3.4924596548080444e-10,9.094947017729282e-13,0.3781140350877193,0.6695833333333333,-0.09360257134515648,P2_high_noise
14,False,120,40,1000000,0.75,200000,0.02,0.25,0.03,4.0,1.0,0.002,0.0005,0.05,40,-0.08,0.0,0.3,0.15,0.02,5,0.15,3.0,0.1,100.0,1.0,15.0,1.0,tanh,synthetic_proxy,-0.00031159529681290543,0.012765603332330566,0,0.0007340402373841134,1.532014248472463,1.0,0,2.3283064365386963e-10,2.8421709430404007e-13,0.34004385964912287,0.6141666666666666,-0.0007483249769336675,P2_high_noise
14,True,120,40,1000000,0.75,200000,0.02,0.25,0.03,4.0,1.0,0.002,0.0005,0.05,40,-0.08,0.0,0.3,0.15,0.02,5,0.15,3.0,0.1,100.0,1.0,15.0,1.0,tanh,synthetic_proxy,0.007323842167892725,0.08066791095094905,0,0.0015605112504290608,1.5615584141274401,1.0,0,2.3283064365386963e-10,5.684341886080801e-13,0.386359649122807,0.6445833333333333,-0.07486783784357232,P2_high_noise
15,False,120,40,1000000,0.75,200000,0.02,0.25,0.03,4.0,1.0,0.002,0.0005,0.05,40,-0.08,0.0,0.3,0.15,0.02,5,0.15,3.0,0.1,100.0,1.0,15.0,1.0,tanh,synthetic_proxy,-0.000370596787789057,0.01962375613931855,0,0.0007177051609489955,1.5320019380436964,1.0,0,2.3283064365386963e-10,1.4210854715202004e-13,0.3409649122807018,0.6095833333333333,-0.008266387630861849,P2_high_noise
15,True,120,40,1000000,0.75,200000,0.02,0.25,0.03,4.0,1.0,0.002,0.0005,0.05,40,-0.08,0.0,0.3,0.15,0.02,5,0.15,3.0,0.1,100.0,1.0,15.0,1.0,tanh,synthetic_proxy,0.007257730514929506,0.08716400480899067,0,0.0015718389490657167,1.5705332307687905,1.0,0,3.4924596548080444e-10,6.821210263296962e-13,0.38030701754385965,0.6445833333333333,-0.08234344167621332,P2_high_noise
16,False,120,40,1000000,0.75,200000,0.02,0.25,0.03,4.0,1.0,0.002,0.0005,0.05,40,-0.08,0.0,0.3,0.15,0.02,5,0.15,3.0,0.1,100.0,1.0,15.0,1.0,tanh,synthetic_proxy,-0.00033885386621701485,0.013863712492157232,0,0.0008186222906001975,1.5569048219980735,1.0,0,2.3283064365386963e-10,2.2737367544323206e-13,0.34399122807017546,0.6258333333333334,0.00978692516610713,P2_high_noise
16,True,120,40,1000000,0.75,200000,0.02,0.25,0.03,4.0,1.0,0.002,0.0005,0.05,40,-0.08,0.0,0.3,0.15,0.02,5,0.15,3.0,0.1,100.0,1.0,15.0,1.0,tanh,synthetic_proxy,0.00477064720739695,0.06912390053905726,0,0.0015298401267456613,1.5825876748456684,1.0,0,2.3283064365386963e-10,9.094947017729282e-13,0.3858333333333333,0.6525,-0.06502959581224887,P2_high_noise
17,False,120,40,1000000,0.75,200000,0.02,0.25,0.03,4.0,1.0,0.002,0.0005,0.05,40,-0.08,0.0,0.3,0.15,0.02,5,0.15,3.0,0.1,100.0,1.0,15.0,1.0,tanh,synthetic_proxy,0.0003139428553045054,0.020004891665406754,0,0.0008354474991980474,1.5297068027807372,1.0,0,2.3283064365386963e-10,2.2737367544323206e-13,0.3472368421052631,0.6154166666666666,-0.00031288906118931425,P2_high_noise
17,True,120,40,1000000,0.75,200000,0.02,0.25,0.03,4.0,1.0,0.002,0.0005,0.05,40,-0.08,0.0,0.3,0.15,0.02,5,0.15,3.0,0.1,100.0,1.0,15.0,1.0,tanh,synthetic_proxy,0.00962293323245711,0.07858185270058127,0,0.0015473138865413143,1.574736152946842,1.0,0,2.3283064365386963e-10,4.547473508864641e-13,0.39052631578947367,0.6566666666666666,-0.07452969385817365,P2_high_noise
18,False,120,40,1000000,0.75,200000,0.02,0.25,0.03,4.0,1.0,0.002,0.0005,0.05,40,-0.08,0.0,0.3,0.15,0.02,5,0.15,3.0,0.1,100.0,1.0,15.0,1.0,tanh,synthetic_proxy,-0.00043730372608563606,0.007202158771473122,0,0.00071879684070271,1.5372368178056623,1.0,0,2.3283064365386963e-10,9.237055564881302e-14,0.3356140350877193,0.6129166666666668,-0.004314786436219631,P2_high_noise
18,True,120,40,1000000,0.75,200000,0.02,0.25,0.03,4.0,1.0,0.002,0.0005,0.05,40,-0.08,0.0,0.3,0.15,0.02,5,0.15,3.0,0.1,100.0,1.0,15.0,1.0,tanh,synthetic_proxy,0.006789720976289937,0.07770755954617792,0,0.0016079601980642983,1.5787944865184818,1.0,0,3.4924596548080444e-10,9.094947017729282e-13,0.37947368421052635,0.6466666666666666,-0.0769399674546355,P2_high_noise
19,False,120,40,1000000,0.75,200000,0.02,0.25,0.03,4.0,1.0,0.002,0.0005,0.05,40,-0.08,0.0,0.3,0.15,0.02,5,0.15,3.0,0.1,100.0,1.0,15.0,1.0,tanh,synthetic_proxy,-0.000552056501225251,0.018802871965676315,0,0.0008343840101240627,1.5333241021489394,1.0,0,2.3283064365386963e-10,2.2737367544323206e-13,0.34179824561403505,0.6087500000000001,-0.009069606786890172,P2_high_noise
19,True,120,40,1000000,0.75,200000,0.02,0.25,0.03,4.0,1.0,0.002,0.0005,0.05,40,-0.08,0.0,0.3,0.15,0.02,5,0.15,3.0,0.1,100.0,1.0,15.0,1.0,tanh,synthetic_proxy,0.005859140266278207,0.08891395403382474,0,0.0015939360715560864,1.5593664380137677,1.0,0,2.3283064365386963e-10,4.547473508864641e-13,0.38438596491228066,0.6391666666666665,-0.08140248781887882,P2_high_noise
0,False,120,40,1000000,0.75,200000,0.02,0.25,0.03,4.0,1.0,0.002,0.0005,0.05,40,-0.08,0.9,0.3,0.15,0.02,5,0.15,3.0,0.1,100.0,1.0,15.0,1.0,tanh,synthetic_proxy,-0.0011560681888296287,0.01793168324717398,0,0.0019356643889470344,1.6824176872739527,1.0,0,2.3283064365386963e-10,1.2789769243681803e-13,0.7788157894736844,0.6849999999999999,0.007873099144546591,P2_high_noise
0,True,120,40,1000000,0.75,200000,0.02,0.25,0.03,4.0,1.0,0.002,0.0005,0.05,40,-0.08,0.9,0.3,0.15,0.02,5,0.15,3.0,0.1,100.0,1.0,15.0,1.0,tanh,synthetic_proxy,0.005763009765698879,0.07794713511918594,0,0.0022846035286133116,1.691388886383537,1.0,0,4.656612873077393e-10,6.821210263296962e-13,0.7914035087719299,0.6979166666666666,-0.0672094084275413,P2_high_noise
1,False,120,40,1000000,0.75,200000,0.02,0.25,0.03,4.0,1.0,0.002,0.0005,0.05,40,-0.08,0.9,0.3,0.15,0.02,5,0.15,3.0,0.1,100.0,1.0,15.0,1.0,tanh,synthetic_proxy,-0.0008458184876161123,0.02505964697629548,0,0.001672780843585316,1.5601000511021796,1.0,0,2.3283064365386963e-10,1.1368683772161603e-13,0.7521491228070175,0.6183333333333333,-0.018722190893118107,P2_high_noise
1,True,120,40,1000000,0.75,200000,0.02,0.25,0.03,4.0,1.0,0.002,0.0005,0.05,40,-0.08,0.9,0.3,0.15,0.02,5,0.15,3.0,0.1,100.0,1.0,15.0,1.0,tanh,synthetic_proxy,0.005802342957460738,0.09691532116105206,0,0.0021981584634347294,1.6288137277069776,1.0,0,3.4924596548080444e-10,4.547473508864641e-13,0.7885087719298246,0.6620833333333332,-0.09254679477912997,P2_high_noise
2,False,120,40,1000000,0.75,200000,0.02,0.25,0.03,4.0,1.0,0.002,0.0005,0.05,40,-0.08,0.9,0.3,0.15,0.02,5,0.15,3.0,0.1,100.0,1.0,15.0,1.0,tanh,synthetic_proxy,0.0008974048496823706,0.016243301730116233,0,0.0016717207872093598,1.5732805750546766,1.0,0,2.3283064365386963e-10,1.1368683772161603e-12,0.7689473684210526,0.6391666666666665,0.03146870043446137,P2_high_noise
2,True,120,40,1000000,0.75,200000,0.02,0.25,0.03,4.0,1.0,0.002,0.0005,0.05,40,-0.08,0.9,0.3,0.15,0.02,5,0.15,3.0,0.1,100.0,1.0,15.0,1.0,tanh,synthetic_proxy,0.0019195315626614473,0.05929596988938424,0,0.002005948240511426,1.5990725628701188,1.0,0,3.4924596548080444e-10,5.684341886080801e-13,0.7651754385964912,0.6445833333333333,-0.04459719702485254,P2_high_noise
3,False,120,40,1000000,0.75,200000,0.02,0.25,0.03,4.0,1.0,0.002,0.0005,0.05,40,-0.08,0.9,0.3,0.15,0.02,5,0.15,3.0,0.1,100.0,1.0,15.0,1.0,tanh,synthetic_proxy,8.15672506278009e-05,0.018811143203546155,0,0.0016729028487548461,1.5107606763688692,1.0,0,3.4924596548080444e-10,3.410605131648481e-13,0.7248684210526316,0.6041666666666666,-0.01600882544110105,P2_high_noise
3,True,120,40,1000000,0.75,200000,0.02,0.25,0.03,4.0,1.0,0.002,0.0005,0.05,40,-0.08,0.9,0.3,0.15,0.02,5,0.15,3.0,0.1,100.0,1.0,15.0,1.0,tanh,synthetic_proxy,0.0110180907413302,0.08736161925566288,0,0.0018876777227249202,1.4914726400378757,1.0,0,3.4924596548080444e-10,1.1368683772161603e-12,0.7546491228070177,0.60375,-0.08692107149183104,P2_high_noise
4,False,120,40,1000000,0.75,200000,0.02,0.25,0.03,4.0,1.0,0.002,0.0005,0.05,40,-0.08,0.9,0.3,0.15,0.02,5,0.15,3.0,0.1,100.0,1.0,15.0,1.0,tanh,synthetic_proxy,-0.0011659855623631366,0.026860096068695327,0,0.001728704690515811,1.5374442587956032,1.0,0,3.4924596548080444e-10,2.8421709430404007e-13,0.7529824561403509,0.6091666666666666,0.016888343511710868,P2_high_noise
4,True,120,40,1000000,0.75,200000,0.02,0.25,0.03,4.0,1.0,0.002,0.0005,0.05,40,-0.08,0.9,0.3,0.15,0.02,5,0.15,3.0,0.1,100.0,1.0,15.0,1.0,tanh,synthetic_proxy,0.0020810584874326743,0.09078221570436074,0,0.002260993777085696,1.5689686036060833,1.0,0,3.4924596548080444e-10,4.547473508864641e-13,0.7827631578947368,0.63875,-0.058797129809564086,P2_high_noise
5,False,120,40,1000000,0.75,200000,0.02,0.25,0.03,4.0,1.0,0.002,0.0005,0.05,40,-0.08,0.9,0.3,0.15,0.02,5,0.15,3.0,0.1,100.0,1.0,15.0,1.0,tanh,synthetic_proxy,0.00020770660324909151,0.027846920993584212,0,0.0017534853026118526,1.5852567840783047,1.0,0,2.3283064365386963e-10,3.410605131648481e-13,0.7592105263157894,0.6404166666666666,-0.02300800174597939,P2_high_noise
5,True,120,40,1000000,0.75,200000,0.02,0.25,0.03,4.0,1.0,0.002,0.0005,0.05,40,-0.08,0.9,0.3,0.15,0.02,5,0.15,3.0,0.1,100.0,1.0,15.0,1.0,tanh,synthetic_proxy,0.011165453628982691,0.09984438278250174,0,0.002184561011734872,1.6380407297878494,1.0,0,2.3283064365386963e-10,9.094947017729282e-13,0.7884210526315789,0.6758333333333334,-0.09591503131062484,P2_high_noise
6,False,120,40,1000000,0.75,200000,0.02,0.25,0.03,4.0,1.0,0.002,0.0005,0.05,40,-0.08,0.9,0.3,0.15,0.02,5,0.15,3.0,0.1,100.0,1.0,15.0,1.0,tanh,synthetic_proxy,-0.002052898654025026,0.03343955882126881,0,0.001618635113902454,1.5318437500772364,1.0,0,2.3283064365386963e-10,2.2737367544323206e-13,0.7370614035087719,0.6179166666666666,-0.010074441184263372,P2_high_noise
6,True,120,40,1000000,0.75,200000,0.02,0.25,0.03,4.0,1.0,0.002,0.0005,0.05,40,-0.08,0.9,0.3,0.15,0.02,5,0.15,3.0,0.1,100.0,1.0,15.0,1.0,tanh,synthetic_proxy,0.0012096680544184668,0.09810049706485036,0,0.002208420420099087,1.5905522476902363,1.0,0,3.4924596548080444e-10,4.547473508864641e-13,0.7853508771929826,0.6483333333333333,-0.08118997740851275,P2_high_noise
7,False,120,40,1000000,0.75,200000,0.02,0.25,0.03,4.0,1.0,0.002,0.0005,0.05,40,-0.08,0.9,0.3,0.15,0.02,5,0.15,3.0,0.1,100.0,1.0,15.0,1.0,tanh,synthetic_proxy,-0.00012554047890456221,0.011488355922508076,0,0.0017259196222973504,1.5611039152195585,1.0,0,2.3283064365386963e-10,1.1368683772161603e-13,0.7559649122807018,0.6162500000000002,0.027694373761620428,P2_high_noise
7,True,120,40,1000000,0.75,200000,0.02,0.25,0.03,4.0,1.0,0.002,0.0005,0.05,40,-0.08,0.9,0.3,0.15,0.02,5,0.15,3.0,0.1,100.0,1.0,15.0,1.0,tanh,synthetic_proxy,0.00424456521522254,0.07238182673744042,0,0.0022174338909288923,1.6111909139597207,1.0,0,3.4924596548080444e-10,4.547473508864641e-13,0.7775000000000001,0.6549999999999999,-0.0490602070156102,P2_high_noise
8,False,120,40,1000000,0.75,200000,0.02,0.25,0.03,4.0,1.0,0.002,0.0005,0.05,40,-0.08,0.9,0.3,0.15,0.02,5,0.15,3.0,0.1,100.0,1.0,15.0,1.0,tanh,synthetic_proxy,-0.0011252720312485698,0.03572188048229619,0,0.0017071592765049357,1.5524948168776656,1.0,0,4.656612873077393e-10,9.094947017729282e-13,0.7929824561403509,0.6229166666666667,-0.013166414810284799,P2_high_noise
8,True,120,40,1000000,0.75,200000,0.02,0.25,0.03,4.0,1.0,0.002,0.0005,0.05,40,-0.08,0.9,0.3,0.15,0.02,5,0.15,3.0,0.1,100.0,1.0,15.0,1.0,tanh,synthetic_proxy,0.0037521737794974364,0.10491334150377807,1,0.0021847774304591737,1.5977165302553331,1.0,0,4.656612873077393e-10,7.958078640513122e-13,0.7962719298245614,0.6558333333333333,-0.086696793120979,P2_high_noise
9,False,120,40,1000000,0.75,200000,0.02,0.25,0.03,4.0,1.0,0.002,0.0005,0.05,40,-0.08,0.9,0.3,0.15,0.02,5,0.15,3.0,0.1,100.0,1.0,15.0,1.0,tanh,synthetic_proxy,-0.0018614638986267362,0.012783061576362664,0,0.0014917591551613487,1.4387140069223754,1.0,0,2.3283064365386963e-10,2.2737367544323206e-13,0.7038157894736842,0.56,0.03132280753596639,P2_high_noise
9,True,120,40,1000000,0.75,200000,0.02,0.25,0.03,4.0,1.0,0.002,0.0005,0.05,40,-0.08,0.9,0.3,0.15,0.02,5,0.15,3.0,0.1,100.0,1.0,15.0,1.0,tanh,synthetic_proxy,0.005830437751528805,0.06010197825079433,0,0.0018796234070953316,1.4606926273770457,1.0,0,3.4924596548080444e-10,1.1368683772161603e-12,0.7263157894736842,0.58375,-0.046666932632511315,P2_high_noise
10,False,120,40,1000000,0.75,200000,0.02,0.25,0.03,4.0,1.0,0.002,0.0005,0.05,40,-0.08,0.9,0.3,0.15,0.02,5,0.15,3.0,0.1,100.0,1.0,15.0,1.0,tanh,synthetic_proxy,0.0027923110899104042,0.0550258558405029,0,0.0016983027695174264,1.4900106214144648,1.0,0,3.4924596548080444e-10,6.821210263296962e-13,0.7180701754385965,0.5933333333333334,-0.046615744828195305,P2_high_noise
10,True,120,40,1000000,0.75,200000,0.02,0.25,0.03,4.0,1.0,0.002,0.0005,0.05,40,-0.08,0.9,0.3,0.15,0.02,5,0.15,3.0,0.1,100.0,1.0,15.0,1.0,tanh,synthetic_proxy,0.016461904130384175,0.12367163475679777,1,0.0021629082960040466,1.5918429729524421,1.0,0,4.656612873077393e-10,1.1368683772161603e-12,0.7459649122807017,0.6541666666666667,-0.1167745894341572,P2_high_noise
11,False,120,40,1000000,0.75,200000,0.02,0.25,0.03,4.0,1.0,0.002,0.0005,0.05,40,-0.08,0.9,0.3,0.15,0.02,5,0.15,3.0,0.1,100.0,1.0,15.0,1.0,tanh,synthetic_proxy,-0.0005617670318117662,0.014952304487731105,0,0.001768356183410246,1.5719964679128136,1.0,0,2.3283064365386963e-10,5.684341886080802e-14,0.7526315789473685,0.6275,0.006971882454661182,P2_high_noise
11,True,120,40,1000000,0.75,200000,0.02,0.25,0.03,4.0,1.0,0.002,0.0005,0.05,40,-0.08,0.9,0.3,0.15,0.02,5,0.15,3.0,0.1,100.0,1.0,15.0,1.0,tanh,synthetic_proxy,0.004501423997668841,0.07760907417128515,0,0.0020858088194648993,1.6316006389047475,1.0,0,2.3283064365386963e-10,4.547473508864641e-13,0.7693421052631579,0.6741666666666667,-0.06770126614370409,P2_high_noise
12,False,120,40,1000000,0.75,200000,0.02,0.25,0.03,4.0,1.0,0.002,0.0005,0.05,40,-0.08,0.9,0.3,0.15,0.02,5,0.15,3.0,0.1,100.0,1.0,15.0,1.0,tanh,synthetic_proxy,-0.0008199393227931173,0.015275931685657551,0,0.001788835965968886,1.592944581023157,1.0,0,3.4924596548080444e-10,3.979039320256561e-13,0.7712280701754388,0.6400000000000001,0.008063726952201256,P2_high_noise
12,True,120,40,1000000,0.75,200000,0.02,0.25,0.03,4.0,1.0,0.002,0.0005,0.05,40,-0.08,0.9,0.3,0.15,0.02,5,0.15,3.0,0.1,100.0,1.0,15.0,1.0,tanh,synthetic_proxy,0.004907293231042997,0.07143151419828919,0,0.002138001216287869,1.5771153383605696,1.0,0,3.4924596548080444e-10,1.5916157281026244e-12,0.7818859649122807,0.6354166666666666,-0.06581064316280649,P2_high_noise
13,False,120,40,1000000,0.75,200000,0.02,0.25,0.03,4.0,1.0,0.002,0.0005,0.05,40,-0.08,0.9,0.3,0.15,0.02,5,0.15,3.0,0.1,100.0,1.0,15.0,1.0,tanh,synthetic_proxy,0.00022709999894288124,0.02063724790231336,0,0.0017254108381191085,1.5070202476939492,1.0,0,3.4924596548080444e-10,4.547473508864641e-13,0.7642982456140351,0.6070833333333334,-0.015645393401655494,P2_high_noise
13,True,120,40,1000000,0.75,200000,0.02,0.25,0.03,4.0,1.0,0.002,0.0005,0.05,40,-0.08,0.9,0.3,0.15,0.02,5,0.15,3.0,0.1,100.0,1.0,15.0,1.0,tanh,synthetic_proxy,0.013057015415559592,0.0913795243114418,0,0.0021496435541002445,1.554601841778676,1.0,0,3.4924596548080444e-10,6.821210263296962e-13,0.7777631578947369,0.6237499999999999,-0.08839351004856655,P2_high_noise
14,False,120,40,1000000,0.75,200000,0.02,0.25,0.03,4.0,1.0,0.002,0.0005,0.05,40,-0.08,0.9,0.3,0.15,0.02,5,0.15,3.0,0.1,100.0,1.0,15.0,1.0,tanh,synthetic_proxy,-0.0007656233134203383,0.01785014074508129,0,0.0017398393003023721,1.5627284951043232,1.0,0,2.3283064365386963e-10,2.2737367544323206e-13,0.7478070175438597,0.6258333333333332,-0.01229459213980344,P2_high_noise
14,True,120,40,1000000,0.75,200000,0.02,0.25,0.03,4.0,1.0,0.002,0.0005,0.05,40,-0.08,0.9,0.3,0.15,0.02,5,0.15,3.0,0.1,100.0,1.0,15.0,1.0,tanh,synthetic_proxy,0.006924779059822583,0.08787865466771161,0,0.002188860714363026,1.657835110559721,1.0,0,2.3283064365386963e-10,4.547473508864641e-13,0.7879385964912281,0.69375,-0.08328325112930401,P2_high_noise
15,False,120,40,1000000,0.75,200000,0.02,0.25,0.03,4.0,1.0,0.002,0.0005,0.05,40,-0.08,0.9,0.3,0.15,0.02,5,0.15,3.0,0.1,100.0,1.0,15.0,1.0,tanh,synthetic_proxy,-0.00047860398632060264,0.024055578173433623,0,0.0016418309424244184,1.507372649977676,1.0,0,2.3283064365386963e-10,3.410605131648481e-13,0.7524561403508773,0.6058333333333333,-0.007445296211564867,P2_high_noise
15,True,120,40,1000000,0.75,200000,0.02,0.25,0.03,4.0,1.0,0.002,0.0005,0.05,40,-0.08,0.9,0.3,0.15,0.02,5,0.15,3.0,0.1,100.0,1.0,15.0,1.0,tanh,synthetic_proxy,0.012621503333026807,0.09257034106516249,0,0.0021209612502142315,1.603636166172592,1.0,0,2.3283064365386963e-10,1.0231815394945443e-12,0.7684649122807018,0.6658333333333334,-0.08147044913833601,P2_high_noise
16,False,120,40,1000000,0.75,200000,0.02,0.25,0.03,4.0,1.0,0.002,0.0005,0.05,40,-0.08,0.9,0.3,0.15,0.02,5,0.15,3.0,0.1,100.0,1.0,15.0,1.0,tanh,synthetic_proxy,-0.0015374554375756633,0.01698878513337221,0,0.0016997668690922388,1.4989871822137377,1.0,0,3.4924596548080444e-10,2.2737367544323206e-13,0.7494736842105263,0.5899999999999999,0.009876255841245518,P2_high_noise
16,True,120,40,1000000,0.75,200000,0.02,0.25,0.03,4.0,1.0,0.002,0.0005,0.05,40,-0.08,0.9,0.3,0.15,0.02,5,0.15,3.0,0.1,100.0,1.0,15.0,1.0,tanh,synthetic_proxy,0.006679974895811069,0.07222784167201457,0,0.002061267797465142,1.5719697733302571,1.0,0,3.4924596548080444e-10,1.0231815394945443e-12,0.7522807017543859,0.6445833333333334,-0.06541686359558152,P2_high_noise
17,False,120,40,1000000,0.75,200000,0.02,0.25,0.03,4.0,1.0,0.002,0.0005,0.05,40,-0.08,0.9,0.3,0.15,0.02,5,0.15,3.0,0.1,100.0,1.0,15.0,1.0,tanh,synthetic_proxy,-0.0013511158219219332,0.026539592730701167,0,0.001880951216273249,1.6926940695497081,1.0,0,2.3283064365386963e-10,6.821210263296962e-13,0.7739035087719299,0.7041666666666667,0.0027371308084964685,P2_high_noise
17,True,120,40,1000000,0.75,200000,0.02,0.25,0.03,4.0,1.0,0.002,0.0005,0.05,40,-0.08,0.9,0.3,0.15,0.02,5,0.15,3.0,0.1,100.0,1.0,15.0,1.0,tanh,synthetic_proxy,0.009809576008613652,0.0837860268170717,0,0.0022752364241470768,1.7179792898860802,1.0,0,3.4924596548080444e-10,6.821210263296962e-13,0.7855263157894737,0.7158333333333334,-0.07323909881975699,P2_high_noise
18,False,120,40,1000000,0.75,200000,0.02,0.25,0.03,4.0,1.0,0.002,0.0005,0.05,40,-0.08,0.9,0.3,0.15,0.02,5,0.15,3.0,0.1,100.0,1.0,15.0,1.0,tanh,synthetic_proxy,-0.0011347201280910157,0.011783799011914287,0,0.0016728795044158272,1.4895160381374835,1.0,0,3.4924596548080444e-10,3.410605131648481e-13,0.7356140350877193,0.5912499999999999,-0.0012903796162140324,P2_high_noise
18,True,120,40,1000000,0.75,200000,0.02,0.25,0.03,4.0,1.0,0.002,0.0005,0.05,40,-0.08,0.9,0.3,0.15,0.02,5,0.15,3.0,0.1,100.0,1.0,15.0,1.0,tanh,synthetic_proxy,0.009176438488033511,0.07854777700625526,0,0.0021727706787476493,1.5771323872270961,1.0,0,3.4924596548080444e-10,9.094947017729282e-13,0.7746929824561403,0.6516666666666668,-0.07439888214894619,P2_high_noise
19,False,120,40,1000000,0.75,200000,0.02,0.25,0.03,4.0,1.0,0.002,0.0005,0.05,40,-0.08,0.9,0.3,0.15,0.02,5,0.15,3.0,0.1,100.0,1.0,15.0,1.0,tanh,synthetic_proxy,-0.0011934484883586727,0.029419175143316267,0,0.0017917131387859997,1.6468334673569958,1.0,0,2.3283064365386963e-10,2.2737367544323206e-13,0.7804824561403509,0.675,-0.015300497588019324,P2_high_noise
19,True,120,40,1000000,0.75,200000,0.02,0.25,0.03,4.0,1.0,0.002,0.0005,0.05,40,-0.08,0.9,0.3,0.15,0.02,5,0.15,3.0,0.1,100.0,1.0,15.0,1.0,tanh,synthetic_proxy,0.0025443757048349003,0.09659536562367,0,0.002322481847227252,1.7449478273117403,1.0,0,4.656612873077393e-10,4.547473508864641e-13,0.8042543859649122,0.7262500000000001,-0.085181993090919,P2_high_noise
0,False,120,40,1000000,0.25,200000,0.02,0.25,0.03,4.0,1.0,0.002,0.0005,0.05,40,-0.08,0.0,0.3,0.15,0.02,5,0.15,3.0,0.1,100.0,1.0,30.0,1.0,tanh,synthetic_proxy,-0.000240370926481992,0.007332481178448869,0,0.0008159977492271821,1.7228459338851487,1.0,0,3.4924596548080444e-10,8.526512829121202e-14,0.34118421052631576,0.63,0.007867559846514327,P3_stronger_feedback
0,True,120,40,1000000,0.25,200000,0.02,0.25,0.03,4.0,1.0,0.002,0.0005,0.05,40,-0.08,0.0,0.3,0.15,0.02,5,0.15,3.0,0.1,100.0,1.0,30.0,1.0,tanh,synthetic_proxy,0.004333098765227028,0.07460018498595034,0,0.0016649082691226394,1.7587249796483881,1.0,0,2.3283064365386963e-10,1.0231815394945443e-12,0.3934210526315789,0.6758333333333333,-0.06639393231511792,P3_stronger_feedback
1,False,120,40,1000000,0.25,200000,0.02,0.25,0.03,4.0,1.0,0.002,0.0005,0.05,40,-0.08,0.0,0.3,0.15,0.02,5,0.15,3.0,0.1,100.0,1.0,30.0,1.0,tanh,synthetic_proxy,7.050416490561595e-05,0.019092340261474106,0,0.000837570382585874,1.7156017300173512,1.0,0,2.3283064365386963e-10,2.2737367544323206e-13,0.3385964912280702,0.6329166666666666,-0.015050857213821822,P3_stronger_feedback
1,True,120,40,1000000,0.25,200000,0.02,0.25,0.03,4.0,1.0,0.002,0.0005,0.05,40,-0.08,0.0,0.3,0.15,0.02,5,0.15,3.0,0.1,100.0,1.0,30.0,1.0,tanh,synthetic_proxy,0.011309515629183586,0.08856618359984458,0,0.0015958282298501947,1.769150647340521,1.0,0,2.3283064365386963e-10,1.3642420526593924e-12,0.41298245614035084,0.6770833333333334,-0.08769404644145917,P3_stronger_feedback
2,False,120,40,1000000,0.25,200000,0.02,0.25,0.03,4.0,1.0,0.002,0.0005,0.05,40,-0.08,0.0,0.3,0.15,0.02,5,0.15,3.0,0.1,100.0,1.0,30.0,1.0,tanh,synthetic_proxy,0.001752339564478289,0.00467724967694616,0,0.0008881083823285824,1.7177101495961677,1.0,0,2.3283064365386963e-10,4.547473508864641e-13,0.356140350877193,0.63625,0.02853571330196636,P3_stronger_feedback
2,True,120,40,1000000,0.25,200000,0.02,0.25,0.03,4.0,1.0,0.002,0.0005,0.05,40,-0.08,0.0,0.3,0.15,0.02,5,0.15,3.0,0.1,100.0,1.0,30.0,1.0,tanh,synthetic_proxy,0.0008612088899189185,0.05499025372148636,0,0.0014400644454555553,1.731889709677312,1.0,0,2.3283064365386963e-10,3.410605131648481e-13,0.3795175438596491,0.6258333333333332,-0.04720745180719488,P3_stronger_feedback
3,False,120,40,1000000,0.25,200000,0.02,0.25,0.03,4.0,1.0,0.002,0.0005,0.05,40,-0.08,0.0,0.3,0.15,0.02,5,0.15,3.0,0.1,100.0,1.0,30.0,1.0,tanh,synthetic_proxy,-0.0006695690893624429,0.01486117092240491,0,0.0007764834945715992,1.7117732904738898,1.0,0,2.3283064365386963e-10,1.4210854715202004e-13,0.3448684210526316,0.6108333333333333,-0.01130133407803624,P3_stronger_feedback
3,True,120,40,1000000,0.25,200000,0.02,0.25,0.03,4.0,1.0,0.002,0.0005,0.05,40,-0.08,0.0,0.3,0.15,0.02,5,0.15,3.0,0.1,100.0,1.0,30.0,1.0,tanh,synthetic_proxy,0.006587847191519058,0.08504377812133268,0,0.0014676114963398947,1.756841224574089,1.0,0,3.4924596548080444e-10,4.547473508864641e-13,0.3951315789473684,0.6466666666666666,-0.08408908534273463,P3_stronger_feedback
4,False,120,40,1000000,0.25,200000,0.02,0.25,0.03,4.0,1.0,0.002,0.0005,0.05,40,-0.08,0.0,0.3,0.15,0.02,5,0.15,3.0,0.1,100.0,1.0,30.0,1.0,tanh,synthetic_proxy,-0.0004123003770823974,0.014002201901528677,0,0.0009206303577082252,1.6964664660541233,1.0,0,2.3283064365386963e-10,7.993605777301127e-14,0.34394736842105267,0.6099999999999999,0.01604362242295565,P3_stronger_feedback
4,True,120,40,1000000,0.25,200000,0.02,0.25,0.03,4.0,1.0,0.002,0.0005,0.05,40,-0.08,0.0,0.3,0.15,0.02,5,0.15,3.0,0.1,100.0,1.0,30.0,1.0,tanh,synthetic_proxy,0.003920205310738112,0.07828198078874882,0,0.0017682549550696743,1.7507174228622209,1.0,0,2.3283064365386963e-10,6.821210263296962e-13,0.40925438596491226,0.6595833333333334,-0.059205255278655944,P3_stronger_feedback
5,False,120,40,1000000,0.25,200000,0.02,0.25,0.03,4.0,1.0,0.002,0.0005,0.05,40,-0.08,0.0,0.3,0.15,0.02,5,0.15,3.0,0.1,100.0,1.0,30.0,1.0,tanh,synthetic_proxy,0.0006712543493694323,0.029052616855363977,0,0.0008987189246481965,1.704223263866573,1.0,0,2.3283064365386963e-10,1.7053025658242404e-13,0.3432017543859649,0.6270833333333333,-0.02508996842683331,P3_stronger_feedback
5,True,120,40,1000000,0.25,200000,0.02,0.25,0.03,4.0,1.0,0.002,0.0005,0.05,40,-0.08,0.0,0.3,0.15,0.02,5,0.15,3.0,0.1,100.0,1.0,30.0,1.0,tanh,synthetic_proxy,0.012377218602497742,0.09983701554240665,0,0.0015865096785480691,1.761171227580808,1.0,0,3.4924596548080444e-10,4.547473508864641e-13,0.41271929824561404,0.6683333333333333,-0.09680414221408218,P3_stronger_feedback
6,False,120,40,1000000,0.25,200000,0.02,0.25,0.03,4.0,1.0,0.002,0.0005,0.05,40,-0.08,0.0,0.3,0.15,0.02,5,0.15,3.0,0.1,100.0,1.0,30.0,1.0,tanh,synthetic_proxy,-0.0002892006546876269,0.018386708856595546,0,0.0009475833625224624,1.7316079506836002,1.0,0,2.3283064365386963e-10,1.1368683772161603e-13,0.3420175438596491,0.6433333333333333,-0.010421080567288632,P3_stronger_feedback
6,True,120,40,1000000,0.25,200000,0.02,0.25,0.03,4.0,1.0,0.002,0.0005,0.05,40,-0.08,0.0,0.3,0.15,0.02,5,0.15,3.0,0.1,100.0,1.0,30.0,1.0,tanh,synthetic_proxy,0.008298928737605182,0.08946974314099576,0,0.001690029462717896,1.7885061810964813,1.0,0,3.4924596548080444e-10,4.547473508864641e-13,0.41228070175438597,0.6879166666666667,-0.08323081233445706,P3_stronger_feedback
7,False,120,40,1000000,0.25,200000,0.02,0.25,0.03,4.0,1.0,0.002,0.0005,0.05,40,-0.08,0.0,0.3,0.15,0.02,5,0.15,3.0,0.1,100.0,1.0,30.0,1.0,tanh,synthetic_proxy,0.0013125593912366451,0.006726400726633441,0,0.00099487781492886,1.7234722788368932,1.0,0,2.3283064365386963e-10,1.1368683772161603e-13,0.34736842105263155,0.6233333333333334,0.026376558899372293,P3_stronger_feedback
7,True,120,40,1000000,0.25,200000,0.02,0.25,0.03,4.0,1.0,0.002,0.0005,0.05,40,-0.08,0.0,0.3,0.15,0.02,5,0.15,3.0,0.1,100.0,1.0,30.0,1.0,tanh,synthetic_proxy,0.00042853626373484666,0.06981058502744997,0,0.001785844403875876,1.7642646403032383,1.0,0,3.4924596548080444e-10,2.2737367544323206e-13,0.3899561403508772,0.6470833333333333,-0.04923129553992933,P3_stronger_feedback
8,False,120,40,1000000,0.25,200000,0.02,0.25,0.03,4.0,1.0,0.002,0.0005,0.05,40,-0.08,0.0,0.3,0.15,0.02,5,0.15,3.0,0.1,100.0,1.0,30.0,1.0,tanh,synthetic_proxy,0.0003499729323659384,0.025626365094923553,0,0.0009761225997664202,1.7053294068234368,1.0,0,2.3283064365386963e-10,1.1368683772161603e-13,0.3525877192982456,0.6041666666666666,-0.016461896756175376,P3_stronger_feedback
8,True,120,40,1000000,0.25,200000,0.02,0.25,0.03,4.0,1.0,0.002,0.0005,0.05,40,-0.08,0.0,0.3,0.15,0.02,5,0.15,3.0,0.1,100.0,1.0,30.0,1.0,tanh,synthetic_proxy,0.010183967715273745,0.09639779518608438,0,0.0017437533383126683,1.7696875365954954,1.0,0,3.4924596548080444e-10,2.2737367544323206e-13,0.4255263157894736,0.6683333333333333,-0.08878079568087716,P3_stronger_feedback
9,False,120,40,1000000,0.25,200000,0.02,0.25,0.03,4.0,1.0,0.002,0.0005,0.05,40,-0.08,0.0,0.3,0.15,0.02,5,0.15,3.0,0.1,100.0,1.0,30.0,1.0,tanh,synthetic_proxy,0.0004554962986449418,0.007154181760115508,0,0.0009077597145764971,1.7331156007233246,1.0,0,3.4924596548080444e-10,2.8421709430404007e-13,0.3411842105263158,0.6375,0.02837750373458614,P3_stronger_feedback
9,True,120,40,1000000,0.25,200000,0.02,0.25,0.03,4.0,1.0,0.002,0.0005,0.05,40,-0.08,0.0,0.3,0.15,0.02,5,0.15,3.0,0.1,100.0,1.0,30.0,1.0,tanh,synthetic_proxy,0.00419920427101883,0.05700293572689896,0,0.001588132262022554,1.7687705247941654,1.0,0,3.4924596548080444e-10,5.684341886080801e-13,0.38622807017543864,0.66125,-0.04775587493241995,P3_stronger_feedback
10,False,120,40,1000000,0.25,200000,0.02,0.25,0.03,4.0,1.0,0.002,0.0005,0.05,40,-0.08,0.0,0.3,0.15,0.02,5,0.15,3.0,0.1,100.0,1.0,30.0,1.0,tanh,synthetic_proxy,0.00359117360031469,0.04898835735618079,0,0.0008334616822095026,1.7286718129195562,1.0,0,2.3283064365386963e-10,2.8421709430404007e-13,0.3553508771929824,0.6408333333333334,-0.04536317991020733,P3_stronger_feedback
10,True,120,40,1000000,0.25,200000,0.02,0.25,0.03,4.0,1.0,0.002,0.0005,0.05,40,-0.08,0.0,0.3,0.15,0.02,5,0.15,3.0,0.1,100.0,1.0,30.0,1.0,tanh,synthetic_proxy,0.017597752457804816,0.11918703064410863,1,0.0016687560780789168,1.7899225460773698,1.0,0,2.3283064365386963e-10,1.0231815394945443e-12,0.4448684210526316,0.6966666666666667,-0.11582944471408463,P3_stronger_feedback
11,False,120,40,1000000,0.25,200000,0.02,0.25,0.03,4.0,1.0,0.002,0.0005,0.05,40,-0.08,0.0,0.3,0.15,0.02,5,0.15,3.0,0.1,100.0,1.0,30.0,1.0,tanh,synthetic_proxy,-0.0006097834703756577,0.010806176189907313,0,0.000811014853530912,1.6874691061809919,1.0,0,3.4924596548080444e-10,8.526512829121202e-14,0.3393859649122807,0.6104166666666667,0.005437067775380555,P3_stronger_feedback
11,True,120,40,1000000,0.25,200000,0.02,0.25,0.03,4.0,1.0,0.002,0.0005,0.05,40,-0.08,0.0,0.3,0.15,0.02,5,0.15,3.0,0.1,100.0,1.0,30.0,1.0,tanh,synthetic_proxy,0.007601253388499263,0.072709305252312,0,0.0014818889962612792,1.7239081203722568,1.0,0,3.4924596548080444e-10,2.2737367544323206e-13,0.3974122807017544,0.64375,-0.06839949857293748,P3_stronger_feedback
12,False,120,40,1000000,0.25,200000,0.02,0.25,0.03,4.0,1.0,0.002,0.0005,0.05,40,-0.08,0.0,0.3,0.15,0.02,5,0.15,3.0,0.1,100.0,1.0,30.0,1.0,tanh,synthetic_proxy,-0.0005738601106564101,0.0106094313057018,0,0.000854715358174716,1.7051168315322356,1.0,0,3.4924596548080444e-10,1.7053025658242404e-13,0.34539473684210525,0.6254166666666666,0.011825044797369788,P3_stronger_feedback
12,True,120,40,1000000,0.25,200000,0.02,0.25,0.03,4.0,1.0,0.002,0.0005,0.05,40,-0.08,0.0,0.3,0.15,0.02,5,0.15,3.0,0.1,100.0,1.0,30.0,1.0,tanh,synthetic_proxy,0.0066313484887934315,0.06483259136335051,0,0.0015376119668717744,1.7396445085516612,1.0,0,3.4924596548080444e-10,3.410605131648481e-13,0.38815789473684215,0.6508333333333334,-0.06292157138251653,P3_stronger_feedback
13,False,120,40,1000000,0.25,200000,0.02,0.25,0.03,4.0,1.0,0.002,0.0005,0.05,40,-0.08,0.0,0.3,0.15,0.02,5,0.15,3.0,0.1,100.0,1.0,30.0,1.0,tanh,synthetic_proxy,7.464925531919242e-05,0.021664410177847482,0,0.0008122338770416968,1.7113061649650032,1.0,0,3.4924596548080444e-10,2.2737367544323206e-13,0.33618421052631575,0.6420833333333335,-0.021043728620307456,P3_stronger_feedback
13,True,120,40,1000000,0.25,200000,0.02,0.25,0.03,4.0,1.0,0.002,0.0005,0.05,40,-0.08,0.0,0.3,0.15,0.02,5,0.15,3.0,0.1,100.0,1.0,30.0,1.0,tanh,synthetic_proxy,0.01161648598188858,0.09376448025346074,0,0.0015989232664586272,1.7439756900008214,1.0,0,3.4924596548080444e-10,2.2737367544323206e-13,0.39223684210526316,0.6770833333333334,-0.09318954085664632,P3_stronger_feedback
14,False,120,40,1000000,0.25,200000,0.02,0.25,0.03,4.0,1.0,0.002,0.0005,0.05,40,-0.08,0.0,0.3,0.15,0.02,5,0.15,3.0,0.1,100.0,1.0,30.0,1.0,tanh,synthetic_proxy,-0.00035063501725196566,0.012857604166107595,0,0.0008412215995583877,1.694957641538435,1.0,0,2.3283064365386963e-10,1.7053025658242404e-13,0.3411842105263157,0.6154166666666666,-0.002064179047424619,P3_stronger_feedback
14,True,120,40,1000000,0.25,200000,0.02,0.25,0.03,4.0,1.0,0.002,0.0005,0.05,40,-0.08,0.0,0.3,0.15,0.02,5,0.15,3.0,0.1,100.0,1.0,30.0,1.0,tanh,synthetic_proxy,0.008136598496436775,0.07983647205951672,0,0.0015997047627926131,1.7419537323671224,1.0,0,2.3283064365386963e-10,2.2737367544323206e-13,0.3985087719298246,0.6537499999999999,-0.07563418896149243,P3_stronger_feedback
15,False,120,40,1000000,0.25,200000,0.02,0.25,0.03,4.0,1.0,0.002,0.0005,0.05,40,-0.08,0.0,0.3,0.15,0.02,5,0.15,3.0,0.1,100.0,1.0,30.0,1.0,tanh,synthetic_proxy,-0.0003843529053534356,0.018527209120490218,0,0.0008807365960139463,1.7147322385777362,1.0,0,2.3283064365386963e-10,1.2789769243681803e-13,0.3435964912280702,0.6125,-0.008756592014309339,P3_stronger_feedback
15,True,120,40,1000000,0.25,200000,0.02,0.25,0.03,4.0,1.0,0.002,0.0005,0.05,40,-0.08,0.0,0.3,0.15,0.02,5,0.15,3.0,0.1,100.0,1.0,30.0,1.0,tanh,synthetic_proxy,0.0074293913844460935,0.08561241470270631,0,0.0016677517197941363,1.7567023788025689,1.0,0,2.3283064365386963e-10,6.821210263296962e-13,0.3963157894736842,0.6595833333333334,-0.08208476329081715,P3_stronger_feedback
16,False,120,40,1000000,0.25,200000,0.02,0.25,0.03,4.0,1.0,0.002,0.0005,0.05,40,-0.08,0.0,0.3,0.15,0.02,5,0.15,3.0,0.1,100.0,1.0,30.0,1.0,tanh,synthetic_proxy,-0.00037832751239219586,0.012253332747213075,0,0.0009181133916628355,1.7209463823359192,1.0,0,2.3283064365386963e-10,1.1368683772161603e-13,0.34557017543859647,0.6237499999999999,0.008885050272935846,P3_stronger_feedback
16,True,120,40,1000000,0.25,200000,0.02,0.25,0.03,4.0,1.0,0.002,0.0005,0.05,40,-0.08,0.0,0.3,0.15,0.02,5,0.15,3.0,0.1,100.0,1.0,30.0,1.0,tanh,synthetic_proxy,0.0052295911441768705,0.06851752169478498,0,0.0015787824531842889,1.7563561286870082,1.0,0,2.3283064365386963e-10,3.410605131648481e-13,0.3951315789473684,0.6579166666666667,-0.06543559334275817,P3_stronger_feedback
17,False,120,40,1000000,0.25,200000,0.02,0.25,0.03,4.0,1.0,0.002,0.0005,0.05,40,-0.08,0.0,0.3,0.15,0.02,5,0.15,3.0,0.1,100.0,1.0,30.0,1.0,tanh,synthetic_proxy,0.00041218204703419303,0.018308355578157687,0,0.0009360706144871818,1.6991348420450403,1.0,0,2.3283064365386963e-10,1.1368683772161603e-13,0.34754385964912277,0.6208333333333333,-0.0003698861280047039,P3_stronger_feedback
17,True,120,40,1000000,0.25,200000,0.02,0.25,0.03,4.0,1.0,0.002,0.0005,0.05,40,-0.08,0.0,0.3,0.15,0.02,5,0.15,3.0,0.1,100.0,1.0,30.0,1.0,tanh,synthetic_proxy,0.01056568909309652,0.07652143887805685,0,0.0016438280390899292,1.73195698628677,1.0,0,3.4924596548080444e-10,4.547473508864641e-13,0.4034649122807018,0.6625,-0.07433809951196035,P3_stronger_feedback
18,False,120,40,1000000,0.25,200000,0.02,0.25,0.03,4.0,1.0,0.002,0.0005,0.05,40,-0.08,0.0,0.3,0.15,0.02,5,0.15,3.0,0.1,100.0,1.0,30.0,1.0,tanh,synthetic_proxy,-0.0005097396634659024,0.006521126622704876,0,0.000864211401401712,1.7234680019609983,1.0,0,3.4924596548080444e-10,1.2079226507921703e-13,0.3391228070175438,0.6133333333333333,-0.00358925934401344,P3_stronger_feedback
18,True,120,40,1000000,0.25,200000,0.02,0.25,0.03,4.0,1.0,0.002,0.0005,0.05,40,-0.08,0.0,0.3,0.15,0.02,5,0.15,3.0,0.1,100.0,1.0,30.0,1.0,tanh,synthetic_proxy,0.007301503334409709,0.07839002306248266,0,0.0017048741281817641,1.770773044848405,1.0,0,3.4924596548080444e-10,2.8421709430404007e-13,0.3953508771929825,0.6579166666666667,-0.07683290592343328,P3_stronger_feedback
19,False,120,40,1000000,0.25,200000,0.02,0.25,0.03,4.0,1.0,0.002,0.0005,0.05,40,-0.08,0.0,0.3,0.15,0.02,5,0.15,3.0,0.1,100.0,1.0,30.0,1.0,tanh,synthetic_proxy,-0.0005396388944441943,0.01785918292617039,0,0.0008836497170957884,1.7255481512414543,1.0,0,3.4924596548080444e-10,5.684341886080802e-14,0.3425877192982456,0.6129166666666667,-0.009166705420316057,P3_stronger_feedback
19,True,120,40,1000000,0.25,200000,0.02,0.25,0.03,4.0,1.0,0.002,0.0005,0.05,40,-0.08,0.0,0.3,0.15,0.02,5,0.15,3.0,0.1,100.0,1.0,30.0,1.0,tanh,synthetic_proxy,0.006124684911329226,0.0880478321360525,0,0.001610192065854272,1.7658877520752274,1.0,0,2.3283064365386963e-10,3.410605131648481e-13,0.4004385964912281,0.65,-0.08189309603259787,P3_stronger_feedback
0,False,120,40,1000000,0.25,200000,0.02,0.25,0.03,4.0,1.0,0.002,0.0005,0.05,40,-0.08,0.9,0.3,0.15,0.02,5,0.15,3.0,0.1,100.0,1.0,30.0,1.0,tanh,synthetic_proxy,-0.0010469662576644279,0.008771580071881835,0,0.0010888836053152796,1.7644771197381288,1.0,0,2.3283064365386963e-10,5.684341886080802e-14,0.7808771929824562,0.6858333333333333,0.00788346492176184,P3_stronger_feedback
0,True,120,40,1000000,0.25,200000,0.02,0.25,0.03,4.0,1.0,0.002,0.0005,0.05,40,-0.08,0.9,0.3,0.15,0.02,5,0.15,3.0,0.1,100.0,1.0,30.0,1.0,tanh,synthetic_proxy,0.0067855622608128385,0.07359632178391606,0,0.0017611283310430077,1.7857270897427857,1.0,0,3.4924596548080444e-10,4.547473508864641e-13,0.7856578947368421,0.7020833333333333,-0.06652591377808159,P3_stronger_feedback
1,False,120,40,1000000,0.25,200000,0.02,0.25,0.03,4.0,1.0,0.002,0.0005,0.05,40,-0.08,0.9,0.3,0.15,0.02,5,0.15,3.0,0.1,100.0,1.0,30.0,1.0,tanh,synthetic_proxy,-0.0007510011746776346,0.019831752580587447,0,0.0009406169470012077,1.720228913191124,1.0,0,2.3283064365386963e-10,8.526512829121202e-14,0.7463596491228071,0.6183333333333334,-0.016491384284858968,P3_stronger_feedback
1,True,120,40,1000000,0.25,200000,0.02,0.25,0.03,4.0,1.0,0.002,0.0005,0.05,40,-0.08,0.9,0.3,0.15,0.02,5,0.15,3.0,0.1,100.0,1.0,30.0,1.0,tanh,synthetic_proxy,0.005753814523731693,0.08989595438287812,0,0.0016876103388586761,1.7813622082653056,1.0,0,4.656612873077393e-10,1.0800249583553523e-12,0.7931140350877193,0.6741666666666667,-0.08942538330724104,P3_stronger_feedback
2,False,120,40,1000000,0.25,200000,0.02,0.25,0.03,4.0,1.0,0.002,0.0005,0.05,40,-0.08,0.9,0.3,0.15,0.02,5,0.15,3.0,0.1,100.0,1.0,30.0,1.0,tanh,synthetic_proxy,0.0013664557892003604,0.0058236126988948644,0,0.001013200862254987,1.7182507064057992,1.0,0,2.3283064365386963e-10,1.1368683772161603e-13,0.7685526315789474,0.6391666666666667,0.029317621888604428,P3_stronger_feedback
2,True,120,40,1000000,0.25,200000,0.02,0.25,0.03,4.0,1.0,0.002,0.0005,0.05,40,-0.08,0.9,0.3,0.15,0.02,5,0.15,3.0,0.1,100.0,1.0,30.0,1.0,tanh,synthetic_proxy,0.0026976808842456013,0.05370763081836083,0,0.0014954675552592744,1.74926699995934,1.0,0,2.3283064365386963e-10,1.7053025658242404e-13,0.7649122807017543,0.6558333333333334,-0.046151089161424075,P3_stronger_feedback
3,False,120,40,1000000,0.25,200000,0.02,0.25,0.03,4.0,1.0,0.002,0.0005,0.05,40,-0.08,0.9,0.3,0.15,0.02,5,0.15,3.0,0.1,100.0,1.0,30.0,1.0,tanh,synthetic_proxy,0.00014333552514300685,0.014732549671112039,0,0.0009506475640659536,1.7044247410798887,1.0,0,2.3283064365386963e-10,1.4210854715202004e-13,0.7155263157894737,0.6045833333333335,-0.012823008433928695,P3_stronger_feedback
3,True,120,40,1000000,0.25,200000,0.02,0.25,0.03,4.0,1.0,0.002,0.0005,0.05,40,-0.08,0.9,0.3,0.15,0.02,5,0.15,3.0,0.1,100.0,1.0,30.0,1.0,tanh,synthetic_proxy,0.0121174008337539,0.08494226821085415,0,0.0014924886116739324,1.7342323691520183,1.0,0,2.3283064365386963e-10,4.547473508864641e-13,0.7516666666666668,0.6129166666666667,-0.08494226821085415,P3_stronger_feedback
4,False,120,40,1000000,0.25,200000,0.02,0.25,0.03,4.0,1.0,0.002,0.0005,0.05,40,-0.08,0.9,0.3,0.15,0.02,5,0.15,3.0,0.1,100.0,1.0,30.0,1.0,tanh,synthetic_proxy,-0.001148199343170786,0.01603736360954955,0,0.0010624047674715606,1.700247769702693,1.0,0,2.3283064365386963e-10,1.1368683772161603e-13,0.7558333333333334,0.6045833333333334,0.015534846135522029,P3_stronger_feedback
4,True,120,40,1000000,0.25,200000,0.02,0.25,0.03,4.0,1.0,0.002,0.0005,0.05,40,-0.08,0.9,0.3,0.15,0.02,5,0.15,3.0,0.1,100.0,1.0,30.0,1.0,tanh,synthetic_proxy,0.001358346706189284,0.07999466162771662,0,0.001830794063409468,1.7523658944974092,1.0,0,3.4924596548080444e-10,5.684341886080801e-13,0.780438596491228,0.6479166666666667,-0.05954512818707858,P3_stronger_feedback
5,False,120,40,1000000,0.25,200000,0.02,0.25,0.03,4.0,1.0,0.002,0.0005,0.05,40,-0.08,0.9,0.3,0.15,0.02,5,0.15,3.0,0.1,100.0,1.0,30.0,1.0,tanh,synthetic_proxy,0.0006459428077270069,0.028736453215339575,0,0.0010671732949417037,1.7246522449315018,1.0,0,2.3283064365386963e-10,2.2737367544323206e-13,0.758421052631579,0.6449999999999999,-0.024117156676996543,P3_stronger_feedback
5,True,120,40,1000000,0.25,200000,0.02,0.25,0.03,4.0,1.0,0.002,0.0005,0.05,40,-0.08,0.9,0.3,0.15,0.02,5,0.15,3.0,0.1,100.0,1.0,30.0,1.0,tanh,synthetic_proxy,0.012446350796629702,0.09979512434998628,0,0.0017197633404282644,1.7778801597300802,1.0,0,4.656612873077393e-10,5.684341886080801e-13,0.7955263157894736,0.6870833333333333,-0.09626079833037593,P3_stronger_feedback
6,False,120,40,1000000,0.25,200000,0.02,0.25,0.03,4.0,1.0,0.002,0.0005,0.05,40,-0.08,0.9,0.3,0.15,0.02,5,0.15,3.0,0.1,100.0,1.0,30.0,1.0,tanh,synthetic_proxy,-0.00128913533621966,0.021764094346365948,0,0.0010656055890646624,1.7213377395207305,1.0,0,3.4924596548080444e-10,2.8421709430404007e-13,0.739122807017544,0.63125,-0.01027080957943638,P3_stronger_feedback
6,True,120,40,1000000,0.25,200000,0.02,0.25,0.03,4.0,1.0,0.002,0.0005,0.05,40,-0.08,0.9,0.3,0.15,0.02,5,0.15,3.0,0.1,100.0,1.0,30.0,1.0,tanh,synthetic_proxy,0.0016061833977942808,0.09106593921913342,0,0.001761141425619744,1.7742182434747207,1.0,0,4.656612873077393e-10,4.547473508864641e-13,0.7861403508771931,0.66125,-0.0824317656888196,P3_stronger_feedback
7,False,120,40,1000000,0.25,200000,0.02,0.25,0.03,4.0,1.0,0.002,0.0005,0.05,40,-0.08,0.9,0.3,0.15,0.02,5,0.15,3.0,0.1,100.0,1.0,30.0,1.0,tanh,synthetic_proxy,0.00022999907876486425,0.0070116505657059625,0,0.0010898608769926417,1.727122609770754,1.0,0,2.3283064365386963e-10,2.8421709430404007e-13,0.7538157894736843,0.61875,0.027092974965140293,P3_stronger_feedback
7,True,120,40,1000000,0.25,200000,0.02,0.25,0.03,4.0,1.0,0.002,0.0005,0.05,40,-0.08,0.9,0.3,0.15,0.02,5,0.15,3.0,0.1,100.0,1.0,30.0,1.0,tanh,synthetic_proxy,0.004074690519235258,0.06921187023946329,0,0.0018152465706666866,1.7872918081036715,1.0,0,2.3283064365386963e-10,4.547473508864641e-13,0.791359649122807,0.6741666666666667,-0.048970481987916537,P3_stronger_feedback
8,False,120,40,1000000,0.25,200000,0.02,0.25,0.03,4.0,1.0,0.002,0.0005,0.05,40,-0.08,0.9,0.3,0.15,0.02,5,0.15,3.0,0.1,100.0,1.0,30.0,1.0,tanh,synthetic_proxy,-0.00018539058880295833,0.027539235568327047,0,0.0010789459348028644,1.720629474984813,1.0,0,3.4924596548080444e-10,2.2737367544323206e-13,0.7877631578947368,0.6283333333333334,-0.015721186870763848,P3_stronger_feedback
8,True,120,40,1000000,0.25,200000,0.02,0.25,0.03,4.0,1.0,0.002,0.0005,0.05,40,-0.08,0.9,0.3,0.15,0.02,5,0.15,3.0,0.1,100.0,1.0,30.0,1.0,tanh,synthetic_proxy,0.004352484896778863,0.09813168057164023,0,0.001787560761529866,1.779341719511937,1.0,0,3.4924596548080444e-10,6.821210263296962e-13,0.7908771929824563,0.6745833333333332,-0.08816330137972517,P3_stronger_feedback
9,False,120,40,1000000,0.25,200000,0.02,0.25,0.03,4.0,1.0,0.002,0.0005,0.05,40,-0.08,0.9,0.3,0.15,0.02,5,0.15,3.0,0.1,100.0,1.0,30.0,1.0,tanh,synthetic_proxy,-0.0012242656854229983,0.008379700474226537,0,0.0009316823265375391,1.6873754675469588,1.0,0,3.4924596548080444e-10,1.7053025658242404e-13,0.7174122807017544,0.5629166666666667,0.02900781361792326,P3_stronger_feedback
9,True,120,40,1000000,0.25,200000,0.02,0.25,0.03,4.0,1.0,0.002,0.0005,0.05,40,-0.08,0.9,0.3,0.15,0.02,5,0.15,3.0,0.1,100.0,1.0,30.0,1.0,tanh,synthetic_proxy,0.007519047651157518,0.05706125537243678,0,0.0016120384448612564,1.7283761667895847,1.0,0,2.3283064365386963e-10,5.684341886080801e-13,0.7247807017543859,0.5958333333333333,-0.04743393748797431,P3_stronger_feedback
10,False,120,40,1000000,0.25,200000,0.02,0.25,0.03,4.0,1.0,0.002,0.0005,0.05,40,-0.08,0.9,0.3,0.15,0.02,5,0.15,3.0,0.1,100.0,1.0,30.0,1.0,tanh,synthetic_proxy,0.003748848008724881,0.04932806393149303,0,0.0009726809954660057,1.7097587013077535,1.0,0,2.3283064365386963e-10,4.547473508864641e-13,0.7257894736842107,0.5958333333333333,-0.04561288778787698,P3_stronger_feedback
10,True,120,40,1000000,0.25,200000,0.02,0.25,0.03,4.0,1.0,0.002,0.0005,0.05,40,-0.08,0.9,0.3,0.15,0.02,5,0.15,3.0,0.1,100.0,1.0,30.0,1.0,tanh,synthetic_proxy,0.01877880758338346,0.11943809114258463,1,0.0017231765201107933,1.778362399670328,1.0,0,2.3283064365386963e-10,1.0231815394945443e-12,0.7651754385964913,0.6745833333333334,-0.11601794189944103,P3_stronger_feedback
11,False,120,40,1000000,0.25,200000,0.02,0.25,0.03,4.0,1.0,0.002,0.0005,0.05,40,-0.08,0.9,0.3,0.15,0.02,5,0.15,3.0,0.1,100.0,1.0,30.0,1.0,tanh,synthetic_proxy,-0.0003242380720936966,0.011711063980597292,0,0.0009807031986681885,1.6998127950640953,1.0,0,2.3283064365386963e-10,1.2789769243681803e-13,0.7442543859649123,0.6179166666666667,0.006320379977737822,P3_stronger_feedback
11,True,120,40,1000000,0.25,200000,0.02,0.25,0.03,4.0,1.0,0.002,0.0005,0.05,40,-0.08,0.9,0.3,0.15,0.02,5,0.15,3.0,0.1,100.0,1.0,30.0,1.0,tanh,synthetic_proxy,0.004244262858120296,0.07466963068187626,0,0.0015658508712861376,1.7541524567477556,1.0,0,2.3283064365386963e-10,9.094947017729282e-13,0.7615350877192982,0.6720833333333334,-0.0679194597721775,P3_stronger_feedback
12,False,120,40,1000000,0.25,200000,0.02,0.25,0.03,4.0,1.0,0.002,0.0005,0.05,40,-0.08,0.9,0.3,0.15,0.02,5,0.15,3.0,0.1,100.0,1.0,30.0,1.0,tanh,synthetic_proxy,-0.0006357062175822437,0.010600132238873461,0,0.0010102929141632075,1.7218740529541587,1.0,0,2.3283064365386963e-10,2.2737367544323206e-13,0.7583771929824562,0.6416666666666667,0.010502522366093059,P3_stronger_feedback
12,True,120,40,1000000,0.25,200000,0.02,0.25,0.03,4.0,1.0,0.002,0.0005,0.05,40,-0.08,0.9,0.3,0.15,0.02,5,0.15,3.0,0.1,100.0,1.0,30.0,1.0,tanh,synthetic_proxy,0.005019254505503445,0.0655468378105184,0,0.0016389895814241098,1.7438736818093545,1.0,0,2.3283064365386963e-10,4.547473508864641e-13,0.7814473684210526,0.63875,-0.06373384730070408,P3_stronger_feedback
13,False,120,40,1000000,0.25,200000,0.02,0.25,0.03,4.0,1.0,0.002,0.0005,0.05,40,-0.08,0.9,0.3,0.15,0.02,5,0.15,3.0,0.1,100.0,1.0,30.0,1.0,tanh,synthetic_proxy,0.0010058073884549046,0.020431147958753226,0,0.0009675082893730405,1.6848701646373452,1.0,0,2.3283064365386963e-10,2.2737367544323206e-13,0.7612280701754386,0.6070833333333333,-0.019442048479325513,P3_stronger_feedback
13,True,120,40,1000000,0.25,200000,0.02,0.25,0.03,4.0,1.0,0.002,0.0005,0.05,40,-0.08,0.9,0.3,0.15,0.02,5,0.15,3.0,0.1,100.0,1.0,30.0,1.0,tanh,synthetic_proxy,0.01428406119696457,0.09260285976395732,0,0.0016922296997293666,1.7356721579503305,1.0,0,3.4924596548080444e-10,6.821210263296962e-13,0.7811842105263158,0.6408333333333334,-0.09168663418453904,P3_stronger_feedback
14,False,120,40,1000000,0.25,200000,0.02,0.25,0.03,4.0,1.0,0.002,0.0005,0.05,40,-0.08,0.9,0.3,0.15,0.02,5,0.15,3.0,0.1,100.0,1.0,30.0,1.0,tanh,synthetic_proxy,-0.0010284685035870655,0.013879598866786025,0,0.00103374471168666,1.7116173721819954,1.0,0,2.3283064365386963e-10,1.9895196601282805e-13,0.7496929824561405,0.6325,-0.005799430172833242,P3_stronger_feedback
14,True,120,40,1000000,0.25,200000,0.02,0.25,0.03,4.0,1.0,0.002,0.0005,0.05,40,-0.08,0.9,0.3,0.15,0.02,5,0.15,3.0,0.1,100.0,1.0,30.0,1.0,tanh,synthetic_proxy,0.006542528933711322,0.08114444027383727,0,0.0016932205110958176,1.7696254608206292,1.0,0,2.3283064365386963e-10,4.547473508864641e-13,0.8014912280701755,0.7041666666666667,-0.07850202673505391,P3_stronger_feedback
15,False,120,40,1000000,0.25,200000,0.02,0.25,0.03,4.0,1.0,0.002,0.0005,0.05,40,-0.08,0.9,0.3,0.15,0.02,5,0.15,3.0,0.1,100.0,1.0,30.0,1.0,tanh,synthetic_proxy,0.00022548290358725964,0.018172238476253932,0,0.0010206955645193786,1.7162005068336539,1.0,0,3.4924596548080444e-10,3.694822225952521e-13,0.755438596491228,0.6295833333333334,-0.008233767837320327,P3_stronger_feedback
15,True,120,40,1000000,0.25,200000,0.02,0.25,0.03,4.0,1.0,0.002,0.0005,0.05,40,-0.08,0.9,0.3,0.15,0.02,5,0.15,3.0,0.1,100.0,1.0,30.0,1.0,tanh,synthetic_proxy,0.01432774763175293,0.08662745300818975,0,0.001755320363266116,1.7686695495614488,1.0,0,3.4924596548080444e-10,4.547473508864641e-13,0.7678070175438596,0.6724999999999999,-0.08155673251772455,P3_stronger_feedback
16,False,120,40,1000000,0.25,200000,0.02,0.25,0.03,4.0,1.0,0.002,0.0005,0.05,40,-0.08,0.9,0.3,0.15,0.02,5,0.15,3.0,0.1,100.0,1.0,30.0,1.0,tanh,synthetic_proxy,-0.0014242321717067297,0.012925209910119362,0,0.0010656182379782803,1.696758702572751,1.0,0,2.3283064365386963e-10,1.1368683772161603e-13,0.743421052631579,0.5875,0.009214526191867911,P3_stronger_feedback
16,True,120,40,1000000,0.25,200000,0.02,0.25,0.03,4.0,1.0,0.002,0.0005,0.05,40,-0.08,0.9,0.3,0.15,0.02,5,0.15,3.0,0.1,100.0,1.0,30.0,1.0,tanh,synthetic_proxy,0.007824228656085896,0.06905122364141902,0,0.0016489946143705837,1.7518816096990406,1.0,0,2.3283064365386963e-10,4.547473508864641e-13,0.7533771929824561,0.6395833333333333,-0.06554935693834107,P3_stronger_feedback
17,False,120,40,1000000,0.25,200000,0.02,0.25,0.03,4.0,1.0,0.002,0.0005,0.05,40,-0.08,0.9,0.3,0.15,0.02,5,0.15,3.0,0.1,100.0,1.0,30.0,1.0,tanh,synthetic_proxy,-0.0006834753631993484,0.019490082479455495,0,0.001097151170480764,1.744125166926316,1.0,0,2.3283064365386963e-10,2.2737367544323206e-13,0.7762280701754387,0.7008333333333334,0.0007986959353800671,P3_stronger_feedback
17,True,120,40,1000000,0.25,200000,0.02,0.25,0.03,4.0,1.0,0.002,0.0005,0.05,40,-0.08,0.9,0.3,0.15,0.02,5,0.15,3.0,0.1,100.0,1.0,30.0,1.0,tanh,synthetic_proxy,0.011789648707165146,0.07771998040034411,0,0.0017619849544903054,1.7763175094248203,1.0,0,3.4924596548080444e-10,7.958078640513122e-13,0.7894736842105263,0.7233333333333333,-0.07378380962659092,P3_stronger_feedback
18,False,120,40,1000000,0.25,200000,0.02,0.25,0.03,4.0,1.0,0.002,0.0005,0.05,40,-0.08,0.9,0.3,0.15,0.02,5,0.15,3.0,0.1,100.0,1.0,30.0,1.0,tanh,synthetic_proxy,-0.0006363636766847369,0.007758369799592546,0,0.0010446207946628822,1.7158703925265788,1.0,0,2.3283064365386963e-10,1.7053025658242404e-13,0.7362719298245614,0.605,-0.0027399272764435656,P3_stronger_feedback
18,True,120,40,1000000,0.25,200000,0.02,0.25,0.03,4.0,1.0,0.002,0.0005,0.05,40,-0.08,0.9,0.3,0.15,0.02,5,0.15,3.0,0.1,100.0,1.0,30.0,1.0,tanh,synthetic_proxy,0.01064298896192839,0.07667487681839147,0,0.0018015677723115227,1.778113942514299,1.0,0,2.3283064365386963e-10,3.410605131648481e-13,0.7816228070175438,0.6695833333333333,-0.07598376877675672,P3_stronger_feedback
19,False,120,40,1000000,0.25,200000,0.02,0.25,0.03,4.0,1.0,0.002,0.0005,0.05,40,-0.08,0.9,0.3,0.15,0.02,5,0.15,3.0,0.1,100.0,1.0,30.0,1.0,tanh,synthetic_proxy,-0.0006495061915926525,0.021458359321025577,0,0.001032790527026758,1.7584656651212363,1.0,0,2.3283064365386963e-10,3.410605131648481e-13,0.7820175438596492,0.68125,-0.011670726629424588,P3_stronger_feedback
19,True,120,40,1000000,0.25,200000,0.02,0.25,0.03,4.0,1.0,0.002,0.0005,0.05,40,-0.08,0.9,0.3,0.15,0.02,5,0.15,3.0,0.1,100.0,1.0,30.0,1.0,tanh,synthetic_proxy,0.0019805727087418568,0.09030654854790232,0,0.001723029776742808,1.818708599394932,1.0,0,3.4924596548080444e-10,4.547473508864641e-13,0.8111403508771929,0.7404166666666666,-0.08313111595361034,P3_stronger_feedback
0,False,120,40,1000000,0.75,200000,0.02,0.25,0.03,4.0,1.0,0.002,0.0005,0.05,40,-0.08,0.0,0.3,0.15,0.02,5,0.15,3.0,0.1,100.0,1.0,30.0,1.0,tanh,synthetic_proxy,-0.0002704270151012711,0.01041751783043443,0,0.0007571869369589625,1.5665695009253087,1.0,0,2.3283064365386963e-10,1.7053025658242404e-13,0.34100877192982454,0.6262500000000001,0.007552461178992553,P3_stronger_feedback
0,True,120,40,1000000,0.75,200000,0.02,0.25,0.03,4.0,1.0,0.002,0.0005,0.05,40,-0.08,0.0,0.3,0.15,0.02,5,0.15,3.0,0.1,100.0,1.0,30.0,1.0,tanh,synthetic_proxy,0.004891006164044809,0.0762657371266997,0,0.0016756665037839312,1.613976764523407,1.0,0,2.3283064365386963e-10,6.821210263296962e-13,0.3914473684210526,0.6649999999999999,-0.06658780606533421,P3_stronger_feedback
1,False,120,40,1000000,0.75,200000,0.02,0.25,0.03,4.0,1.0,0.002,0.0005,0.05,40,-0.08,0.0,0.3,0.15,0.02,5,0.15,3.0,0.1,100.0,1.0,30.0,1.0,tanh,synthetic_proxy,-5.77060572104493e-06,0.01994266445093007,0,0.0007368485436849085,1.553956671232023,1.0,0,2.3283064365386963e-10,4.547473508864641e-13,0.3367982456140351,0.6320833333333333,-0.014768158512824758,P3_stronger_feedback
1,True,120,40,1000000,0.75,200000,0.02,0.25,0.03,4.0,1.0,0.002,0.0005,0.05,40,-0.08,0.0,0.3,0.15,0.02,5,0.15,3.0,0.1,100.0,1.0,30.0,1.0,tanh,synthetic_proxy,0.010705615944875735,0.08908240600176154,0,0.00154693324719012,1.6197074091292223,1.0,0,3.4924596548080444e-10,6.821210263296962e-13,0.4066666666666666,0.6795833333333334,-0.08735723677778451,P3_stronger_feedback
2,False,120,40,1000000,0.75,200000,0.02,0.25,0.03,4.0,1.0,0.002,0.0005,0.05,40,-0.08,0.0,0.3,0.15,0.02,5,0.15,3.0,0.1,100.0,1.0,30.0,1.0,tanh,synthetic_proxy,0.0015799143756018985,0.006765005362401211,0,0.0008831414297828372,1.5576382755656335,1.0,0,2.3283064365386963e-10,3.410605131648481e-13,0.3526754385964912,0.6329166666666668,0.02960482910350204,P3_stronger_feedback
2,True,120,40,1000000,0.75,200000,0.02,0.25,0.03,4.0,1.0,0.002,0.0005,0.05,40,-0.08,0.0,0.3,0.15,0.02,5,0.15,3.0,0.1,100.0,1.0,30.0,1.0,tanh,synthetic_proxy,0.0012727442894828744,0.057775876134852244,0,0.0014215557914099672,1.5477218325778903,1.0,0,3.4924596548080444e-10,2.2737367544323206e-13,0.3756140350877193,0.63,-0.04657083345571489,P3_stronger_feedback
3,False,120,40,1000000,0.75,200000,0.02,0.25,0.03,4.0,1.0,0.002,0.0005,0.05,40,-0.08,0.0,0.3,0.15,0.02,5,0.15,3.0,0.1,100.0,1.0,30.0,1.0,tanh,synthetic_proxy,-0.0005138702077699397,0.015561864503298772,0,0.0007546938285059294,1.5310104435466412,1.0,0,2.3283064365386963e-10,7.638334409421077e-14,0.3445175438596491,0.6116666666666666,-0.010635944610501324,P3_stronger_feedback
3,True,120,40,1000000,0.75,200000,0.02,0.25,0.03,4.0,1.0,0.002,0.0005,0.05,40,-0.08,0.0,0.3,0.15,0.02,5,0.15,3.0,0.1,100.0,1.0,30.0,1.0,tanh,synthetic_proxy,0.0066776361621305735,0.08578019913446377,0,0.0014912224587741959,1.5579704156516085,1.0,0,3.4924596548080444e-10,6.821210263296962e-13,0.393859649122807,0.6366666666666667,-0.08398654777295111,P3_stronger_feedback
4,False,120,40,1000000,0.75,200000,0.02,0.25,0.03,4.0,1.0,0.002,0.0005,0.05,40,-0.08,0.0,0.3,0.15,0.02,5,0.15,3.0,0.1,100.0,1.0,30.0,1.0,tanh,synthetic_proxy,-0.0001277697174714154,0.016004134202678988,0,0.0008217531756394666,1.5081324577200883,1.0,0,2.3283064365386963e-10,1.1368683772161603e-13,0.3465350877192982,0.6020833333333333,0.018565582502132028,P3_stronger_feedback
4,True,120,40,1000000,0.75,200000,0.02,0.25,0.03,4.0,1.0,0.002,0.0005,0.05,40,-0.08,0.0,0.3,0.15,0.02,5,0.15,3.0,0.1,100.0,1.0,30.0,1.0,tanh,synthetic_proxy,0.0047415507789230205,0.08105163045785235,0,0.001752098384820713,1.5794552260734274,1.0,0,3.4924596548080444e-10,1.1368683772161603e-12,0.4031578947368421,0.6529166666666666,-0.057797236280857756,P3_stronger_feedback
5,False,120,40,1000000,0.75,200000,0.02,0.25,0.03,4.0,1.0,0.002,0.0005,0.05,40,-0.08,0.0,0.3,0.15,0.02,5,0.15,3.0,0.1,100.0,1.0,30.0,1.0,tanh,synthetic_proxy,0.0006741266061480733,0.029620970184669693,0,0.0007610579227773055,1.5342823624419648,1.0,0,4.656612873077393e-10,2.8421709430404007e-13,0.34293859649122804,0.6270833333333333,-0.025947958086245726,P3_stronger_feedback
5,True,120,40,1000000,0.75,200000,0.02,0.25,0.03,4.0,1.0,0.002,0.0005,0.05,40,-0.08,0.0,0.3,0.15,0.02,5,0.15,3.0,0.1,100.0,1.0,30.0,1.0,tanh,synthetic_proxy,0.01203654982804081,0.10027481775935376,1,0.001475166456905711,1.5987394485491044,1.0,0,2.3283064365386963e-10,4.547473508864641e-13,0.40732456140350876,0.6649999999999998,-0.09702267681806509,P3_stronger_feedback
6,False,120,40,1000000,0.75,200000,0.02,0.25,0.03,4.0,1.0,0.002,0.0005,0.05,40,-0.08,0.0,0.3,0.15,0.02,5,0.15,3.0,0.1,100.0,1.0,30.0,1.0,tanh,synthetic_proxy,-0.00019545959076583408,0.019429596709494623,0,0.0008385370830544333,1.5793916598408597,1.0,0,2.3283064365386963e-10,2.8421709430404007e-13,0.3398684210526316,0.64375,-0.01094090705076911,P3_stronger_feedback
6,True,120,40,1000000,0.75,200000,0.02,0.25,0.03,4.0,1.0,0.002,0.0005,0.05,40,-0.08,0.0,0.3,0.15,0.02,5,0.15,3.0,0.1,100.0,1.0,30.0,1.0,tanh,synthetic_proxy,0.008731286763564938,0.09108739347797168,0,0.0016848525279416174,1.64616744793914,1.0,0,2.3283064365386963e-10,2.2737367544323206e-13,0.4048245614035088,0.6875,-0.0833799909430114,P3_stronger_feedback
7,False,120,40,1000000,0.75,200000,0.02,0.25,0.03,4.0,1.0,0.002,0.0005,0.05,40,-0.08,0.0,0.3,0.15,0.02,5,0.15,3.0,0.1,100.0,1.0,30.0,1.0,tanh,synthetic_proxy,0.00101799792275159,0.007860180038932962,0,0.0008611592488416951,1.5489604451415138,1.0,0,2.3283064365386963e-10,9.094947017729282e-13,0.34657894736842104,0.62,0.025892252617259803,P3_stronger_feedback
7,True,120,40,1000000,0.75,200000,0.02,0.25,0.03,4.0,1.0,0.002,0.0005,0.05,40,-0.08,0.0,0.3,0.15,0.02,5,0.15,3.0,0.1,100.0,1.0,30.0,1.0,tanh,synthetic_proxy,0.0013627333291708066,0.07508981478598276,0,0.001772538804441168,1.5838128667777596,1.0,0,2.3283064365386963e-10,3.410605131648481e-13,0.39087719298245616,0.6445833333333333,-0.04959492825620104,P3_stronger_feedback
8,False,120,40,1000000,0.75,200000,0.02,0.25,0.03,4.0,1.0,0.002,0.0005,0.05,40,-0.08,0.0,0.3,0.15,0.02,5,0.15,3.0,0.1,100.0,1.0,30.0,1.0,tanh,synthetic_proxy,0.00023464727759447968,0.028482872935579828,0,0.0008597296463677472,1.5142565480465104,1.0,0,3.4924596548080444e-10,3.410605131648481e-13,0.3517105263157895,0.6058333333333332,-0.016522327863600417,P3_stronger_feedback
8,True,120,40,1000000,0.75,200000,0.02,0.25,0.03,4.0,1.0,0.002,0.0005,0.05,40,-0.08,0.0,0.3,0.15,0.02,5,0.15,3.0,0.1,100.0,1.0,30.0,1.0,tanh,synthetic_proxy,0.009859819688380789,0.09852185848140804,0,0.0017145752444572174,1.5926029996024573,1.0,0,4.656612873077393e-10,1.1368683772161603e-12,0.41842105263157897,0.6595833333333334,-0.0888695360668007,P3_stronger_feedback
9,False,120,40,1000000,0.75,200000,0.02,0.25,0.03,4.0,1.0,0.002,0.0005,0.05,40,-0.08,0.0,0.3,0.15,0.02,5,0.15,3.0,0.1,100.0,1.0,30.0,1.0,tanh,synthetic_proxy,0.0005022482271006545,0.00945729050291344,0,0.000770710123589402,1.5819162547372083,1.0,0,2.3283064365386963e-10,1.7053025658242404e-13,0.3412280701754386,0.6445833333333333,0.02979545098350944,P3_stronger_feedback
9,True,120,40,1000000,0.75,200000,0.02,0.25,0.03,4.0,1.0,0.002,0.0005,0.05,40,-0.08,0.0,0.3,0.15,0.02,5,0.15,3.0,0.1,100.0,1.0,30.0,1.0,tanh,synthetic_proxy,0.0038424058981239018,0.05804138977601181,0,0.0015301216382485742,1.605010787819529,1.0,0,4.656612873077393e-10,4.547473508864641e-13,0.3849122807017544,0.6633333333333333,-0.04719279011874822,P3_stronger_feedback
10,False,120,40,1000000,0.75,200000,0.02,0.25,0.03,4.0,1.0,0.002,0.0005,0.05,40,-0.08,0.0,0.3,0.15,0.02,5,0.15,3.0,0.1,100.0,1.0,30.0,1.0,tanh,synthetic_proxy,0.0033031028518748506,0.0481312532999143,0,0.0007276350447137294,1.5440431760930553,1.0,0,3.4924596548080444e-10,6.821210263296962e-13,0.3510526315789474,0.6370833333333333,-0.04539513852308674,P3_stronger_feedback
10,True,120,40,1000000,0.75,200000,0.02,0.25,0.03,4.0,1.0,0.002,0.0005,0.05,40,-0.08,0.0,0.3,0.15,0.02,5,0.15,3.0,0.1,100.0,1.0,30.0,1.0,tanh,synthetic_proxy,0.01746197043845421,0.11897131856993215,1,0.001620022574429651,1.6352551120472076,1.0,0,2.3283064365386963e-10,4.547473508864641e-13,0.43850877192982457,0.6866666666666668,-0.11643883118401177,P3_stronger_feedback
11,False,120,40,1000000,0.75,200000,0.02,0.25,0.03,4.0,1.0,0.002,0.0005,0.05,40,-0.08,0.0,0.3,0.15,0.02,5,0.15,3.0,0.1,100.0,1.0,30.0,1.0,tanh,synthetic_proxy,-0.000487653921663167,0.01226049549149777,0,0.0007223248318044451,1.5208944188442752,1.0,0,3.4924596548080444e-10,1.4210854715202004e-13,0.33969298245614027,0.6108333333333333,0.003987451716974011,P3_stronger_feedback
11,True,120,40,1000000,0.75,200000,0.02,0.25,0.03,4.0,1.0,0.002,0.0005,0.05,40,-0.08,0.0,0.3,0.15,0.02,5,0.15,3.0,0.1,100.0,1.0,30.0,1.0,tanh,synthetic_proxy,0.007539439090661348,0.07264366630767838,0,0.0013895779996743224,1.5326705026968688,1.0,0,3.4924596548080444e-10,4.547473508864641e-13,0.3972368421052632,0.6383333333333333,-0.06927469933440411,P3_stronger_feedback
12,False,120,40,1000000,0.75,200000,0.02,0.25,0.03,4.0,1.0,0.002,0.0005,0.05,40,-0.08,0.0,0.3,0.15,0.02,5,0.15,3.0,0.1,100.0,1.0,30.0,1.0,tanh,synthetic_proxy,-0.0004684788675186624,0.012224517484123676,0,0.0008148169360827768,1.5442525393734774,1.0,0,2.3283064365386963e-10,1.1368683772161603e-13,0.343859649122807,0.625,0.01283165749072257,P3_stronger_feedback
12,True,120,40,1000000,0.75,200000,0.02,0.25,0.03,4.0,1.0,0.002,0.0005,0.05,40,-0.08,0.0,0.3,0.15,0.02,5,0.15,3.0,0.1,100.0,1.0,30.0,1.0,tanh,synthetic_proxy,0.006244839750522813,0.06465790015079453,0,0.00146649764188873,1.5709515304529527,1.0,0,3.4924596548080444e-10,4.547473508864641e-13,0.38561403508771924,0.6495833333333334,-0.062195452219645064,P3_stronger_feedback
13,False,120,40,1000000,0.75,200000,0.02,0.25,0.03,4.0,1.0,0.002,0.0005,0.05,40,-0.08,0.0,0.3,0.15,0.02,5,0.15,3.0,0.1,100.0,1.0,30.0,1.0,tanh,synthetic_proxy,7.629468576486609e-05,0.022206358718878882,0,0.0007643605385385704,1.569346880605951,1.0,0,2.3283064365386963e-10,4.831690603168681e-13,0.33399122807017545,0.64125,-0.021464570070358402,P3_stronger_feedback
13,True,120,40,1000000,0.75,200000,0.02,0.25,0.03,4.0,1.0,0.002,0.0005,0.05,40,-0.08,0.0,0.3,0.15,0.02,5,0.15,3.0,0.1,100.0,1.0,30.0,1.0,tanh,synthetic_proxy,0.011179451697580278,0.09426917997423023,0,0.0015504755367954902,1.6030953257966032,1.0,0,3.4924596548080444e-10,4.547473508864641e-13,0.3860964912280702,0.67375,-0.09358206071660236,P3_stronger_feedback
14,False,120,40,1000000,0.75,200000,0.02,0.25,0.03,4.0,1.0,0.002,0.0005,0.05,40,-0.08,0.0,0.3,0.15,0.02,5,0.15,3.0,0.1,100.0,1.0,30.0,1.0,tanh,synthetic_proxy,-0.00029005218095501384,0.012955011157731233,0,0.0007340964921093113,1.5313074432189737,1.0,0,2.3283064365386963e-10,1.4210854715202004e-13,0.3414035087719298,0.6154166666666666,-0.0004529167885740648,P3_stronger_feedback
14,True,120,40,1000000,0.75,200000,0.02,0.25,0.03,4.0,1.0,0.002,0.0005,0.05,40,-0.08,0.0,0.3,0.15,0.02,5,0.15,3.0,0.1,100.0,1.0,30.0,1.0,tanh,synthetic_proxy,0.0076383487917253134,0.08043215998133357,0,0.0015776484152812413,1.571551839949793,1.0,0,2.3283064365386963e-10,4.547473508864641e-13,0.3928947368421053,0.6504166666666666,-0.0748273954153652,P3_stronger_feedback
15,False,120,40,1000000,0.75,200000,0.02,0.25,0.03,4.0,1.0,0.002,0.0005,0.05,40,-0.08,0.0,0.3,0.15,0.02,5,0.15,3.0,0.1,100.0,1.0,30.0,1.0,tanh,synthetic_proxy,-0.0003586948652345434,0.01940219798271703,0,0.0007296851561244772,1.5423834829618521,1.0,0,3.4924596548080444e-10,1.0658141036401503e-13,0.3439473684210526,0.6129166666666667,-0.008187159124425802,P3_stronger_feedback
15,True,120,40,1000000,0.75,200000,0.02,0.25,0.03,4.0,1.0,0.002,0.0005,0.05,40,-0.08,0.0,0.3,0.15,0.02,5,0.15,3.0,0.1,100.0,1.0,30.0,1.0,tanh,synthetic_proxy,0.00774025223305963,0.0870808222747157,0,0.0015962799620851441,1.5804215881027894,1.0,0,3.4924596548080444e-10,5.684341886080801e-13,0.3905701754385965,0.6520833333333333,-0.08250872362094552,P3_stronger_feedback
16,False,120,40,1000000,0.75,200000,0.02,0.25,0.03,4.0,1.0,0.002,0.0005,0.05,40,-0.08,0.0,0.3,0.15,0.02,5,0.15,3.0,0.1,100.0,1.0,30.0,1.0,tanh,synthetic_proxy,-0.0003750799757618051,0.01459950793888598,0,0.0008290274628969567,1.5687178372928583,1.0,0,2.3283064365386963e-10,1.1368683772161603e-13,0.344780701754386,0.63125,0.00960800159621833,P3_stronger_feedback
16,True,120,40,1000000,0.75,200000,0.02,0.25,0.03,4.0,1.0,0.002,0.0005,0.05,40,-0.08,0.0,0.3,0.15,0.02,5,0.15,3.0,0.1,100.0,1.0,30.0,1.0,tanh,synthetic_proxy,0.005041465148660995,0.06915845283254929,0,0.0015565499447537576,1.5913237615178453,1.0,0,2.3283064365386963e-10,3.410605131648481e-13,0.393859649122807,0.6575000000000001,-0.06464601779827817,P3_stronger_feedback
17,False,120,40,1000000,0.75,200000,0.02,0.25,0.03,4.0,1.0,0.002,0.0005,0.05,40,-0.08,0.0,0.3,0.15,0.02,5,0.15,3.0,0.1,100.0,1.0,30.0,1.0,tanh,synthetic_proxy,0.0003649540120138628,0.0198899846560191,0,0.0008224330239389665,1.5331046464367084,1.0,0,4.656612873077393e-10,3.410605131648481e-13,0.3473684210526316,0.6158333333333333,-0.0007197588560445833,P3_stronger_feedback
17,True,120,40,1000000,0.75,200000,0.02,0.25,0.03,4.0,1.0,0.002,0.0005,0.05,40,-0.08,0.0,0.3,0.15,0.02,5,0.15,3.0,0.1,100.0,1.0,30.0,1.0,tanh,synthetic_proxy,0.010101132086929976,0.0785431179756727,0,0.0015696422370500833,1.591203929499859,1.0,0,4.656612873077393e-10,1.1368683772161603e-12,0.3980263157894736,0.66,-0.07471205851568585,P3_stronger_feedback
18,False,120,40,1000000,0.75,200000,0.02,0.25,0.03,4.0,1.0,0.002,0.0005,0.05,40,-0.08,0.0,0.3,0.15,0.02,5,0.15,3.0,0.1,100.0,1.0,30.0,1.0,tanh,synthetic_proxy,-0.00045539161321028754,0.007584988113189084,0,0.0007316111437762887,1.5398010290629323,1.0,0,2.3283064365386963e-10,1.9184653865522705e-13,0.3375438596491228,0.6141666666666666,-0.004448020325126811,P3_stronger_feedback
18,True,120,40,1000000,0.75,200000,0.02,0.25,0.03,4.0,1.0,0.002,0.0005,0.05,40,-0.08,0.0,0.3,0.15,0.02,5,0.15,3.0,0.1,100.0,1.0,30.0,1.0,tanh,synthetic_proxy,0.006952165730460758,0.07750705403672464,0,0.0016328580350922154,1.582434414068616,1.0,0,3.4924596548080444e-10,6.821210263296962e-13,0.3885087719298246,0.65,-0.07668772502921795,P3_stronger_feedback
19,False,120,40,1000000,0.75,200000,0.02,0.25,0.03,4.0,1.0,0.002,0.0005,0.05,40,-0.08,0.0,0.3,0.15,0.02,5,0.15,3.0,0.1,100.0,1.0,30.0,1.0,tanh,synthetic_proxy,-0.0005146761231470398,0.01920817363085925,0,0.0008423687568726103,1.530350676746567,1.0,0,2.3283064365386963e-10,1.7053025658242404e-13,0.3436842105263158,0.6058333333333334,-0.009435928098352475,P3_stronger_feedback
19,True,120,40,1000000,0.75,200000,0.02,0.25,0.03,4.0,1.0,0.002,0.0005,0.05,40,-0.08,0.0,0.3,0.15,0.02,5,0.15,3.0,0.1,100.0,1.0,30.0,1.0,tanh,synthetic_proxy,0.006322122511638106,0.08941488363758843,0,0.0016217945067674847,1.5598414203169149,1.0,0,2.3283064365386963e-10,6.821210263296962e-13,0.3982894736842105,0.6412499999999999,-0.08181010202032934,P3_stronger_feedback
0,False,120,40,1000000,0.75,200000,0.02,0.25,0.03,4.0,1.0,0.002,0.0005,0.05,40,-0.08,0.9,0.3,0.15,0.02,5,0.15,3.0,0.1,100.0,1.0,30.0,1.0,tanh,synthetic_proxy,-0.00121583361998856,0.01783000875637175,0,0.001922219475152907,1.6758088702855076,1.0,0,3.4924596548080444e-10,2.8421709430404007e-13,0.7746052631578948,0.6816666666666666,0.008241042002721244,P3_stronger_feedback
0,True,120,40,1000000,0.75,200000,0.02,0.25,0.03,4.0,1.0,0.002,0.0005,0.05,40,-0.08,0.9,0.3,0.15,0.02,5,0.15,3.0,0.1,100.0,1.0,30.0,1.0,tanh,synthetic_proxy,0.006157193712757358,0.07722673748284459,0,0.002285597234899089,1.710560326841881,1.0,0,2.3283064365386963e-10,4.547473508864641e-13,0.7793859649122807,0.7079166666666666,-0.06657016682599615,P3_stronger_feedback
1,False,120,40,1000000,0.75,200000,0.02,0.25,0.03,4.0,1.0,0.002,0.0005,0.05,40,-0.08,0.9,0.3,0.15,0.02,5,0.15,3.0,0.1,100.0,1.0,30.0,1.0,tanh,synthetic_proxy,-0.0008052429174262299,0.025216519028994577,0,0.0016678781975772398,1.5612335060116085,1.0,0,2.3283064365386963e-10,2.8421709430404007e-13,0.7548245614035088,0.6195833333333333,-0.01846781320551405,P3_stronger_feedback
1,True,120,40,1000000,0.75,200000,0.02,0.25,0.03,4.0,1.0,0.002,0.0005,0.05,40,-0.08,0.9,0.3,0.15,0.02,5,0.15,3.0,0.1,100.0,1.0,30.0,1.0,tanh,synthetic_proxy,0.006244151994917679,0.09673857479947123,0,0.002206166738909057,1.6432016643992513,1.0,0,3.4924596548080444e-10,4.547473508864641e-13,0.7928070175438596,0.6691666666666668,-0.09229134935121419,P3_stronger_feedback
2,False,120,40,1000000,0.75,200000,0.02,0.25,0.03,4.0,1.0,0.002,0.0005,0.05,40,-0.08,0.9,0.3,0.15,0.02,5,0.15,3.0,0.1,100.0,1.0,30.0,1.0,tanh,synthetic_proxy,0.0010349558872897457,0.0167858401584301,0,0.0016661298338811969,1.584025812150178,1.0,0,2.3283064365386963e-10,6.821210263296962e-13,0.7687280701754386,0.6504166666666668,0.030811848167891398,P3_stronger_feedback
2,True,120,40,1000000,0.75,200000,0.02,0.25,0.03,4.0,1.0,0.002,0.0005,0.05,40,-0.08,0.9,0.3,0.15,0.02,5,0.15,3.0,0.1,100.0,1.0,30.0,1.0,tanh,synthetic_proxy,0.0018860093569863512,0.05945539697163249,0,0.0020229955600406294,1.6269252686667324,1.0,0,2.3283064365386963e-10,4.547473508864641e-13,0.7560964912280702,0.6633333333333333,-0.045075052120594705,P3_stronger_feedback
3,False,120,40,1000000,0.75,200000,0.02,0.25,0.03,4.0,1.0,0.002,0.0005,0.05,40,-0.08,0.9,0.3,0.15,0.02,5,0.15,3.0,0.1,100.0,1.0,30.0,1.0,tanh,synthetic_proxy,4.248541430662556e-05,0.020099047391718194,0,0.0016692675275860203,1.5158670642110381,1.0,0,3.4924596548080444e-10,2.2737367544323206e-13,0.7264912280701754,0.60625,-0.016316361037880367,P3_stronger_feedback
3,True,120,40,1000000,0.75,200000,0.02,0.25,0.03,4.0,1.0,0.002,0.0005,0.05,40,-0.08,0.9,0.3,0.15,0.02,5,0.15,3.0,0.1,100.0,1.0,30.0,1.0,tanh,synthetic_proxy,0.011670108303313054,0.08694035751820206,0,0.00188582747775159,1.491230483632888,1.0,0,3.4924596548080444e-10,4.547473508864641e-13,0.7603508771929824,0.6058333333333333,-0.08694035751820206,P3_stronger_feedback
4,False,120,40,1000000,0.75,200000,0.02,0.25,0.03,4.0,1.0,0.002,0.0005,0.05,40,-0.08,0.9,0.3,0.15,0.02,5,0.15,3.0,0.1,100.0,1.0,30.0,1.0,tanh,synthetic_proxy,-0.0012610968657504884,0.02800603560670445,0,0.0017175498676831056,1.546046607228408,1.0,0,2.3283064365386963e-10,1.1368683772161603e-13,0.7567543859649123,0.6133333333333333,0.01716208483410564,P3_stronger_feedback
4,True,120,40,1000000,0.75,200000,0.02,0.25,0.03,4.0,1.0,0.002,0.0005,0.05,40,-0.08,0.9,0.3,0.15,0.02,5,0.15,3.0,0.1,100.0,1.0,30.0,1.0,tanh,synthetic_proxy,0.0028221506751977543,0.09019460384118883,0,0.002243606680798914,1.5864354291482308,1.0,0,3.4924596548080444e-10,6.821210263296962e-13,0.7736842105263158,0.6508333333333333,-0.05857899807792022,P3_stronger_feedback
5,False,120,40,1000000,0.75,200000,0.02,0.25,0.03,4.0,1.0,0.002,0.0005,0.05,40,-0.08,0.9,0.3,0.15,0.02,5,0.15,3.0,0.1,100.0,1.0,30.0,1.0,tanh,synthetic_proxy,0.00016737247336862104,0.029423731558267607,0,0.0017598948895126262,1.5896846531704538,1.0,0,3.4924596548080444e-10,5.684341886080801e-13,0.7729824561403509,0.6425,-0.023196329356135248,P3_stronger_feedback
5,True,120,40,1000000,0.75,200000,0.02,0.25,0.03,4.0,1.0,0.002,0.0005,0.05,40,-0.08,0.9,0.3,0.15,0.02,5,0.15,3.0,0.1,100.0,1.0,30.0,1.0,tanh,synthetic_proxy,0.011609793272127966,0.10126821768378313,1,0.0022023754586470113,1.64536523570957,1.0,0,3.4924596548080444e-10,4.547473508864641e-13,0.8024122807017544,0.6845833333333334,-0.09618631726670701,P3_stronger_feedback
6,False,120,40,1000000,0.75,200000,0.02,0.25,0.03,4.0,1.0,0.002,0.0005,0.05,40,-0.08,0.9,0.3,0.15,0.02,5,0.15,3.0,0.1,100.0,1.0,30.0,1.0,tanh,synthetic_proxy,-0.00207332895466672,0.034202661058253425,0,0.0015957384560407624,1.5395920581317408,1.0,0,3.4924596548080444e-10,4.547473508864641e-13,0.7353508771929824,0.6195833333333333,-0.009389191978202538,P3_stronger_feedback
6,True,120,40,1000000,0.75,200000,0.02,0.25,0.03,4.0,1.0,0.002,0.0005,0.05,40,-0.08,0.9,0.3,0.15,0.02,5,0.15,3.0,0.1,100.0,1.0,30.0,1.0,tanh,synthetic_proxy,0.001230002714457168,0.09805796828886915,0,0.00220098141282796,1.5855871467787221,1.0,0,4.656612873077393e-10,4.547473508864641e-13,0.800219298245614,0.6483333333333333,-0.08043132661908103,P3_stronger_feedback
7,False,120,40,1000000,0.75,200000,0.02,0.25,0.03,4.0,1.0,0.002,0.0005,0.05,40,-0.08,0.9,0.3,0.15,0.02,5,0.15,3.0,0.1,100.0,1.0,30.0,1.0,tanh,synthetic_proxy,-5.265126136877463e-05,0.012209658161733694,0,0.0017214945107969397,1.5781991199038294,1.0,0,2.3283064365386963e-10,2.2737367544323206e-13,0.7558771929824561,0.63,0.027752546171190273,P3_stronger_feedback
7,True,120,40,1000000,0.75,200000,0.02,0.25,0.03,4.0,1.0,0.002,0.0005,0.05,40,-0.08,0.9,0.3,0.15,0.02,5,0.15,3.0,0.1,100.0,1.0,30.0,1.0,tanh,synthetic_proxy,0.004420623735615914,0.07281603667067371,0,0.002244903979754239,1.6401593934636955,1.0,0,3.4924596548080444e-10,2.2737367544323206e-13,0.7970175438596492,0.6662499999999999,-0.04879840142737435,P3_stronger_feedback
8,False,120,40,1000000,0.75,200000,0.02,0.25,0.03,4.0,1.0,0.002,0.0005,0.05,40,-0.08,0.9,0.3,0.15,0.02,5,0.15,3.0,0.1,100.0,1.0,30.0,1.0,tanh,synthetic_proxy,-0.0010409869495707769,0.03506025616069197,0,0.0017186553223296189,1.563763696277476,1.0,0,3.4924596548080444e-10,3.410605131648481e-13,0.7742982456140352,0.63,-0.012764558601706888,P3_stronger_feedback
8,True,120,40,1000000,0.75,200000,0.02,0.25,0.03,4.0,1.0,0.002,0.0005,0.05,40,-0.08,0.9,0.3,0.15,0.02,5,0.15,3.0,0.1,100.0,1.0,30.0,1.0,tanh,synthetic_proxy,0.004758745367975381,0.1041772739762713,1,0.0021986714089362444,1.603684613563272,1.0,0,3.4924596548080444e-10,1.1368683772161603e-12,0.7954824561403508,0.6629166666666666,-0.08560470756447613,P3_stronger_feedback
9,False,120,40,1000000,0.75,200000,0.02,0.25,0.03,4.0,1.0,0.002,0.0005,0.05,40,-0.08,0.9,0.3,0.15,0.02,5,0.15,3.0,0.1,100.0,1.0,30.0,1.0,tanh,synthetic_proxy,-0.0018114840545931932,0.013054194154448306,0,0.0015068533661394528,1.4525150697775615,1.0,0,2.3283064365386963e-10,2.2737367544323206e-13,0.7071929824561405,0.5700000000000001,0.03163157625017066,P3_stronger_feedback
9,True,120,40,1000000,0.75,200000,0.02,0.25,0.03,4.0,1.0,0.002,0.0005,0.05,40,-0.08,0.9,0.3,0.15,0.02,5,0.15,3.0,0.1,100.0,1.0,30.0,1.0,tanh,synthetic_proxy,0.0061780739402939044,0.060556008028982644,0,0.001903662974234031,1.4802280925789284,1.0,0,2.3283064365386963e-10,4.547473508864641e-13,0.7265350877192983,0.59375,-0.04594718539537912,P3_stronger_feedback
10,False,120,40,1000000,0.75,200000,0.02,0.25,0.03,4.0,1.0,0.002,0.0005,0.05,40,-0.08,0.9,0.3,0.15,0.02,5,0.15,3.0,0.1,100.0,1.0,30.0,1.0,tanh,synthetic_proxy,0.003302260452900274,0.05467320246872276,0,0.0016958893286998246,1.4806543021809888,1.0,0,2.3283064365386963e-10,9.094947017729282e-13,0.7244736842105264,0.5912499999999999,-0.0461285752595364,P3_stronger_feedback
10,True,120,40,1000000,0.75,200000,0.02,0.25,0.03,4.0,1.0,0.002,0.0005,0.05,40,-0.08,0.9,0.3,0.15,0.02,5,0.15,3.0,0.1,100.0,1.0,30.0,1.0,tanh,synthetic_proxy,0.018104470257296557,0.12319467518105354,1,0.0021557666370020582,1.5829888992375354,1.0,0,4.656612873077393e-10,1.3642420526593924e-12,0.7537719298245613,0.6579166666666667,-0.116583692637649,P3_stronger_feedback
11,False,120,40,1000000,0.75,200000,0.02,0.25,0.03,4.0,1.0,0.002,0.0005,0.05,40,-0.08,0.9,0.3,0.15,0.02,5,0.15,3.0,0.1,100.0,1.0,30.0,1.0,tanh,synthetic_proxy,-0.0006728921083263284,0.01671494412462282,0,0.0017598292865461636,1.561945597644861,1.0,0,2.3283064365386963e-10,2.2737367544323206e-13,0.7489912280701755,0.6204166666666667,0.007057317531043328,P3_stronger_feedback
11,True,120,40,1000000,0.75,200000,0.02,0.25,0.03,4.0,1.0,0.002,0.0005,0.05,40,-0.08,0.9,0.3,0.15,0.02,5,0.15,3.0,0.1,100.0,1.0,30.0,1.0,tanh,synthetic_proxy,0.00467751180960807,0.07754741592431613,0,0.002092501654462717,1.6372876800549756,1.0,0,3.4924596548080444e-10,4.547473508864641e-13,0.7687280701754386,0.67625,-0.06729460904593465,P3_stronger_feedback
12,False,120,40,1000000,0.75,200000,0.02,0.25,0.03,4.0,1.0,0.002,0.0005,0.05,40,-0.08,0.9,0.3,0.15,0.02,5,0.15,3.0,0.1,100.0,1.0,30.0,1.0,tanh,synthetic_proxy,-0.0009733807175401621,0.016045294758838757,0,0.0018093119453026262,1.5997230634929378,1.0,0,2.3283064365386963e-10,5.684341886080801e-13,0.7778070175438597,0.6458333333333334,0.0074985983395416955,P3_stronger_feedback
12,True,120,40,1000000,0.75,200000,0.02,0.25,0.03,4.0,1.0,0.002,0.0005,0.05,40,-0.08,0.9,0.3,0.15,0.02,5,0.15,3.0,0.1,100.0,1.0,30.0,1.0,tanh,synthetic_proxy,0.005094372156061899,0.07139197375280981,0,0.002143401126668205,1.6082325979630965,1.0,0,2.3283064365386963e-10,3.410605131648481e-13,0.7804824561403509,0.6525,-0.06633504397434331,P3_stronger_feedback
13,False,120,40,1000000,0.75,200000,0.02,0.25,0.03,4.0,1.0,0.002,0.0005,0.05,40,-0.08,0.9,0.3,0.15,0.02,5,0.15,3.0,0.1,100.0,1.0,30.0,1.0,tanh,synthetic_proxy,0.00015763387020251152,0.020702520729310336,0,0.001733933965465721,1.5116660984483248,1.0,0,4.656612873077393e-10,3.410605131648481e-13,0.7707456140350878,0.6154166666666667,-0.015175257683858967,P3_stronger_feedback
13,True,120,40,1000000,0.75,200000,0.02,0.25,0.03,4.0,1.0,0.002,0.0005,0.05,40,-0.08,0.9,0.3,0.15,0.02,5,0.15,3.0,0.1,100.0,1.0,30.0,1.0,tanh,synthetic_proxy,0.01330941802921215,0.0905733829968357,0,0.002190316601955162,1.5888490930524566,1.0,0,3.4924596548080444e-10,4.547473508864641e-13,0.7797368421052632,0.6425,-0.08731660746997494,P3_stronger_feedback
14,False,120,40,1000000,0.75,200000,0.02,0.25,0.03,4.0,1.0,0.002,0.0005,0.05,40,-0.08,0.9,0.3,0.15,0.02,5,0.15,3.0,0.1,100.0,1.0,30.0,1.0,tanh,synthetic_proxy,-0.0009053428680715347,0.018234942112056562,0,0.0017399629788867556,1.5765966579993465,1.0,0,3.4924596548080444e-10,1.1368683772161603e-13,0.7481140350877193,0.6333333333333333,-0.011538228940128459,P3_stronger_feedback
14,True,120,40,1000000,0.75,200000,0.02,0.25,0.03,4.0,1.0,0.002,0.0005,0.05,40,-0.08,0.9,0.3,0.15,0.02,5,0.15,3.0,0.1,100.0,1.0,30.0,1.0,tanh,synthetic_proxy,0.007349222850380643,0.0871769935293305,0,0.002171401166464902,1.6602686529213289,1.0,0,4.656612873077393e-10,4.547473508864641e-13,0.7885526315789473,0.7020833333333333,-0.08301296528124391,P3_stronger_feedback
15,False,120,40,1000000,0.75,200000,0.02,0.25,0.03,4.0,1.0,0.002,0.0005,0.05,40,-0.08,0.9,0.3,0.15,0.02,5,0.15,3.0,0.1,100.0,1.0,30.0,1.0,tanh,synthetic_proxy,-0.0004839327632816248,0.02409408688688941,0,0.0016214533464719671,1.502554529505316,1.0,0,3.4924596548080444e-10,2.2737367544323206e-13,0.7564912280701754,0.6041666666666666,-0.007466398587271383,P3_stronger_feedback
15,True,120,40,1000000,0.75,200000,0.02,0.25,0.03,4.0,1.0,0.002,0.0005,0.05,40,-0.08,0.9,0.3,0.15,0.02,5,0.15,3.0,0.1,100.0,1.0,30.0,1.0,tanh,synthetic_proxy,0.013128067959504941,0.09198177625950132,0,0.00213711872788321,1.611701530487297,1.0,0,5.820766091346741e-10,1.1368683772161603e-12,0.7796491228070175,0.6654166666666668,-0.08170563587435253,P3_stronger_feedback
16,False,120,40,1000000,0.75,200000,0.02,0.25,0.03,4.0,1.0,0.002,0.0005,0.05,40,-0.08,0.9,0.3,0.15,0.02,5,0.15,3.0,0.1,100.0,1.0,30.0,1.0,tanh,synthetic_proxy,-0.001466775927604691,0.016848594375535986,0,0.0017021981761093197,1.5111048256236022,1.0,0,2.3283064365386963e-10,2.984279490192421e-13,0.7516228070175439,0.5979166666666667,0.009605046878193857,P3_stronger_feedback
16,True,120,40,1000000,0.75,200000,0.02,0.25,0.03,4.0,1.0,0.002,0.0005,0.05,40,-0.08,0.9,0.3,0.15,0.02,5,0.15,3.0,0.1,100.0,1.0,30.0,1.0,tanh,synthetic_proxy,0.006624188981003032,0.07148039031271647,0,0.0021002190726503115,1.5939593129951497,1.0,0,2.3283064365386963e-10,4.547473508864641e-13,0.7607894736842106,0.6554166666666668,-0.06563240920923175,P3_stronger_feedback
17,False,120,40,1000000,0.75,200000,0.02,0.25,0.03,4.0,1.0,0.002,0.0005,0.05,40,-0.08,0.9,0.3,0.15,0.02,5,0.15,3.0,0.1,100.0,1.0,30.0,1.0,tanh,synthetic_proxy,-0.0013646834446926492,0.0271892025136814,0,0.0018815578327495343,1.70768302321937,1.0,0,2.3283064365386963e-10,3.410605131648481e-13,0.7834210526315791,0.7125,0.0019525601375185442,P3_stronger_feedback
17,True,120,40,1000000,0.75,200000,0.02,0.25,0.03,4.0,1.0,0.002,0.0005,0.05,40,-0.08,0.9,0.3,0.15,0.02,5,0.15,3.0,0.1,100.0,1.0,30.0,1.0,tanh,synthetic_proxy,0.010585132782630513,0.08342090388592549,0,0.0022944296192764627,1.7447146085124186,1.0,0,2.3283064365386963e-10,9.094947017729282e-13,0.7921929824561402,0.7308333333333333,-0.07346758236519402,P3_stronger_feedback
18,False,120,40,1000000,0.75,200000,0.02,0.25,0.03,4.0,1.0,0.002,0.0005,0.05,40,-0.08,0.9,0.3,0.15,0.02,5,0.15,3.0,0.1,100.0,1.0,30.0,1.0,tanh,synthetic_proxy,-0.001231941144581583,0.011617619728114814,0,0.0016689385515838747,1.5107171997745164,1.0,0,2.3283064365386963e-10,3.979039320256561e-13,0.7371052631578948,0.6016666666666667,-0.001154641011218982,P3_stronger_feedback
18,True,120,40,1000000,0.75,200000,0.02,0.25,0.03,4.0,1.0,0.002,0.0005,0.05,40,-0.08,0.9,0.3,0.15,0.02,5,0.15,3.0,0.1,100.0,1.0,30.0,1.0,tanh,synthetic_proxy,0.009262824041242457,0.07861451601311042,0,0.0022010836830903394,1.5949389037456625,1.0,0,3.4924596548080444e-10,1.3642420526593924e-12,0.7850877192982456,0.6525,-0.07433143112050034,P3_stronger_feedback
19,False,120,40,1000000,0.75,200000,0.02,0.25,0.03,4.0,1.0,0.002,0.0005,0.05,40,-0.08,0.9,0.3,0.15,0.02,5,0.15,3.0,0.1,100.0,1.0,30.0,1.0,tanh,synthetic_proxy,-0.0009752791830994756,0.029656009397906247,0,0.0017976158730585111,1.664100215244654,1.0,0,2.3283064365386963e-10,4.547473508864641e-13,0.7830701754385966,0.6816666666666666,-0.016246956370626675,P3_stronger_feedback
19,True,120,40,1000000,0.75,200000,0.02,0.25,0.03,4.0,1.0,0.002,0.0005,0.05,40,-0.08,0.9,0.3,0.15,0.02,5,0.15,3.0,0.1,100.0,1.0,30.0,1.0,tanh,synthetic_proxy,0.0027369924629896403,0.0974649411062729,0,0.0023172424006430506,1.7424432944811914,1.0,0,2.3283064365386963e-10,4.547473508864641e-13,0.811842105263158,0.7245833333333332,-0.08589968854372088,P3_stronger_feedback
0,False,120,40,1000000,0.25,200000,0.02,0.25,0.03,4.0,1.0,0.002,0.0005,0.05,40,-0.08,0.0,0.15,0.05,0.02,20,0.15,3.0,0.1,100.0,1.0,15.0,1.0,tanh,synthetic_proxy,-4.0757429610960294e-05,0.007614266832588257,0,0.0008145625183991891,1.5494800555402986,1.0,0,2.3283064365386963e-10,5.684341886080802e-14,0.49219298245614035,0.3408333333333334,0.00751326247788997,P4_slow_adaptation
0,True,120,40,1000000,0.25,200000,0.02,0.25,0.03,4.0,1.0,0.002,0.0005,0.05,40,-0.08,0.0,0.15,0.05,0.02,20,0.15,3.0,0.1,100.0,1.0,15.0,1.0,tanh,synthetic_proxy,0.004214530112893078,0.07481654976180341,0,0.0016669027748823025,1.6157819546935859,1.0,0,2.3283064365386963e-10,5.684341886080801e-13,0.5185964912280702,0.44916666666666666,-0.06658000579966628,P4_slow_adaptation
1,False,120,40,1000000,0.25,200000,0.02,0.25,0.03,4.0,1.0,0.002,0.0005,0.05,40,-0.08,0.0,0.15,0.05,0.02,20,0.15,3.0,0.1,100.0,1.0,15.0,1.0,tanh,synthetic_proxy,0.00040228071118741937,0.018873685196227674,0,0.000827893980178745,1.542378760212279,1.0,0,2.3283064365386963e-10,2.8421709430404007e-13,0.4938157894736842,0.34458333333333335,-0.015236452642000575,P4_slow_adaptation
1,True,120,40,1000000,0.25,200000,0.02,0.25,0.03,4.0,1.0,0.002,0.0005,0.05,40,-0.08,0.0,0.15,0.05,0.02,20,0.15,3.0,0.1,100.0,1.0,15.0,1.0,tanh,synthetic_proxy,0.012075910206857055,0.08866030603474306,0,0.0015830595221421847,1.6462317705199072,1.0,0,4.656612873077393e-10,5.684341886080801e-13,0.5356140350877193,0.4820833333333333,-0.08787417847874845,P4_slow_adaptation
2,False,120,40,1000000,0.25,200000,0.02,0.25,0.03,4.0,1.0,0.002,0.0005,0.05,40,-0.08,0.0,0.15,0.05,0.02,20,0.15,3.0,0.1,100.0,1.0,15.0,1.0,tanh,synthetic_proxy,0.002056064213238784,0.004609837041087195,0,0.0008869095824315645,1.5399934451315185,1.0,0,3.4924596548080444e-10,4.547473508864641e-13,0.5117982456140351,0.35083333333333333,0.028590329101861878,P4_slow_adaptation
2,True,120,40,1000000,0.25,200000,0.02,0.25,0.03,4.0,1.0,0.002,0.0005,0.05,40,-0.08,0.0,0.15,0.05,0.02,20,0.15,3.0,0.1,100.0,1.0,15.0,1.0,tanh,synthetic_proxy,0.0018584241773154098,0.05481308329015733,0,0.0014487738157449791,1.5698094905979223,1.0,0,3.4924596548080444e-10,3.979039320256561e-13,0.5492105263157895,0.3641666666666667,-0.04725095673116908,P4_slow_adaptation
3,False,120,40,1000000,0.25,200000,0.02,0.25,0.03,4.0,1.0,0.002,0.0005,0.05,40,-0.08,0.0,0.15,0.05,0.02,20,0.15,3.0,0.1,100.0,1.0,15.0,1.0,tanh,synthetic_proxy,-0.0004445639110265409,0.015100525729854986,0,0.0007818503541894676,1.546328996434708,1.0,0,2.3283064365386963e-10,1.2789769243681803e-13,0.5039035087719299,0.33916666666666667,-0.011406079798415236,P4_slow_adaptation
3,True,120,40,1000000,0.25,200000,0.02,0.25,0.03,4.0,1.0,0.002,0.0005,0.05,40,-0.08,0.0,0.15,0.05,0.02,20,0.15,3.0,0.1,100.0,1.0,15.0,1.0,tanh,synthetic_proxy,0.00828183912671454,0.08480566306688975,0,0.0014581898838121055,1.6279128135575134,1.0,0,3.4924596548080444e-10,4.547473508864641e-13,0.5311842105263158,0.44208333333333333,-0.08415412048046145,P4_slow_adaptation
4,False,120,40,1000000,0.25,200000,0.02,0.25,0.03,4.0,1.0,0.002,0.0005,0.05,40,-0.08,0.0,0.15,0.05,0.02,20,0.15,3.0,0.1,100.0,1.0,15.0,1.0,tanh,synthetic_proxy,-0.0001677378853627287,0.014055911106117258,0,0.0009370217933324543,1.5386212392835787,1.0,0,2.3283064365386963e-10,1.7053025658242404e-13,0.5046929824561404,0.33916666666666667,0.01592915614033852,P4_slow_adaptation
4,True,120,40,1000000,0.25,200000,0.02,0.25,0.03,4.0,1.0,0.002,0.0005,0.05,40,-0.08,0.0,0.15,0.05,0.02,20,0.15,3.0,0.1,100.0,1.0,15.0,1.0,tanh,synthetic_proxy,0.004105069163893749,0.07822090527802328,0,0.001767491642849289,1.6251774206497631,1.0,0,3.4924596548080444e-10,5.684341886080801e-13,0.5518421052631578,0.4566666666666667,-0.05937451089282508,P4_slow_adaptation
5,False,120,40,1000000,0.25,200000,0.02,0.25,0.03,4.0,1.0,0.002,0.0005,0.05,40,-0.08,0.0,0.15,0.05,0.02,20,0.15,3.0,0.1,100.0,1.0,15.0,1.0,tanh,synthetic_proxy,0.0014030788161427665,0.02929571957655952,0,0.0009027101438582439,1.5285665901455172,1.0,0,2.3283064365386963e-10,1.1368683772161603e-13,0.5096052631578947,0.33916666666666667,-0.025146713909516505,P4_slow_adaptation
5,True,120,40,1000000,0.25,200000,0.02,0.25,0.03,4.0,1.0,0.002,0.0005,0.05,40,-0.08,0.0,0.15,0.05,0.02,20,0.15,3.0,0.1,100.0,1.0,15.0,1.0,tanh,synthetic_proxy,0.013129079699405244,0.09993696318373868,0,0.0015791141633771752,1.6471372930632682,1.0,0,3.4924596548080444e-10,4.547473508864641e-13,0.5449122807017545,0.49416666666666664,-0.09692455844800374,P4_slow_adaptation
6,False,120,40,1000000,0.25,200000,0.02,0.25,0.03,4.0,1.0,0.002,0.0005,0.05,40,-0.08,0.0,0.15,0.05,0.02,20,0.15,3.0,0.1,100.0,1.0,15.0,1.0,tanh,synthetic_proxy,0.0001580205026407988,0.018598784760018083,0,0.0009453718242584291,1.5559373984505218,1.0,0,2.3283064365386963e-10,1.7053025658242404e-13,0.49833333333333335,0.34458333333333335,-0.010540239820696073,P4_slow_adaptation
6,True,120,40,1000000,0.25,200000,0.02,0.25,0.03,4.0,1.0,0.002,0.0005,0.05,40,-0.08,0.0,0.15,0.05,0.02,20,0.15,3.0,0.1,100.0,1.0,15.0,1.0,tanh,synthetic_proxy,0.00944319490549228,0.08951290468738904,0,0.0016776175457972704,1.6638778588620249,1.0,0,3.4924596548080444e-10,5.684341886080801e-13,0.5499561403508771,0.4820833333333333,-0.08359605291870409,P4_slow_adaptation
7,False,120,40,1000000,0.25,200000,0.02,0.25,0.03,4.0,1.0,0.002,0.0005,0.05,40,-0.08,0.0,0.15,0.05,0.02,20,0.15,3.0,0.1,100.0,1.0,15.0,1.0,tanh,synthetic_proxy,0.0016806402549911503,0.006881915065559019,0,0.0009820972094323748,1.550523304954349,1.0,0,2.3283064365386963e-10,3.979039320256561e-13,0.5020614035087719,0.3441666666666667,0.026595574042175052,P4_slow_adaptation
7,True,120,40,1000000,0.25,200000,0.02,0.25,0.03,4.0,1.0,0.002,0.0005,0.05,40,-0.08,0.0,0.15,0.05,0.02,20,0.15,3.0,0.1,100.0,1.0,15.0,1.0,tanh,synthetic_proxy,0.001344485739143808,0.06997119597489787,0,0.001796826921139187,1.6273084147667913,1.0,0,3.4924596548080444e-10,2.8421709430404007e-13,0.520219298245614,0.43624999999999997,-0.04937484505576961,P4_slow_adaptation
8,False,120,40,1000000,0.25,200000,0.02,0.25,0.03,4.0,1.0,0.002,0.0005,0.05,40,-0.08,0.0,0.15,0.05,0.02,20,0.15,3.0,0.1,100.0,1.0,15.0,1.0,tanh,synthetic_proxy,0.00043247176624805483,0.02641728291765677,0,0.000984026982463297,1.550376051512355,1.0,0,2.3283064365386963e-10,2.2737367544323206e-13,0.507280701754386,0.3383333333333333,-0.01682811618446778,P4_slow_adaptation
8,True,120,40,1000000,0.25,200000,0.02,0.25,0.03,4.0,1.0,0.002,0.0005,0.05,40,-0.08,0.0,0.15,0.05,0.02,20,0.15,3.0,0.1,100.0,1.0,15.0,1.0,tanh,synthetic_proxy,0.00891121413570417,0.0967643220419333,0,0.001743758353896392,1.6548135866657046,1.0,0,4.656612873077393e-10,4.547473508864641e-13,0.5403947368421053,0.4829166666666667,-0.08894583208648965,P4_slow_adaptation
9,False,120,40,1000000,0.25,200000,0.02,0.25,0.03,4.0,1.0,0.002,0.0005,0.05,40,-0.08,0.0,0.15,0.05,0.02,20,0.15,3.0,0.1,100.0,1.0,15.0,1.0,tanh,synthetic_proxy,0.0008666782998985045,0.007086833340589571,0,0.0009168642419792746,1.565043305054123,1.0,0,2.3283064365386963e-10,1.7053025658242404e-13,0.4857456140350878,0.35375,0.02858064097787061,P4_slow_adaptation
9,True,120,40,1000000,0.25,200000,0.02,0.25,0.03,4.0,1.0,0.002,0.0005,0.05,40,-0.08,0.0,0.15,0.05,0.02,20,0.15,3.0,0.1,100.0,1.0,15.0,1.0,tanh,synthetic_proxy,0.004543205748016366,0.05684863582148325,0,0.0015999221384106806,1.6270943786985965,1.0,0,3.4924596548080444e-10,2.2737367544323206e-13,0.5232894736842105,0.43333333333333335,-0.04790439916234979,P4_slow_adaptation
10,False,120,40,1000000,0.25,200000,0.02,0.25,0.03,4.0,1.0,0.002,0.0005,0.05,40,-0.08,0.0,0.15,0.05,0.02,20,0.15,3.0,0.1,100.0,1.0,15.0,1.0,tanh,synthetic_proxy,0.0039049540598457,0.049153134613403315,0,0.000837953205793927,1.5640149422877099,1.0,0,3.4924596548080444e-10,7.958078640513122e-13,0.4967543859649123,0.3820833333333334,-0.04547708973960629,P4_slow_adaptation
10,True,120,40,1000000,0.25,200000,0.02,0.25,0.03,4.0,1.0,0.002,0.0005,0.05,40,-0.08,0.0,0.15,0.05,0.02,20,0.15,3.0,0.1,100.0,1.0,15.0,1.0,tanh,synthetic_proxy,0.016671907625895432,0.11934375215977844,1,0.001668331993968956,1.7026415597761702,1.0,0,3.4924596548080444e-10,4.547473508864641e-13,0.5871929824561403,0.5620833333333334,-0.11593906944661181,P4_slow_adaptation
11,False,120,40,1000000,0.25,200000,0.02,0.25,0.03,4.0,1.0,0.002,0.0005,0.05,40,-0.08,0.0,0.15,0.05,0.02,20,0.15,3.0,0.1,100.0,1.0,15.0,1.0,tanh,synthetic_proxy,-0.0004644482420228524,0.01091929391376445,0,0.0008198269698330504,1.5187879228449412,1.0,0,2.3283064365386963e-10,1.1368683772161603e-13,0.5162719298245614,0.32458333333333333,0.005372164387604572,P4_slow_adaptation
11,True,120,40,1000000,0.25,200000,0.02,0.25,0.03,4.0,1.0,0.002,0.0005,0.05,40,-0.08,0.0,0.15,0.05,0.02,20,0.15,3.0,0.1,100.0,1.0,15.0,1.0,tanh,synthetic_proxy,0.007755693023309584,0.07298357029707403,0,0.001485943934878037,1.6156820590511445,1.0,0,3.4924596548080444e-10,3.410605131648481e-13,0.5283333333333334,0.46458333333333335,-0.06870504004728029,P4_slow_adaptation
12,False,120,40,1000000,0.25,200000,0.02,0.25,0.03,4.0,1.0,0.002,0.0005,0.05,40,-0.08,0.0,0.15,0.05,0.02,20,0.15,3.0,0.1,100.0,1.0,15.0,1.0,tanh,synthetic_proxy,-0.0004172563520931094,0.010737430154363792,0,0.0008659878484570888,1.53434878150546,1.0,0,2.3283064365386963e-10,1.1368683772161603e-13,0.507280701754386,0.33791666666666664,0.011911969534107891,P4_slow_adaptation
12,True,120,40,1000000,0.25,200000,0.02,0.25,0.03,4.0,1.0,0.002,0.0005,0.05,40,-0.08,0.0,0.15,0.05,0.02,20,0.15,3.0,0.1,100.0,1.0,15.0,1.0,tanh,synthetic_proxy,0.0067847805256484595,0.06522092672156898,0,0.001535764694709124,1.594683501290484,1.0,0,2.3283064365386963e-10,4.547473508864641e-13,0.5410964912280701,0.4174999999999999,-0.06323129786746795,P4_slow_adaptation
13,False,120,40,1000000,0.25,200000,0.02,0.25,0.03,4.0,1.0,0.002,0.0005,0.05,40,-0.08,0.0,0.15,0.05,0.02,20,0.15,3.0,0.1,100.0,1.0,15.0,1.0,tanh,synthetic_proxy,0.00057222264040524,0.021738644073150737,0,0.0008137631706659843,1.5332313594735834,1.0,0,2.3283064365386963e-10,1.7053025658242404e-13,0.4883771929824562,0.34791666666666665,-0.021154715280218173,P4_slow_adaptation
13,True,120,40,1000000,0.25,200000,0.02,0.25,0.03,4.0,1.0,0.002,0.0005,0.05,40,-0.08,0.0,0.15,0.05,0.02,20,0.15,3.0,0.1,100.0,1.0,15.0,1.0,tanh,synthetic_proxy,0.012186763933818012,0.09365429843243511,0,0.001586610272699403,1.613790543783264,1.0,0,4.656612873077393e-10,1.1368683772161603e-12,0.5243859649122807,0.4666666666666667,-0.09311329643098676,P4_slow_adaptation
14,False,120,40,1000000,0.25,200000,0.02,0.25,0.03,4.0,1.0,0.002,0.0005,0.05,40,-0.08,0.0,0.15,0.05,0.02,20,0.15,3.0,0.1,100.0,1.0,15.0,1.0,tanh,synthetic_proxy,-0.00016974169802685957,0.013111262458632478,0,0.0008562122014851961,1.5264311264865378,1.0,0,2.3283064365386963e-10,5.684341886080802e-14,0.5048684210526316,0.33041666666666664,-0.002021803240430553,P4_slow_adaptation
14,True,120,40,1000000,0.25,200000,0.02,0.25,0.03,4.0,1.0,0.002,0.0005,0.05,40,-0.08,0.0,0.15,0.05,0.02,20,0.15,3.0,0.1,100.0,1.0,15.0,1.0,tanh,synthetic_proxy,0.008363890959719678,0.07977378064062346,0,0.0016145660922950728,1.6109618469771794,1.0,0,3.4924596548080444e-10,6.821210263296962e-13,0.5353947368421054,0.44208333333333333,-0.0759402664920763,P4_slow_adaptation
15,False,120,40,1000000,0.25,200000,0.02,0.25,0.03,4.0,1.0,0.002,0.0005,0.05,40,-0.08,0.0,0.15,0.05,0.02,20,0.15,3.0,0.1,100.0,1.0,15.0,1.0,tanh,synthetic_proxy,-0.00018404484821754608,0.018556440741600677,0,0.0008853068504878928,1.5374604208722458,1.0,0,2.3283064365386963e-10,1.3145040611561853e-13,0.5200438596491228,0.31875,-0.008941977108268495,P4_slow_adaptation
15,True,120,40,1000000,0.25,200000,0.02,0.25,0.03,4.0,1.0,0.002,0.0005,0.05,40,-0.08,0.0,0.15,0.05,0.02,20,0.15,3.0,0.1,100.0,1.0,15.0,1.0,tanh,synthetic_proxy,0.00922144198470276,0.08524194617428893,0,0.0016547288994299223,1.6171078658910651,1.0,0,2.3283064365386963e-10,4.547473508864641e-13,0.5519298245614035,0.43,-0.0824768239817989,P4_slow_adaptation
16,False,120,40,1000000,0.25,200000,0.02,0.25,0.03,4.0,1.0,0.002,0.0005,0.05,40,-0.08,0.0,0.15,0.05,0.02,20,0.15,3.0,0.1,100.0,1.0,15.0,1.0,tanh,synthetic_proxy,-5.549954849481953e-05,0.01228894287636717,0,0.0009194199332443131,1.553893521608248,1.0,0,2.3283064365386963e-10,1.1368683772161603e-13,0.5020614035087719,0.3391666666666666,0.008641703452075156,P4_slow_adaptation
16,True,120,40,1000000,0.25,200000,0.02,0.25,0.03,4.0,1.0,0.002,0.0005,0.05,40,-0.08,0.0,0.15,0.05,0.02,20,0.15,3.0,0.1,100.0,1.0,15.0,1.0,tanh,synthetic_proxy,0.00589262562045878,0.06830782816302927,0,0.001575378065586819,1.613521098470487,1.0,0,2.3283064365386963e-10,4.547473508864641e-13,0.5336842105263158,0.43208333333333326,-0.06587463094226331,P4_slow_adaptation
17,False,120,40,1000000,0.25,200000,0.02,0.25,0.03,4.0,1.0,0.002,0.0005,0.05,40,-0.08,0.0,0.15,0.05,0.02,20,0.15,3.0,0.1,100.0,1.0,15.0,1.0,tanh,synthetic_proxy,0.000459254221103933,0.018529430808771563,0,0.0009285240032830762,1.5285703179669738,1.0,0,3.4924596548080444e-10,2.5579538487363607e-13,0.5064035087719299,0.33999999999999997,-0.00015896208418419988,P4_slow_adaptation
17,True,120,40,1000000,0.25,200000,0.02,0.25,0.03,4.0,1.0,0.002,0.0005,0.05,40,-0.08,0.0,0.15,0.05,0.02,20,0.15,3.0,0.1,100.0,1.0,15.0,1.0,tanh,synthetic_proxy,0.010564952538453687,0.07655404826799117,0,0.0016448761518630592,1.5941724021847778,1.0,0,2.3283064365386963e-10,4.547473508864641e-13,0.5387719298245613,0.4479166666666667,-0.07437583977379758,P4_slow_adaptation
18,False,120,40,1000000,0.25,200000,0.02,0.25,0.03,4.0,1.0,0.002,0.0005,0.05,40,-0.08,0.0,0.15,0.05,0.02,20,0.15,3.0,0.1,100.0,1.0,15.0,1.0,tanh,synthetic_proxy,-0.0002691651083290836,0.006507043864737216,0,0.0008794782015287835,1.550015665558432,1.0,0,2.3283064365386963e-10,8.526512829121202e-14,0.5103070175438597,0.32125,-0.00357657345425888,P4_slow_adaptation
18,True,120,40,1000000,0.25,200000,0.02,0.25,0.03,4.0,1.0,0.002,0.0005,0.05,40,-0.08,0.0,0.15,0.05,0.02,20,0.15,3.0,0.1,100.0,1.0,15.0,1.0,tanh,synthetic_proxy,0.007969377741363415,0.07848565646505723,0,0.001715275996175889,1.6343149386769096,1.0,0,2.3283064365386963e-10,6.821210263296962e-13,0.5385526315789474,0.4416666666666666,-0.07701114871394799,P4_slow_adaptation
19,False,120,40,1000000,0.25,200000,0.02,0.25,0.03,4.0,1.0,0.002,0.0005,0.05,40,-0.08,0.0,0.15,0.05,0.02,20,0.15,3.0,0.1,100.0,1.0,15.0,1.0,tanh,synthetic_proxy,-7.306033281917479e-05,0.018301465019505025,0,0.0008736008849927072,1.5420883541643688,1.0,0,2.3283064365386963e-10,8.526512829121202e-14,0.5307456140350877,0.3120833333333334,-0.009402650216509878,P4_slow_adaptation
19,True,120,40,1000000,0.25,200000,0.02,0.25,0.03,4.0,1.0,0.002,0.0005,0.05,40,-0.08,0.0,0.15,0.05,0.02,20,0.15,3.0,0.1,100.0,1.0,15.0,1.0,tanh,synthetic_proxy,0.007547090400072731,0.08764686729047722,0,0.001604011057883941,1.6330801115744575,1.0,0,3.4924596548080444e-10,2.2737367544323206e-13,0.5466666666666666,0.4487499999999999,-0.08178562673274081,P4_slow_adaptation
0,False,120,40,1000000,0.25,200000,0.02,0.25,0.03,4.0,1.0,0.002,0.0005,0.05,40,-0.08,0.9,0.15,0.05,0.02,20,0.15,3.0,0.1,100.0,1.0,15.0,1.0,tanh,synthetic_proxy,-0.0007030211986278623,0.008331102645231514,0,0.001025057687133838,1.5964078123864973,1.0,0,3.4924596548080444e-10,1.438849039914203e-13,0.8257017543859649,0.4074999999999999,0.0077942280545435505,P4_slow_adaptation
0,True,120,40,1000000,0.25,200000,0.02,0.25,0.03,4.0,1.0,0.002,0.0005,0.05,40,-0.08,0.9,0.15,0.05,0.02,20,0.15,3.0,0.1,100.0,1.0,15.0,1.0,tanh,synthetic_proxy,0.006872112526788765,0.07409339984658114,0,0.0017322128196999855,1.6594209614863813,1.0,0,3.4924596548080444e-10,3.410605131648481e-13,0.8464035087719298,0.5116666666666667,-0.06687934790736338,P4_slow_adaptation
1,False,120,40,1000000,0.25,200000,0.02,0.25,0.03,4.0,1.0,0.002,0.0005,0.05,40,-0.08,0.9,0.15,0.05,0.02,20,0.15,3.0,0.1,100.0,1.0,15.0,1.0,tanh,synthetic_proxy,-0.0004295403262395414,0.019765142940929015,0,0.0009076991891453618,1.5572183663092294,1.0,0,2.3283064365386963e-10,7.105427357601002e-14,0.8242982456140351,0.3433333333333333,-0.016064631191176626,P4_slow_adaptation
1,True,120,40,1000000,0.25,200000,0.02,0.25,0.03,4.0,1.0,0.002,0.0005,0.05,40,-0.08,0.9,0.15,0.05,0.02,20,0.15,3.0,0.1,100.0,1.0,15.0,1.0,tanh,synthetic_proxy,0.006899312878922759,0.08948676129093247,0,0.0016692600342069234,1.675111427898942,1.0,0,2.3283064365386963e-10,2.2737367544323206e-13,0.8350000000000001,0.5075000000000001,-0.08888977773641171,P4_slow_adaptation
2,False,120,40,1000000,0.25,200000,0.02,0.25,0.03,4.0,1.0,0.002,0.0005,0.05,40,-0.08,0.9,0.15,0.05,0.02,20,0.15,3.0,0.1,100.0,1.0,15.0,1.0,tanh,synthetic_proxy,0.0016188616874051043,0.0041218761261290204,0,0.0009645819879527915,1.5512090390354385,1.0,0,2.3283064365386963e-10,3.410605131648481e-13,0.8458771929824562,0.3733333333333333,0.02866711275542122,P4_slow_adaptation
2,True,120,40,1000000,0.25,200000,0.02,0.25,0.03,4.0,1.0,0.002,0.0005,0.05,40,-0.08,0.9,0.15,0.05,0.02,20,0.15,3.0,0.1,100.0,1.0,15.0,1.0,tanh,synthetic_proxy,0.0029531831474711723,0.05403991028028421,0,0.0014773907260857862,1.579978673805441,1.0,0,3.4924596548080444e-10,2.2737367544323206e-13,0.8208333333333334,0.38625000000000004,-0.04639245107637857,P4_slow_adaptation
3,False,120,40,1000000,0.25,200000,0.02,0.25,0.03,4.0,1.0,0.002,0.0005,0.05,40,-0.08,0.9,0.15,0.05,0.02,20,0.15,3.0,0.1,100.0,1.0,15.0,1.0,tanh,synthetic_proxy,0.00011678118737745713,0.015079776120935362,0,0.0008373611792106358,1.5153083753376748,1.0,0,2.3283064365386963e-10,1.1368683772161603e-13,0.8250877192982456,0.2841666666666667,-0.011646895639971455,P4_slow_adaptation
3,True,120,40,1000000,0.25,200000,0.02,0.25,0.03,4.0,1.0,0.002,0.0005,0.05,40,-0.08,0.9,0.15,0.05,0.02,20,0.15,3.0,0.1,100.0,1.0,15.0,1.0,tanh,synthetic_proxy,0.011597064548688252,0.08466732925911102,0,0.0014787889832211265,1.615623795828089,1.0,0,3.4924596548080444e-10,6.821210263296962e-13,0.8596491228070176,0.4133333333333333,-0.08405064777420745,P4_slow_adaptation
4,False,120,40,1000000,0.25,200000,0.02,0.25,0.03,4.0,1.0,0.002,0.0005,0.05,40,-0.08,0.9,0.15,0.05,0.02,20,0.15,3.0,0.1,100.0,1.0,15.0,1.0,tanh,synthetic_proxy,-0.0006257751205324125,0.014526547846047122,0,0.000994689040924733,1.5289410068404572,1.0,0,2.3283064365386963e-10,5.684341886080802e-14,0.8350000000000001,0.31583333333333335,0.015957404814275655,P4_slow_adaptation
4,True,120,40,1000000,0.25,200000,0.02,0.25,0.03,4.0,1.0,0.002,0.0005,0.05,40,-0.08,0.9,0.15,0.05,0.02,20,0.15,3.0,0.1,100.0,1.0,15.0,1.0,tanh,synthetic_proxy,0.0027617855451891327,0.07906332575592134,0,0.001814826951868179,1.6233439921145907,1.0,0,2.3283064365386963e-10,6.821210263296962e-13,0.864736842105263,0.4408333333333333,-0.05953081944809058,P4_slow_adaptation
5,False,120,40,1000000,0.25,200000,0.02,0.25,0.03,4.0,1.0,0.002,0.0005,0.05,40,-0.08,0.9,0.15,0.05,0.02,20,0.15,3.0,0.1,100.0,1.0,15.0,1.0,tanh,synthetic_proxy,0.0015974350462726328,0.0294401959681847,0,0.0010177010114781092,1.5384352884217356,1.0,0,2.3283064365386963e-10,2.8421709430404007e-13,0.8212280701754386,0.33916666666666667,-0.02522107813833363,P4_slow_adaptation
5,True,120,40,1000000,0.25,200000,0.02,0.25,0.03,4.0,1.0,0.002,0.0005,0.05,40,-0.08,0.9,0.15,0.05,0.02,20,0.15,3.0,0.1,100.0,1.0,15.0,1.0,tanh,synthetic_proxy,0.013744715787445738,0.1004934836729714,1,0.0016863050623282822,1.6665635238065197,1.0,0,3.4924596548080444e-10,7.958078640513122e-13,0.8582017543859649,0.5104166666666666,-0.09738084207124931,P4_slow_adaptation
6,False,120,40,1000000,0.25,200000,0.02,0.25,0.03,4.0,1.0,0.002,0.0005,0.05,40,-0.08,0.9,0.15,0.05,0.02,20,0.15,3.0,0.1,100.0,1.0,15.0,1.0,tanh,synthetic_proxy,-0.0006294192751543637,0.021301098211839342,0,0.0010089187899942143,1.5432024059415514,1.0,0,2.3283064365386963e-10,1.9895196601282805e-13,0.8278070175438595,0.32916666666666666,-0.011086344711698892,P4_slow_adaptation
6,True,120,40,1000000,0.25,200000,0.02,0.25,0.03,4.0,1.0,0.002,0.0005,0.05,40,-0.08,0.9,0.15,0.05,0.02,20,0.15,3.0,0.1,100.0,1.0,15.0,1.0,tanh,synthetic_proxy,0.0035710698741295843,0.09055419582310897,0,0.0017432055474621631,1.6638707830847281,1.0,0,2.3283064365386963e-10,1.0231815394945443e-12,0.8627192982456141,0.49666666666666665,-0.08344785500550134,P4_slow_adaptation
7,False,120,40,1000000,0.25,200000,0.02,0.25,0.03,4.0,1.0,0.002,0.0005,0.05,40,-0.08,0.9,0.15,0.05,0.02,20,0.15,3.0,0.1,100.0,1.0,15.0,1.0,tanh,synthetic_proxy,0.001205110215213967,0.007159578643077369,0,0.0010626214822108766,1.5557675248991456,1.0,0,2.3283064365386963e-10,1.1368683772161603e-13,0.8678508771929825,0.3445833333333333,0.02694294377074935,P4_slow_adaptation
7,True,120,40,1000000,0.25,200000,0.02,0.25,0.03,4.0,1.0,0.002,0.0005,0.05,40,-0.08,0.9,0.15,0.05,0.02,20,0.15,3.0,0.1,100.0,1.0,15.0,1.0,tanh,synthetic_proxy,0.001231223962250949,0.06974100034219699,0,0.001823730805816484,1.6561082357428651,1.0,0,2.3283064365386963e-10,9.094947017729282e-13,0.8519736842105263,0.47291666666666665,-0.04906940600944065,P4_slow_adaptation
8,False,120,40,1000000,0.25,200000,0.02,0.25,0.03,4.0,1.0,0.002,0.0005,0.05,40,-0.08,0.9,0.15,0.05,0.02,20,0.15,3.0,0.1,100.0,1.0,15.0,1.0,tanh,synthetic_proxy,4.1340019185653887e-07,0.02759089501252021,0,0.0010254018223506323,1.5736205108233499,1.0,0,2.3283064365386963e-10,1.7053025658242404e-13,0.8216666666666667,0.38250000000000006,-0.016638662916384828,P4_slow_adaptation
8,True,120,40,1000000,0.25,200000,0.02,0.25,0.03,4.0,1.0,0.002,0.0005,0.05,40,-0.08,0.9,0.15,0.05,0.02,20,0.15,3.0,0.1,100.0,1.0,15.0,1.0,tanh,synthetic_proxy,0.006225425001197271,0.09804654027418391,0,0.0017801403364356538,1.671544586875864,1.0,0,2.3283064365386963e-10,5.684341886080801e-13,0.8428508771929825,0.51125,-0.08893783160554991,P4_slow_adaptation
9,False,120,40,1000000,0.25,200000,0.02,0.25,0.03,4.0,1.0,0.002,0.0005,0.05,40,-0.08,0.9,0.15,0.05,0.02,20,0.15,3.0,0.1,100.0,1.0,15.0,1.0,tanh,synthetic_proxy,-0.0007695935849100222,0.008651089749686536,0,0.0009105027888617913,1.5155398219434275,1.0,0,2.3283064365386963e-10,1.7053025658242404e-13,0.8545175438596492,0.26625,0.02913376378922017,P4_slow_adaptation
9,True,120,40,1000000,0.25,200000,0.02,0.25,0.03,4.0,1.0,0.002,0.0005,0.05,40,-0.08,0.9,0.15,0.05,0.02,20,0.15,3.0,0.1,100.0,1.0,15.0,1.0,tanh,synthetic_proxy,0.007293645447707053,0.056501208710347695,0,0.0015978987774315253,1.579452384208478,1.0,0,2.3283064365386963e-10,4.547473508864641e-13,0.856842105263158,0.3525,-0.047618744240216726,P4_slow_adaptation
10,False,120,40,1000000,0.25,200000,0.02,0.25,0.03,4.0,1.0,0.002,0.0005,0.05,40,-0.08,0.9,0.15,0.05,0.02,20,0.15,3.0,0.1,100.0,1.0,15.0,1.0,tanh,synthetic_proxy,0.003922346283439904,0.049048004763899256,0,0.0009232665764774749,1.5359935707596055,1.0,0,3.4924596548080444e-10,3.410605131648481e-13,0.8262719298245613,0.33041666666666664,-0.04535315690474062,P4_slow_adaptation
10,True,120,40,1000000,0.25,200000,0.02,0.25,0.03,4.0,1.0,0.002,0.0005,0.05,40,-0.08,0.9,0.15,0.05,0.02,20,0.15,3.0,0.1,100.0,1.0,15.0,1.0,tanh,synthetic_proxy,0.017038045525626266,0.11928133248189021,1,0.0017334304584623302,1.687684119611921,1.0,0,3.4924596548080444e-10,4.547473508864641e-13,0.8585964912280702,0.5458333333333333,-0.1158593705957991,P4_slow_adaptation
11,False,120,40,1000000,0.25,200000,0.02,0.25,0.03,4.0,1.0,0.002,0.0005,0.05,40,-0.08,0.9,0.15,0.05,0.02,20,0.15,3.0,0.1,100.0,1.0,15.0,1.0,tanh,synthetic_proxy,-0.0005604132780455684,0.011304829949317141,0,0.0008611841655048755,1.511355008959536,1.0,0,2.3283064365386963e-10,1.7763568394002505e-13,0.8264035087719299,0.30833333333333335,0.006037421113365804,P4_slow_adaptation
11,True,120,40,1000000,0.25,200000,0.02,0.25,0.03,4.0,1.0,0.002,0.0005,0.05,40,-0.08,0.9,0.15,0.05,0.02,20,0.15,3.0,0.1,100.0,1.0,15.0,1.0,tanh,synthetic_proxy,0.006611282738789193,0.07415027491052084,0,0.0014960657535061652,1.600932207508437,1.0,0,3.4924596548080444e-10,2.8421709430404007e-13,0.8337719298245614,0.4408333333333333,-0.06851204402577393,P4_slow_adaptation
12,False,120,40,1000000,0.25,200000,0.02,0.25,0.03,4.0,1.0,0.002,0.0005,0.05,40,-0.08,0.9,0.15,0.05,0.02,20,0.15,3.0,0.1,100.0,1.0,15.0,1.0,tanh,synthetic_proxy,-0.0007222434074137807,0.010458044716463277,0,0.0009259345012009059,1.556159527301696,1.0,0,2.3283064365386963e-10,1.1368683772161603e-13,0.8019298245614036,0.3625,0.011385695560540476,P4_slow_adaptation
12,True,120,40,1000000,0.25,200000,0.02,0.25,0.03,4.0,1.0,0.002,0.0005,0.05,40,-0.08,0.9,0.15,0.05,0.02,20,0.15,3.0,0.1,100.0,1.0,15.0,1.0,tanh,synthetic_proxy,0.005299727651878028,0.06540192289999147,0,0.0015866503907018947,1.6054324067549082,1.0,0,3.4924596548080444e-10,3.410605131648481e-13,0.8400438596491229,0.43041666666666667,-0.06352056813458029,P4_slow_adaptation
13,False,120,40,1000000,0.25,200000,0.02,0.25,0.03,4.0,1.0,0.002,0.0005,0.05,40,-0.08,0.9,0.15,0.05,0.02,20,0.15,3.0,0.1,100.0,1.0,15.0,1.0,tanh,synthetic_proxy,0.0011104573767926063,0.020764682387731992,0,0.0008816052893418122,1.5272441995227057,1.0,0,2.3283064365386963e-10,1.9895196601282805e-13,0.8325438596491228,0.3449999999999999,-0.020143430019468167,P4_slow_adaptation
13,True,120,40,1000000,0.25,200000,0.02,0.25,0.03,4.0,1.0,0.002,0.0005,0.05,40,-0.08,0.9,0.15,0.05,0.02,20,0.15,3.0,0.1,100.0,1.0,15.0,1.0,tanh,synthetic_proxy,0.013639271384451312,0.09276431536711371,0,0.0016605579441034996,1.6225423328403255,1.0,0,3.4924596548080444e-10,6.821210263296962e-13,0.8467543859649124,0.46249999999999997,-0.09218874143966804,P4_slow_adaptation
14,False,120,40,1000000,0.25,200000,0.02,0.25,0.03,4.0,1.0,0.002,0.0005,0.05,40,-0.08,0.9,0.15,0.05,0.02,20,0.15,3.0,0.1,100.0,1.0,15.0,1.0,tanh,synthetic_proxy,-0.0007042448016638669,0.01478021567699983,0,0.0009512848322992931,1.527934278275785,1.0,0,2.3283064365386963e-10,5.684341886080802e-14,0.8161842105263157,0.32791666666666663,-0.004423556441938925,P4_slow_adaptation
14,True,120,40,1000000,0.25,200000,0.02,0.25,0.03,4.0,1.0,0.002,0.0005,0.05,40,-0.08,0.9,0.15,0.05,0.02,20,0.15,3.0,0.1,100.0,1.0,15.0,1.0,tanh,synthetic_proxy,0.004966055935331282,0.08117269198118815,0,0.0016536166869307628,1.6372473301723864,1.0,0,3.4924596548080444e-10,6.821210263296962e-13,0.8163157894736843,0.5075,-0.07711396206588361,P4_slow_adaptation
15,False,120,40,1000000,0.25,200000,0.02,0.25,0.03,4.0,1.0,0.002,0.0005,0.05,40,-0.08,0.9,0.15,0.05,0.02,20,0.15,3.0,0.1,100.0,1.0,15.0,1.0,tanh,synthetic_proxy,9.246102195814565e-05,0.018606082278746827,0,0.0009566503798345904,1.5529875961022723,1.0,0,3.4924596548080444e-10,1.1368683772161603e-13,0.8246052631578948,0.3529166666666666,-0.008817727846761048,P4_slow_adaptation
15,True,120,40,1000000,0.25,200000,0.02,0.25,0.03,4.0,1.0,0.002,0.0005,0.05,40,-0.08,0.9,0.15,0.05,0.02,20,0.15,3.0,0.1,100.0,1.0,15.0,1.0,tanh,synthetic_proxy,0.013174359267975166,0.08610351859155019,0,0.001707316092429239,1.624720077623298,1.0,0,4.656612873077393e-10,4.547473508864641e-13,0.8656578947368421,0.44208333333333333,-0.08237839984514239,P4_slow_adaptation
16,False,120,40,1000000,0.25,200000,0.02,0.25,0.03,4.0,1.0,0.002,0.0005,0.05,40,-0.08,0.9,0.15,0.05,0.02,20,0.15,3.0,0.1,100.0,1.0,15.0,1.0,tanh,synthetic_proxy,-0.0010585695901652592,0.013105983571238267,0,0.0009937976243743663,1.5230093456974998,1.0,0,3.4924596548080444e-10,8.526512829121202e-14,0.8348684210526317,0.2945833333333333,0.008712157901451523,P4_slow_adaptation
16,True,120,40,1000000,0.25,200000,0.02,0.25,0.03,4.0,1.0,0.002,0.0005,0.05,40,-0.08,0.9,0.15,0.05,0.02,20,0.15,3.0,0.1,100.0,1.0,15.0,1.0,tanh,synthetic_proxy,0.008023521062786365,0.06935083650833451,0,0.0016050906233740512,1.6174852924955117,1.0,0,3.4924596548080444e-10,4.547473508864641e-13,0.8404824561403508,0.4345833333333334,-0.06613481756635697,P4_slow_adaptation
17,False,120,40,1000000,0.25,200000,0.02,0.25,0.03,4.0,1.0,0.002,0.0005,0.05,40,-0.08,0.9,0.15,0.05,0.02,20,0.15,3.0,0.1,100.0,1.0,15.0,1.0,tanh,synthetic_proxy,8.915583121216208e-05,0.018104761535491676,0,0.0009823772668084928,1.5630514192577991,1.0,0,2.3283064365386963e-10,2.2737367544323206e-13,0.7981578947368422,0.4016666666666666,0.0002372122385667641,P4_slow_adaptation
17,True,120,40,1000000,0.25,200000,0.02,0.25,0.03,4.0,1.0,0.002,0.0005,0.05,40,-0.08,0.9,0.15,0.05,0.02,20,0.15,3.0,0.1,100.0,1.0,15.0,1.0,tanh,synthetic_proxy,0.012280065099392612,0.07622984374447717,0,0.0017138910437721894,1.642436045867055,1.0,0,3.4924596548080444e-10,4.547473508864641e-13,0.8191666666666666,0.51875,-0.07446582178496575,P4_slow_adaptation
18,False,120,40,1000000,0.25,200000,0.02,0.25,0.03,4.0,1.0,0.002,0.0005,0.05,40,-0.08,0.9,0.15,0.05,0.02,20,0.15,3.0,0.1,100.0,1.0,15.0,1.0,tanh,synthetic_proxy,-0.0002611872098307044,0.007141893044400827,0,0.0009989797500062241,1.5410156802905877,1.0,0,2.3283064365386963e-10,5.684341886080802e-14,0.8137280701754386,0.3029166666666666,-0.002912449574406839,P4_slow_adaptation
18,True,120,40,1000000,0.25,200000,0.02,0.25,0.03,4.0,1.0,0.002,0.0005,0.05,40,-0.08,0.9,0.15,0.05,0.02,20,0.15,3.0,0.1,100.0,1.0,15.0,1.0,tanh,synthetic_proxy,0.008276659715502399,0.07786874896285556,0,0.0017849204965567525,1.656207471743813,1.0,0,2.3283064365386963e-10,4.547473508864641e-13,0.8208771929824562,0.48166666666666663,-0.07644888069405054,P4_slow_adaptation
19,False,120,40,1000000,0.25,200000,0.02,0.25,0.03,4.0,1.0,0.002,0.0005,0.05,40,-0.08,0.9,0.15,0.05,0.02,20,0.15,3.0,0.1,100.0,1.0,15.0,1.0,tanh,synthetic_proxy,-0.0003944676561079552,0.02091040104489217,0,0.0009656023987940574,1.5908005983090412,1.0,0,2.3283064365386963e-10,2.8421709430404007e-13,0.8338157894736843,0.40541666666666665,-0.010959396430792467,P4_slow_adaptation
19,True,120,40,1000000,0.25,200000,0.02,0.25,0.03,4.0,1.0,0.002,0.0005,0.05,40,-0.08,0.9,0.15,0.05,0.02,20,0.15,3.0,0.1,100.0,1.0,15.0,1.0,tanh,synthetic_proxy,0.00466634567323454,0.08903726927003797,0,0.0016760451924537443,1.6798905298689615,1.0,0,3.4924596548080444e-10,5.684341886080801e-13,0.8294736842105264,0.5308333333333334,-0.08212087195899598,P4_slow_adaptation
0,False,120,40,1000000,0.75,200000,0.02,0.25,0.03,4.0,1.0,0.002,0.0005,0.05,40,-0.08,0.0,0.15,0.05,0.02,20,0.15,3.0,0.1,100.0,1.0,15.0,1.0,tanh,synthetic_proxy,-5.436803457625761e-05,0.009810933845845526,0,0.0007122499053356971,1.0418146376305235,1.0,0,2.3283064365386963e-10,2.2737367544323206e-13,0.494078947368421,0.33875,0.006794038158219884,P4_slow_adaptation
0,True,120,40,1000000,0.75,200000,0.02,0.25,0.03,4.0,1.0,0.002,0.0005,0.05,40,-0.08,0.0,0.15,0.05,0.02,20,0.15,3.0,0.1,100.0,1.0,15.0,1.0,tanh,synthetic_proxy,0.004690192096134416,0.07628295661373385,0,0.001656297585259333,1.1634080975466785,1.0,0,2.3283064365386963e-10,3.410605131648481e-13,0.5227631578947369,0.4270833333333333,-0.06691632188991936,P4_slow_adaptation
1,False,120,40,1000000,0.75,200000,0.02,0.25,0.03,4.0,1.0,0.002,0.0005,0.05,40,-0.08,0.0,0.15,0.05,0.02,20,0.15,3.0,0.1,100.0,1.0,15.0,1.0,tanh,synthetic_proxy,0.0003203081854845635,0.01969432559518902,0,0.0006869430699832571,1.035236096582628,1.0,0,3.4924596548080444e-10,5.115907697472721e-13,0.495,0.3429166666666667,-0.015226029561408838,P4_slow_adaptation
1,True,120,40,1000000,0.75,200000,0.02,0.25,0.03,4.0,1.0,0.002,0.0005,0.05,40,-0.08,0.0,0.15,0.05,0.02,20,0.15,3.0,0.1,100.0,1.0,15.0,1.0,tanh,synthetic_proxy,0.011562046430761308,0.08958969564051988,0,0.0014978503747178607,1.2253009147359477,1.0,0,3.4924596548080444e-10,6.821210263296962e-13,0.5335087719298246,0.4675,-0.0879518362313938,P4_slow_adaptation
2,False,120,40,1000000,0.75,200000,0.02,0.25,0.03,4.0,1.0,0.002,0.0005,0.05,40,-0.08,0.0,0.15,0.05,0.02,20,0.15,3.0,0.1,100.0,1.0,15.0,1.0,tanh,synthetic_proxy,0.001979041017319716,0.006145787641810729,0,0.0007984386863184984,1.0223265485577282,1.0,0,1.1641532182693481e-10,4.547473508864641e-13,0.5121491228070175,0.3441666666666666,0.029738799342077904,P4_slow_adaptation
2,True,120,40,1000000,0.75,200000,0.02,0.25,0.03,4.0,1.0,0.002,0.0005,0.05,40,-0.08,0.0,0.15,0.05,0.02,20,0.15,3.0,0.1,100.0,1.0,15.0,1.0,tanh,synthetic_proxy,0.0020815950459049937,0.056772090379128004,0,0.001400896216500641,1.0661318800464719,1.0,0,2.3283064365386963e-10,4.547473508864641e-13,0.5467543859649122,0.36166666666666664,-0.04653176872200593,P4_slow_adaptation
3,False,120,40,1000000,0.75,200000,0.02,0.25,0.03,4.0,1.0,0.002,0.0005,0.05,40,-0.08,0.0,0.15,0.05,0.02,20,0.15,3.0,0.1,100.0,1.0,15.0,1.0,tanh,synthetic_proxy,-0.0003296775620788006,0.016070466526384997,0,0.0006937747010285836,1.031298650119335,1.0,0,2.3283064365386963e-10,8.526512829121202e-14,0.5110526315789473,0.33166666666666667,-0.011306621047806664,P4_slow_adaptation
3,True,120,40,1000000,0.75,200000,0.02,0.25,0.03,4.0,1.0,0.002,0.0005,0.05,40,-0.08,0.0,0.15,0.05,0.02,20,0.15,3.0,0.1,100.0,1.0,15.0,1.0,tanh,synthetic_proxy,0.007761646254555998,0.085510266577698,0,0.0014398463170458573,1.156978092995247,1.0,0,3.4924596548080444e-10,6.821210263296962e-13,0.5379385964912281,0.4262500000000001,-0.08410545866048313,P4_slow_adaptation
4,False,120,40,1000000,0.75,200000,0.02,0.25,0.03,4.0,1.0,0.002,0.0005,0.05,40,-0.08,0.0,0.15,0.05,0.02,20,0.15,3.0,0.1,100.0,1.0,15.0,1.0,tanh,synthetic_proxy,0.00014335974962653708,0.016056996665114842,0,0.0008215828005101185,1.0379605429327998,1.0,0,3.4924596548080444e-10,1.1368683772161603e-13,0.5078947368421053,0.335,0.018092135378708685,P4_slow_adaptation
4,True,120,40,1000000,0.75,200000,0.02,0.25,0.03,4.0,1.0,0.002,0.0005,0.05,40,-0.08,0.0,0.15,0.05,0.02,20,0.15,3.0,0.1,100.0,1.0,15.0,1.0,tanh,synthetic_proxy,0.00509986424634401,0.0816287111620877,0,0.001733002848554173,1.179758852158524,1.0,0,2.3283064365386963e-10,4.547473508864641e-13,0.5517982456140351,0.43625,-0.058098654314838516,P4_slow_adaptation
5,False,120,40,1000000,0.75,200000,0.02,0.25,0.03,4.0,1.0,0.002,0.0005,0.05,40,-0.08,0.0,0.15,0.05,0.02,20,0.15,3.0,0.1,100.0,1.0,15.0,1.0,tanh,synthetic_proxy,0.0012454829834747105,0.029194470988425536,0,0.0007251525823855382,1.0152336450007629,1.0,0,2.3283064365386963e-10,2.2737367544323206e-13,0.5059210526315788,0.33916666666666667,-0.026103971861817676,P4_slow_adaptation
5,True,120,40,1000000,0.75,200000,0.02,0.25,0.03,4.0,1.0,0.002,0.0005,0.05,40,-0.08,0.0,0.15,0.05,0.02,20,0.15,3.0,0.1,100.0,1.0,15.0,1.0,tanh,synthetic_proxy,0.012505478021255456,0.09942898244673748,0,0.0014450657896971349,1.236659552325551,1.0,0,3.4924596548080444e-10,6.821210263296962e-13,0.5426315789473685,0.4829166666666666,-0.09748794355093904,P4_slow_adaptation
6,False,120,40,1000000,0.75,200000,0.02,0.25,0.03,4.0,1.0,0.002,0.0005,0.05,40,-0.08,0.0,0.15,0.05,0.02,20,0.15,3.0,0.1,100.0,1.0,15.0,1.0,tanh,synthetic_proxy,0.00013595182523329363,0.01900736586669738,0,0.0007928583302491079,1.039871285368892,1.0,0,3.4924596548080444e-10,3.410605131648481e-13,0.49828947368421056,0.3425000000000001,-0.01118050206118637,P4_slow_adaptation
6,True,120,40,1000000,0.75,200000,0.02,0.25,0.03,4.0,1.0,0.002,0.0005,0.05,40,-0.08,0.0,0.15,0.05,0.02,20,0.15,3.0,0.1,100.0,1.0,15.0,1.0,tanh,synthetic_proxy,0.0094954156495346,0.09132848777341918,0,0.0016286888020245254,1.2414041624930892,1.0,0,3.4924596548080444e-10,9.094947017729282e-13,0.5469736842105263,0.4670833333333333,-0.08428497629463105,P4_slow_adaptation
7,False,120,40,1000000,0.75,200000,0.02,0.25,0.03,4.0,1.0,0.002,0.0005,0.05,40,-0.08,0.0,0.15,0.05,0.02,20,0.15,3.0,0.1,100.0,1.0,15.0,1.0,tanh,synthetic_proxy,0.00148184380281835,0.008304178156907871,0,0.0007998768262642375,1.0287880105193654,1.0,0,2.3283064365386963e-10,3.410605131648481e-13,0.5084210526315789,0.3358333333333333,0.026831274001896555,P4_slow_adaptation
7,True,120,40,1000000,0.75,200000,0.02,0.25,0.03,4.0,1.0,0.002,0.0005,0.05,40,-0.08,0.0,0.15,0.05,0.02,20,0.15,3.0,0.1,100.0,1.0,15.0,1.0,tanh,synthetic_proxy,0.002282770901130604,0.07527106263597083,0,0.0017795392453614505,1.1612859654989647,1.0,0,2.3283064365386963e-10,2.2737367544323206e-13,0.5195614035087719,0.4258333333333333,-0.04990720194041576,P4_slow_adaptation
8,False,120,40,1000000,0.75,200000,0.02,0.25,0.03,4.0,1.0,0.002,0.0005,0.05,40,-0.08,0.0,0.15,0.05,0.02,20,0.15,3.0,0.1,100.0,1.0,15.0,1.0,tanh,synthetic_proxy,0.0003906556289037244,0.02942590274835921,0,0.0008200177907060264,1.029274880426977,1.0,0,3.4924596548080444e-10,3.410605131648481e-13,0.5118421052631579,0.33249999999999996,-0.017766896360228546,P4_slow_adaptation
8,True,120,40,1000000,0.75,200000,0.02,0.25,0.03,4.0,1.0,0.002,0.0005,0.05,40,-0.08,0.0,0.15,0.05,0.02,20,0.15,3.0,0.1,100.0,1.0,15.0,1.0,tanh,synthetic_proxy,0.009206040482110822,0.09874607889499654,0,0.0016753796316634065,1.2202088319736568,1.0,0,3.4924596548080444e-10,1.2505552149377763e-12,0.5344736842105263,0.46208333333333335,-0.08969164923288075,P4_slow_adaptation
9,False,120,40,1000000,0.75,200000,0.02,0.25,0.03,4.0,1.0,0.002,0.0005,0.05,40,-0.08,0.0,0.15,0.05,0.02,20,0.15,3.0,0.1,100.0,1.0,15.0,1.0,tanh,synthetic_proxy,0.000878842727510154,0.00861032764013503,0,0.0007315070128341874,1.0602778354380147,1.0,0,2.3283064365386963e-10,1.1368683772161603e-13,0.48780701754385963,0.34791666666666665,0.030390002845668063,P4_slow_adaptation
9,True,120,40,1000000,0.75,200000,0.02,0.25,0.03,4.0,1.0,0.002,0.0005,0.05,40,-0.08,0.0,0.15,0.05,0.02,20,0.15,3.0,0.1,100.0,1.0,15.0,1.0,tanh,synthetic_proxy,0.00404539587771735,0.05856894448980954,0,0.0015289990398257827,1.1728754824134948,1.0,0,2.3283064365386963e-10,9.094947017729282e-13,0.5202192982456141,0.42708333333333326,-0.047260065400302254,P4_slow_adaptation
10,False,120,40,1000000,0.75,200000,0.02,0.25,0.03,4.0,1.0,0.002,0.0005,0.05,40,-0.08,0.0,0.15,0.05,0.02,20,0.15,3.0,0.1,100.0,1.0,15.0,1.0,tanh,synthetic_proxy,0.0036869374106829333,0.04884600089272462,0,0.0007023815724808846,1.0394927420053666,1.0,0,2.3283064365386963e-10,4.547473508864641e-13,0.49991228070175436,0.3679166666666667,-0.04587188034777734,P4_slow_adaptation
10,True,120,40,1000000,0.75,200000,0.02,0.25,0.03,4.0,1.0,0.002,0.0005,0.05,40,-0.08,0.0,0.15,0.05,0.02,20,0.15,3.0,0.1,100.0,1.0,15.0,1.0,tanh,synthetic_proxy,0.016682275984144512,0.11929568454735762,1,0.0015958165667459539,1.364444626672497,1.0,0,3.4924596548080444e-10,6.821210263296962e-13,0.5769736842105263,0.54875,-0.11654184994111105,P4_slow_adaptation
11,False,120,40,1000000,0.75,200000,0.02,0.25,0.03,4.0,1.0,0.002,0.0005,0.05,40,-0.08,0.0,0.15,0.05,0.02,20,0.15,3.0,0.1,100.0,1.0,15.0,1.0,tanh,synthetic_proxy,-0.00019623492319398306,0.012463167006661835,0,0.0007259714958666942,1.0106311688673957,1.0,0,2.3283064365386963e-10,1.1368683772161603e-13,0.5125877192982456,0.3266666666666667,0.003917393618859455,P4_slow_adaptation
11,True,120,40,1000000,0.75,200000,0.02,0.25,0.03,4.0,1.0,0.002,0.0005,0.05,40,-0.08,0.0,0.15,0.05,0.02,20,0.15,3.0,0.1,100.0,1.0,15.0,1.0,tanh,synthetic_proxy,0.007430485721535041,0.07267301476948085,0,0.0013959422782462204,1.1876295532173713,1.0,0,3.4924596548080444e-10,2.2737367544323206e-13,0.5285964912280702,0.44916666666666666,-0.07004319889126065,P4_slow_adaptation
12,False,120,40,1000000,0.75,200000,0.02,0.25,0.03,4.0,1.0,0.002,0.0005,0.05,40,-0.08,0.0,0.15,0.05,0.02,20,0.15,3.0,0.1,100.0,1.0,15.0,1.0,tanh,synthetic_proxy,-0.0002729857629971688,0.012466196672222263,0,0.0008198260777329523,1.0266676934851175,1.0,0,2.3283064365386963e-10,2.8421709430404007e-13,0.5114912280701754,0.33375,0.012879989534739789,P4_slow_adaptation
12,True,120,40,1000000,0.75,200000,0.02,0.25,0.03,4.0,1.0,0.002,0.0005,0.05,40,-0.08,0.0,0.15,0.05,0.02,20,0.15,3.0,0.1,100.0,1.0,15.0,1.0,tanh,synthetic_proxy,0.006373028286580373,0.06493194572639194,0,0.0014477704973401694,1.1314125887046076,1.0,0,3.4924596548080444e-10,9.094947017729282e-13,0.5370175438596491,0.41208333333333336,-0.06316596155704512,P4_slow_adaptation
13,False,120,40,1000000,0.75,200000,0.02,0.25,0.03,4.0,1.0,0.002,0.0005,0.05,40,-0.08,0.0,0.15,0.05,0.02,20,0.15,3.0,0.1,100.0,1.0,15.0,1.0,tanh,synthetic_proxy,0.00047177126708897177,0.022388823423251103,0,0.0007032108109417407,1.0455747634770778,1.0,0,2.3283064365386963e-10,1.1368683772161603e-13,0.4867105263157895,0.34875,-0.021757229860378313,P4_slow_adaptation
13,True,120,40,1000000,0.75,200000,0.02,0.25,0.03,4.0,1.0,0.002,0.0005,0.05,40,-0.08,0.0,0.15,0.05,0.02,20,0.15,3.0,0.1,100.0,1.0,15.0,1.0,tanh,synthetic_proxy,0.011356468580129953,0.09401398195544242,0,0.0014908411171831691,1.193796008791668,1.0,0,3.4924596548080444e-10,4.547473508864641e-13,0.5209649122807017,0.4579166666666667,-0.09342866240227055,P4_slow_adaptation
14,False,120,40,1000000,0.75,200000,0.02,0.25,0.03,4.0,1.0,0.002,0.0005,0.05,40,-0.08,0.0,0.15,0.05,0.02,20,0.15,3.0,0.1,100.0,1.0,15.0,1.0,tanh,synthetic_proxy,-0.0001407122933169136,0.013150491773823325,0,0.0007070600862428653,1.0273897128094465,1.0,0,3.4924596548080444e-10,1.1368683772161603e-13,0.5040350877192983,0.33208333333333334,-0.0007487593821606797,P4_slow_adaptation
14,True,120,40,1000000,0.75,200000,0.02,0.25,0.03,4.0,1.0,0.002,0.0005,0.05,40,-0.08,0.0,0.15,0.05,0.02,20,0.15,3.0,0.1,100.0,1.0,15.0,1.0,tanh,synthetic_proxy,0.007813673367019769,0.08069183330293428,0,0.0015851743624886014,1.1818619643994603,1.0,0,2.3283064365386963e-10,5.684341886080801e-13,0.5326315789473685,0.4354166666666667,-0.0752202516477044,P4_slow_adaptation
15,False,120,40,1000000,0.75,200000,0.02,0.25,0.03,4.0,1.0,0.002,0.0005,0.05,40,-0.08,0.0,0.15,0.05,0.02,20,0.15,3.0,0.1,100.0,1.0,15.0,1.0,tanh,synthetic_proxy,-0.000147181819954878,0.01878898598474643,0,0.0006817451299220845,1.011174173144975,1.0,0,2.3283064365386963e-10,1.8474111129762605e-13,0.5191228070175439,0.3195833333333333,-0.008923233176640455,P4_slow_adaptation
15,True,120,40,1000000,0.75,200000,0.02,0.25,0.03,4.0,1.0,0.002,0.0005,0.05,40,-0.08,0.0,0.15,0.05,0.02,20,0.15,3.0,0.1,100.0,1.0,15.0,1.0,tanh,synthetic_proxy,0.009012011762395744,0.08653722310863732,0,0.0015337992177714432,1.1425911118164036,1.0,0,3.4924596548080444e-10,9.094947017729282e-13,0.5528508771929824,0.4133333333333333,-0.0834171072632921,P4_slow_adaptation
16,False,120,40,1000000,0.75,200000,0.02,0.25,0.03,4.0,1.0,0.002,0.0005,0.05,40,-0.08,0.0,0.15,0.05,0.02,20,0.15,3.0,0.1,100.0,1.0,15.0,1.0,tanh,synthetic_proxy,3.462840804324685e-06,0.014478062709274209,0,0.0007905142505229225,1.0533857440471863,1.0,0,2.3283064365386963e-10,2.2737367544323206e-13,0.5025,0.34041666666666665,0.008993010551597402,P4_slow_adaptation
16,True,120,40,1000000,0.75,200000,0.02,0.25,0.03,4.0,1.0,0.002,0.0005,0.05,40,-0.08,0.0,0.15,0.05,0.02,20,0.15,3.0,0.1,100.0,1.0,15.0,1.0,tanh,synthetic_proxy,0.005626909015957526,0.06843078563721894,0,0.0015185674370981346,1.1566501909578362,1.0,0,3.4924596548080444e-10,6.821210263296962e-13,0.5305263157894736,0.42791666666666667,-0.06615969796814691,P4_slow_adaptation
17,False,120,40,1000000,0.75,200000,0.02,0.25,0.03,4.0,1.0,0.002,0.0005,0.05,40,-0.08,0.0,0.15,0.05,0.02,20,0.15,3.0,0.1,100.0,1.0,15.0,1.0,tanh,synthetic_proxy,0.0004602310308841062,0.019554130412124948,0,0.000795578493153241,1.0278622011107619,1.0,0,2.3283064365386963e-10,4.547473508864641e-13,0.5053947368421052,0.33958333333333335,0.00010850368883219552,P4_slow_adaptation
17,True,120,40,1000000,0.75,200000,0.02,0.25,0.03,4.0,1.0,0.002,0.0005,0.05,40,-0.08,0.0,0.15,0.05,0.02,20,0.15,3.0,0.1,100.0,1.0,15.0,1.0,tanh,synthetic_proxy,0.010150181323810736,0.07850314170794581,0,0.0015413632963494394,1.1662614335407373,1.0,0,4.656612873077393e-10,6.821210263296962e-13,0.5373245614035087,0.4391666666666667,-0.07470654688481448,P4_slow_adaptation
18,False,120,40,1000000,0.75,200000,0.02,0.25,0.03,4.0,1.0,0.002,0.0005,0.05,40,-0.08,0.0,0.15,0.05,0.02,20,0.15,3.0,0.1,100.0,1.0,15.0,1.0,tanh,synthetic_proxy,-0.00020665957010723712,0.007049033889700684,0,0.0007066680778965654,1.0183089941811974,1.0,0,3.4924596548080444e-10,1.1368683772161603e-13,0.5096052631578948,0.3225,-0.004025777505684447,P4_slow_adaptation
18,True,120,40,1000000,0.75,200000,0.02,0.25,0.03,4.0,1.0,0.002,0.0005,0.05,40,-0.08,0.0,0.15,0.05,0.02,20,0.15,3.0,0.1,100.0,1.0,15.0,1.0,tanh,synthetic_proxy,0.007561986472756521,0.07817761211302832,0,0.001632686018016077,1.166451916173596,1.0,0,3.4924596548080444e-10,6.821210263296962e-13,0.5345614035087719,0.4270833333333333,-0.07764588510108217,P4_slow_adaptation
19,False,120,40,1000000,0.75,200000,0.02,0.25,0.03,4.0,1.0,0.002,0.0005,0.05,40,-0.08,0.0,0.15,0.05,0.02,20,0.15,3.0,0.1,100.0,1.0,15.0,1.0,tanh,synthetic_proxy,-7.3608633786026445e-06,0.018837326691824807,0,0.0007484486208327602,0.9949503441943915,1.0,0,2.3283064365386963e-10,1.7053025658242404e-13,0.5289035087719298,0.3125,-0.009712118524974,P4_slow_adaptation
19,True,120,40,1000000,0.75,200000,0.02,0.25,0.03,4.0,1.0,0.002,0.0005,0.05,40,-0.08,0.0,0.15,0.05,0.02,20,0.15,3.0,0.1,100.0,1.0,15.0,1.0,tanh,synthetic_proxy,0.007442169156713474,0.08827045076350393,0,0.0015942987667860262,1.1715525794242931,1.0,0,3.4924596548080444e-10,4.547473508864641e-13,0.5404385964912282,0.43749999999999994,-0.08141987299043951,P4_slow_adaptation
0,False,120,40,1000000,0.75,200000,0.02,0.25,0.03,4.0,1.0,0.002,0.0005,0.05,40,-0.08,0.9,0.15,0.05,0.02,20,0.15,3.0,0.1,100.0,1.0,15.0,1.0,tanh,synthetic_proxy,-0.0007912177691900002,0.013675814372227535,0,0.0015927095030911682,1.2117405562638677,1.0,0,2.3283064365386963e-10,1.1368683772161603e-13,0.8260964912280702,0.42291666666666666,0.006832249894773712,P4_slow_adaptation
0,True,120,40,1000000,0.75,200000,0.02,0.25,0.03,4.0,1.0,0.002,0.0005,0.05,40,-0.08,0.9,0.15,0.05,0.02,20,0.15,3.0,0.1,100.0,1.0,15.0,1.0,tanh,synthetic_proxy,0.00668630622015387,0.07644781488331487,0,0.002064377768099734,1.334950722496327,1.0,0,3.4924596548080444e-10,6.821210263296962e-13,0.8467105263157895,0.5154166666666667,-0.06875882946107392,P4_slow_adaptation
1,False,120,40,1000000,0.75,200000,0.02,0.25,0.03,4.0,1.0,0.002,0.0005,0.05,40,-0.08,0.9,0.15,0.05,0.02,20,0.15,3.0,0.1,100.0,1.0,15.0,1.0,tanh,synthetic_proxy,-0.0003112018320675647,0.02217378657340119,0,0.001313593691760357,1.09555917500701,1.0,0,2.3283064365386963e-10,1.2789769243681803e-13,0.829342105263158,0.3595833333333333,-0.0183315493832642,P4_slow_adaptation
1,True,120,40,1000000,0.75,200000,0.02,0.25,0.03,4.0,1.0,0.002,0.0005,0.05,40,-0.08,0.9,0.15,0.05,0.02,20,0.15,3.0,0.1,100.0,1.0,15.0,1.0,tanh,synthetic_proxy,0.007553865540983917,0.09401434519211582,0,0.001985833290003927,1.305021718191937,1.0,0,3.4924596548080444e-10,1.0231815394945443e-12,0.8373684210526317,0.49,-0.09148459102367523,P4_slow_adaptation
2,False,120,40,1000000,0.75,200000,0.02,0.25,0.03,4.0,1.0,0.002,0.0005,0.05,40,-0.08,0.9,0.15,0.05,0.02,20,0.15,3.0,0.1,100.0,1.0,15.0,1.0,tanh,synthetic_proxy,0.00153720801007462,0.008890666922950818,0,0.0012785226428444127,1.0757472953213294,1.0,0,2.3283064365386963e-10,4.547473508864641e-13,0.83,0.3758333333333333,0.029849208601723243,P4_slow_adaptation
2,True,120,40,1000000,0.75,200000,0.02,0.25,0.03,4.0,1.0,0.002,0.0005,0.05,40,-0.08,0.9,0.15,0.05,0.02,20,0.15,3.0,0.1,100.0,1.0,15.0,1.0,tanh,synthetic_proxy,0.002558041396445221,0.05811647860763969,0,0.0017042079390263746,1.110936760375977,1.0,0,3.4924596548080444e-10,5.684341886080801e-13,0.8119298245614035,0.385,-0.04446563009236304,P4_slow_adaptation
3,False,120,40,1000000,0.75,200000,0.02,0.25,0.03,4.0,1.0,0.002,0.0005,0.05,40,-0.08,0.9,0.15,0.05,0.02,20,0.15,3.0,0.1,100.0,1.0,15.0,1.0,tanh,synthetic_proxy,8.945398597548504e-05,0.01638091859239088,0,0.001170462787612025,0.9615855318469959,1.0,0,2.3283064365386963e-10,2.2737367544323206e-13,0.8204824561403509,0.2929166666666667,-0.012939208049957185,P4_slow_adaptation
3,True,120,40,1000000,0.75,200000,0.02,0.25,0.03,4.0,1.0,0.002,0.0005,0.05,40,-0.08,0.9,0.15,0.05,0.02,20,0.15,3.0,0.1,100.0,1.0,15.0,1.0,tanh,synthetic_proxy,0.010496700867305586,0.08663068532666074,0,0.0016885759026034487,1.126286463206245,1.0,0,4.656612873077393e-10,6.821210263296962e-13,0.8624561403508771,0.40249999999999997,-0.0844445344309337,P4_slow_adaptation
4,False,120,40,1000000,0.75,200000,0.02,0.25,0.03,4.0,1.0,0.002,0.0005,0.05,40,-0.08,0.9,0.15,0.05,0.02,20,0.15,3.0,0.1,100.0,1.0,15.0,1.0,tanh,synthetic_proxy,-0.00035364068884480293,0.02155166168413236,0,0.0013228721684167952,1.0382463017530643,1.0,0,2.3283064365386963e-10,1.1368683772161603e-13,0.8307894736842106,0.32916666666666666,0.018212281698855914,P4_slow_adaptation
4,True,120,40,1000000,0.75,200000,0.02,0.25,0.03,4.0,1.0,0.002,0.0005,0.05,40,-0.08,0.9,0.15,0.05,0.02,20,0.15,3.0,0.1,100.0,1.0,15.0,1.0,tanh,synthetic_proxy,0.003838575120024279,0.0851196291576799,0,0.0020451310884572874,1.1947844110302501,1.0,0,2.3283064365386963e-10,9.094947017729282e-13,0.847280701754386,0.43166666666666664,-0.058446228476883744,P4_slow_adaptation
5,False,120,40,1000000,0.75,200000,0.02,0.25,0.03,4.0,1.0,0.002,0.0005,0.05,40,-0.08,0.9,0.15,0.05,0.02,20,0.15,3.0,0.1,100.0,1.0,15.0,1.0,tanh,synthetic_proxy,0.001309493375395876,0.029665908752844472,0,0.0013231069329464626,1.053265753702428,1.0,0,2.3283064365386963e-10,4.547473508864641e-13,0.8144736842105263,0.34750000000000003,-0.026710203420382772,P4_slow_adaptation
5,True,120,40,1000000,0.75,200000,0.02,0.25,0.03,4.0,1.0,0.002,0.0005,0.05,40,-0.08,0.9,0.15,0.05,0.02,20,0.15,3.0,0.1,100.0,1.0,15.0,1.0,tanh,synthetic_proxy,0.012799940325729509,0.10122086532530561,1,0.0019795943365506635,1.3320646556632703,1.0,0,2.3283064365386963e-10,6.821210263296962e-13,0.8527631578947369,0.5154166666666666,-0.09918438046235711,P4_slow_adaptation
6,False,120,40,1000000,0.75,200000,0.02,0.25,0.03,4.0,1.0,0.002,0.0005,0.05,40,-0.08,0.9,0.15,0.05,0.02,20,0.15,3.0,0.1,100.0,1.0,15.0,1.0,tanh,synthetic_proxy,-0.0009914794494289003,0.02908575603656316,0,0.00124690535750427,1.0206106194540074,1.0,0,2.3283064365386963e-10,1.7053025658242404e-13,0.837280701754386,0.325,-0.011340471483908598,P4_slow_adaptation
6,True,120,40,1000000,0.75,200000,0.02,0.25,0.03,4.0,1.0,0.002,0.0005,0.05,40,-0.08,0.9,0.15,0.05,0.02,20,0.15,3.0,0.1,100.0,1.0,15.0,1.0,tanh,synthetic_proxy,0.004194499940241014,0.09585634280762378,0,0.001968385419300048,1.226492691450173,1.0,0,3.4924596548080444e-10,6.821210263296962e-13,0.849561403508772,0.4691666666666666,-0.08399208926825419,P4_slow_adaptation
7,False,120,40,1000000,0.75,200000,0.02,0.25,0.03,4.0,1.0,0.002,0.0005,0.05,40,-0.08,0.9,0.15,0.05,0.02,20,0.15,3.0,0.1,100.0,1.0,15.0,1.0,tanh,synthetic_proxy,0.0009016455513337629,0.010060158641740258,0,0.001389268572523975,1.073301672175631,1.0,0,2.3283064365386963e-10,7.958078640513122e-13,0.8784649122807018,0.35374999999999995,0.026943702330329167,P4_slow_adaptation
7,True,120,40,1000000,0.75,200000,0.02,0.25,0.03,4.0,1.0,0.002,0.0005,0.05,40,-0.08,0.9,0.15,0.05,0.02,20,0.15,3.0,0.1,100.0,1.0,15.0,1.0,tanh,synthetic_proxy,0.002191324494789093,0.07538899315979208,0,0.0021002064171997217,1.2713445678804298,1.0,0,2.3283064365386963e-10,7.958078640513122e-13,0.8600877192982457,0.4658333333333333,-0.0500966796100496,P4_slow_adaptation
8,False,120,40,1000000,0.75,200000,0.02,0.25,0.03,4.0,1.0,0.002,0.0005,0.05,40,-0.08,0.9,0.15,0.05,0.02,20,0.15,3.0,0.1,100.0,1.0,15.0,1.0,tanh,synthetic_proxy,-0.00024937294595639425,0.03382992440262511,0,0.0013916892943124637,1.1234832861268214,1.0,0,3.4924596548080444e-10,4.547473508864641e-13,0.8336842105263158,0.38083333333333336,-0.01650289701086327,P4_slow_adaptation
8,True,120,40,1000000,0.75,200000,0.02,0.25,0.03,4.0,1.0,0.002,0.0005,0.05,40,-0.08,0.9,0.15,0.05,0.02,20,0.15,3.0,0.1,100.0,1.0,15.0,1.0,tanh,synthetic_proxy,0.007433852664475493,0.10375662043489631,1,0.0020050113789440204,1.2669987034871848,1.0,0,3.4924596548080444e-10,6.821210263296962e-13,0.8499561403508771,0.4895833333333333,-0.08931008107901173,P4_slow_adaptation
9,False,120,40,1000000,0.75,200000,0.02,0.25,0.03,4.0,1.0,0.002,0.0005,0.05,40,-0.08,0.9,0.15,0.05,0.02,20,0.15,3.0,0.1,100.0,1.0,15.0,1.0,tanh,synthetic_proxy,-0.000990770104395966,0.01320223557651734,0,0.0010840134185443105,0.9003223345750161,1.0,0,2.3283064365386963e-10,2.8421709430404007e-13,0.8471929824561405,0.2533333333333333,0.03167822802723075,P4_slow_adaptation
9,True,120,40,1000000,0.75,200000,0.02,0.25,0.03,4.0,1.0,0.002,0.0005,0.05,40,-0.08,0.9,0.15,0.05,0.02,20,0.15,3.0,0.1,100.0,1.0,15.0,1.0,tanh,synthetic_proxy,0.006086050559855005,0.05839676834417329,0,0.0016613276507946107,1.0240112192119069,1.0,0,2.3283064365386963e-10,4.547473508864641e-13,0.8539912280701754,0.34375,-0.04637555302271068,P4_slow_adaptation
10,False,120,40,1000000,0.75,200000,0.02,0.25,0.03,4.0,1.0,0.002,0.0005,0.05,40,-0.08,0.9,0.15,0.05,0.02,20,0.15,3.0,0.1,100.0,1.0,15.0,1.0,tanh,synthetic_proxy,0.0037087323393785177,0.04972049102366627,0,0.001225549052667829,0.9579806210280917,1.0,0,3.4924596548080444e-10,1.5916157281026244e-12,0.8471929824561405,0.315,-0.04552835866433791,P4_slow_adaptation
10,True,120,40,1000000,0.75,200000,0.02,0.25,0.03,4.0,1.0,0.002,0.0005,0.05,40,-0.08,0.9,0.15,0.05,0.02,20,0.15,3.0,0.1,100.0,1.0,15.0,1.0,tanh,synthetic_proxy,0.016724221277196527,0.11994325636047043,1,0.002022224351010181,1.2966842872859419,1.0,0,3.4924596548080444e-10,1.3642420526593924e-12,0.8589035087719298,0.51875,-0.1164681245677659,P4_slow_adaptation
11,False,120,40,1000000,0.75,200000,0.02,0.25,0.03,4.0,1.0,0.002,0.0005,0.05,40,-0.08,0.9,0.15,0.05,0.02,20,0.15,3.0,0.1,100.0,1.0,15.0,1.0,tanh,synthetic_proxy,-0.0005435912293397793,0.01584616690383822,0,0.0012715846248905613,1.0297359532319217,1.0,0,2.3283064365386963e-10,3.410605131648481e-13,0.8096491228070176,0.3283333333333333,0.005161047657936457,P4_slow_adaptation
11,True,120,40,1000000,0.75,200000,0.02,0.25,0.03,4.0,1.0,0.002,0.0005,0.05,40,-0.08,0.9,0.15,0.05,0.02,20,0.15,3.0,0.1,100.0,1.0,15.0,1.0,tanh,synthetic_proxy,0.00632200411238748,0.07729242315029172,0,0.0016754802836037891,1.1669129232264426,1.0,0,2.3283064365386963e-10,4.547473508864641e-13,0.8163157894736842,0.43499999999999994,-0.07004800530655342,P4_slow_adaptation
12,False,120,40,1000000,0.75,200000,0.02,0.25,0.03,4.0,1.0,0.002,0.0005,0.05,40,-0.08,0.9,0.15,0.05,0.02,20,0.15,3.0,0.1,100.0,1.0,15.0,1.0,tanh,synthetic_proxy,-0.0006069362416250002,0.013397964407469098,0,0.001351791921142336,1.1147961927631256,1.0,0,2.3283064365386963e-10,2.8421709430404007e-13,0.8025000000000001,0.3754166666666666,0.010503455462141709,P4_slow_adaptation
12,True,120,40,1000000,0.75,200000,0.02,0.25,0.03,4.0,1.0,0.002,0.0005,0.05,40,-0.08,0.9,0.15,0.05,0.02,20,0.15,3.0,0.1,100.0,1.0,15.0,1.0,tanh,synthetic_proxy,0.005424986319717995,0.06857714576632179,0,0.0018452367676469643,1.1821969320075143,1.0,0,2.3283064365386963e-10,4.547473508864641e-13,0.850701754385965,0.4308333333333333,-0.06479363228501811,P4_slow_adaptation
13,False,120,40,1000000,0.75,200000,0.02,0.25,0.03,4.0,1.0,0.002,0.0005,0.05,40,-0.08,0.9,0.15,0.05,0.02,20,0.15,3.0,0.1,100.0,1.0,15.0,1.0,tanh,synthetic_proxy,0.0005596537544863001,0.018900196015021686,0,0.0013672092953617315,1.0682868751448813,1.0,0,3.4924596548080444e-10,3.410605131648481e-13,0.8295175438596493,0.35958333333333325,-0.01792415492668753,P4_slow_adaptation
13,True,120,40,1000000,0.75,200000,0.02,0.25,0.03,4.0,1.0,0.002,0.0005,0.05,40,-0.08,0.9,0.15,0.05,0.02,20,0.15,3.0,0.1,100.0,1.0,15.0,1.0,tanh,synthetic_proxy,0.012006999820124653,0.09023956219617546,0,0.0019548286987141274,1.217166901089198,1.0,0,3.4924596548080444e-10,6.821210263296962e-13,0.8476754385964912,0.45041666666666663,-0.08954938592876616,P4_slow_adaptation
14,False,120,40,1000000,0.75,200000,0.02,0.25,0.03,4.0,1.0,0.002,0.0005,0.05,40,-0.08,0.9,0.15,0.05,0.02,20,0.15,3.0,0.1,100.0,1.0,15.0,1.0,tanh,synthetic_proxy,-0.0006896029619796185,0.019179108230404696,0,0.001316588300540123,1.048801329838335,1.0,0,2.3283064365386963e-10,1.1368683772161603e-13,0.822938596491228,0.33541666666666664,-0.006802301617248929,P4_slow_adaptation
14,True,120,40,1000000,0.75,200000,0.02,0.25,0.03,4.0,1.0,0.002,0.0005,0.05,40,-0.08,0.9,0.15,0.05,0.02,20,0.15,3.0,0.1,100.0,1.0,15.0,1.0,tanh,synthetic_proxy,0.005511923714977884,0.08670992331939509,0,0.0018927725116705024,1.2407104408733203,1.0,0,2.3283064365386963e-10,3.410605131648481e-13,0.8225877192982457,0.48625,-0.07860594683431554,P4_slow_adaptation
15,False,120,40,1000000,0.75,200000,0.02,0.25,0.03,4.0,1.0,0.002,0.0005,0.05,40,-0.08,0.9,0.15,0.05,0.02,20,0.15,3.0,0.1,100.0,1.0,15.0,1.0,tanh,synthetic_proxy,-0.0002796593595407737,0.022384583461657837,0,0.0012668837050985352,1.026631354552098,1.0,0,2.3283064365386963e-10,3.410605131648481e-13,0.835482456140351,0.3295833333333333,-0.008723270073403344,P4_slow_adaptation
15,True,120,40,1000000,0.75,200000,0.02,0.25,0.03,4.0,1.0,0.002,0.0005,0.05,40,-0.08,0.9,0.15,0.05,0.02,20,0.15,3.0,0.1,100.0,1.0,15.0,1.0,tanh,synthetic_proxy,0.012700027837681649,0.09021940561807262,0,0.001899506713338849,1.1690935313092026,1.0,0,2.3283064365386963e-10,4.547473508864641e-13,0.871140350877193,0.42583333333333334,-0.0833447818338392,P4_slow_adaptation
16,False,120,40,1000000,0.75,200000,0.02,0.25,0.03,4.0,1.0,0.002,0.0005,0.05,40,-0.08,0.9,0.15,0.05,0.02,20,0.15,3.0,0.1,100.0,1.0,15.0,1.0,tanh,synthetic_proxy,-0.0008096507782529017,0.017565037561092067,0,0.0012848038572643773,1.000021703074887,1.0,0,2.3283064365386963e-10,3.979039320256561e-13,0.8384210526315791,0.30999999999999994,0.008882358359771247,P4_slow_adaptation
16,True,120,40,1000000,0.75,200000,0.02,0.25,0.03,4.0,1.0,0.002,0.0005,0.05,40,-0.08,0.9,0.15,0.05,0.02,20,0.15,3.0,0.1,100.0,1.0,15.0,1.0,tanh,synthetic_proxy,0.006759740733486952,0.07256370622555641,0,0.0018516261523093163,1.2147289766660534,1.0,0,4.656612873077393e-10,3.410605131648481e-13,0.8428508771929825,0.45125,-0.06690745825114253,P4_slow_adaptation
17,False,120,40,1000000,0.75,200000,0.02,0.25,0.03,4.0,1.0,0.002,0.0005,0.05,40,-0.08,0.9,0.15,0.05,0.02,20,0.15,3.0,0.1,100.0,1.0,15.0,1.0,tanh,synthetic_proxy,-0.00039361765087975176,0.021472745192445686,0,0.0013645307883590847,1.1270298996846313,1.0,0,3.4924596548080444e-10,3.410605131648481e-13,0.7967543859649123,0.39666666666666667,0.0005299789406283395,P4_slow_adaptation
17,True,120,40,1000000,0.75,200000,0.02,0.25,0.03,4.0,1.0,0.002,0.0005,0.05,40,-0.08,0.9,0.15,0.05,0.02,20,0.15,3.0,0.1,100.0,1.0,15.0,1.0,tanh,synthetic_proxy,0.011548905272885213,0.07923409599750397,0,0.001979607525767981,1.292086952635894,1.0,0,3.4924596548080444e-10,6.821210263296962e-13,0.8256578947368421,0.5045833333333333,-0.07489576454677349,P4_slow_adaptation
18,False,120,40,1000000,0.75,200000,0.02,0.25,0.03,4.0,1.0,0.002,0.0005,0.05,40,-0.08,0.9,0.15,0.05,0.02,20,0.15,3.0,0.1,100.0,1.0,15.0,1.0,tanh,synthetic_proxy,-0.0004631748543579839,0.0076992532676783965,0,0.0012744808965232262,0.9743597875517641,1.0,0,2.3283064365386963e-10,1.1368683772161603e-13,0.8212280701754385,0.29416666666666663,-0.001600864768059762,P4_slow_adaptation
18,True,120,40,1000000,0.75,200000,0.02,0.25,0.03,4.0,1.0,0.002,0.0005,0.05,40,-0.08,0.9,0.15,0.05,0.02,20,0.15,3.0,0.1,100.0,1.0,15.0,1.0,tanh,synthetic_proxy,0.00794686719422999,0.0771529064372165,0,0.0019308052776114287,1.2053262527450324,1.0,0,2.3283064365386963e-10,9.094947017729282e-13,0.8334649122807017,0.45875,-0.07567548010883995,P4_slow_adaptation
19,False,120,40,1000000,0.75,200000,0.02,0.25,0.03,4.0,1.0,0.002,0.0005,0.05,40,-0.08,0.9,0.15,0.05,0.02,20,0.15,3.0,0.1,100.0,1.0,15.0,1.0,tanh,synthetic_proxy,-0.0009330438474564051,0.025976171683596228,0,0.0014065212044566153,1.1491185881981387,1.0,0,2.3283064365386963e-10,3.410605131648481e-13,0.8339473684210527,0.3983333333333333,-0.013599878855598213,P4_slow_adaptation
19,True,120,40,1000000,0.75,200000,0.02,0.25,0.03,4.0,1.0,0.002,0.0005,0.05,40,-0.08,0.9,0.15,0.05,0.02,20,0.15,3.0,0.1,100.0,1.0,15.0,1.0,tanh,synthetic_proxy,0.0049657633511071,0.0936618925475835,0,0.0020157539571640055,1.3005714861471573,1.0,0,3.4924596548080444e-10,4.547473508864641e-13,0.8282456140350877,0.5066666666666667,-0.08281702744387753,P4_slow_adaptation
0,False,120,40,1000000,0.25,200000,0.02,0.25,0.03,4.0,1.0,0.002,0.0005,0.05,40,-0.08,0.0,0.15,0.05,0.02,5,0.4,6.0,0.1,100.0,1.0,15.0,1.0,tanh,synthetic_proxy,-6.967975034632978e-06,0.006574506999393215,0,0.0007856321219444799,1.3525433300911631,1.0,0,2.3283064365386963e-10,2.842170943040401e-14,0.9891666666666666,0.005416666666666667,0.007864563714238715,P5_selective_proxy_gate
0,True,120,40,1000000,0.25,200000,0.02,0.25,0.03,4.0,1.0,0.002,0.0005,0.05,40,-0.08,0.0,0.15,0.05,0.02,5,0.4,6.0,0.1,100.0,1.0,15.0,1.0,tanh,synthetic_proxy,0.006613609174483059,0.0746794332201387,0,0.0016214655034475249,1.41358318761706,1.0,0,4.656612873077393e-10,4.547473508864641e-13,0.9311842105263158,0.07375000000000001,-0.0671664636125423,P5_selective_proxy_gate
1,False,120,40,1000000,0.25,200000,0.02,0.25,0.03,4.0,1.0,0.002,0.0005,0.05,40,-0.08,0.0,0.15,0.05,0.02,5,0.4,6.0,0.1,100.0,1.0,15.0,1.0,tanh,synthetic_proxy,1.8719559519153606e-05,0.018566158632100982,0,0.0007983847424691028,1.35427331982001,1.0,0,3.4924596548080444e-10,8.526512829121202e-14,0.975921052631579,0.012083333333333335,-0.015431124717912192,P5_selective_proxy_gate
1,True,120,40,1000000,0.25,200000,0.02,0.25,0.03,4.0,1.0,0.002,0.0005,0.05,40,-0.08,0.0,0.15,0.05,0.02,5,0.4,6.0,0.1,100.0,1.0,15.0,1.0,tanh,synthetic_proxy,0.008857466984369289,0.08942394146435662,0,0.0015777752016407883,1.43822967926735,1.0,0,2.3283064365386963e-10,6.821210263296962e-13,0.9151754385964913,0.09000000000000001,-0.08873468704378373,P5_selective_proxy_gate
2,False,120,40,1000000,0.25,200000,0.02,0.25,0.03,4.0,1.0,0.002,0.0005,0.05,40,-0.08,0.0,0.15,0.05,0.02,5,0.4,6.0,0.1,100.0,1.0,15.0,1.0,tanh,synthetic_proxy,0.00019528088569731317,0.003969359387766769,0,0.0008527316913187475,1.353731359519698,1.0,0,2.3283064365386963e-10,1.9895196601282805e-13,0.974780701754386,0.012916666666666665,0.028778284925211173,P5_selective_proxy_gate
2,True,120,40,1000000,0.25,200000,0.02,0.25,0.03,4.0,1.0,0.002,0.0005,0.05,40,-0.08,0.0,0.15,0.05,0.02,5,0.4,6.0,0.1,100.0,1.0,15.0,1.0,tanh,synthetic_proxy,0.0026826846861127684,0.054239264444874924,0,0.0013812639403150118,1.3946998329612892,1.0,0,2.3283064365386963e-10,1.1368683772161603e-13,0.9460087719298246,0.046250000000000006,-0.047646973978961005,P5_selective_proxy_gate
3,False,120,40,1000000,0.25,200000,0.02,0.25,0.03,4.0,1.0,0.002,0.0005,0.05,40,-0.08,0.0,0.15,0.05,0.02,5,0.4,6.0,0.1,100.0,1.0,15.0,1.0,tanh,synthetic_proxy,2.8157045376175915e-05,0.01457432771539191,0,0.0007490200466045583,1.3524133053687921,1.0,0,2.3283064365386963e-10,8.526512829121202e-14,0.9844298245614035,0.007916666666666666,-0.011330837457783183,P5_selective_proxy_gate
3,True,120,40,1000000,0.25,200000,0.02,0.25,0.03,4.0,1.0,0.002,0.0005,0.05,40,-0.08,0.0,0.15,0.05,0.02,5,0.4,6.0,0.1,100.0,1.0,15.0,1.0,tanh,synthetic_proxy,0.007078390112803534,0.08539435986302868,0,0.0014246054274905252,1.4278461933289208,1.0,0,3.4924596548080444e-10,1.1368683772161603e-12,0.9305263157894738,0.06833333333333334,-0.08484025874622925,P5_selective_proxy_gate
4,False,120,40,1000000,0.25,200000,0.02,0.25,0.03,4.0,1.0,0.002,0.0005,0.05,40,-0.08,0.0,0.15,0.05,0.02,5,0.4,6.0,0.1,100.0,1.0,15.0,1.0,tanh,synthetic_proxy,-2.5294732971969935e-05,0.012368119475873907,0,0.0008855979001823405,1.343892911245651,1.0,0,3.4924596548080444e-10,1.7053025658242404e-13,0.983421052631579,0.008333333333333333,0.014972708426756576,P5_selective_proxy_gate
4,True,120,40,1000000,0.25,200000,0.02,0.25,0.03,4.0,1.0,0.002,0.0005,0.05,40,-0.08,0.0,0.15,0.05,0.02,5,0.4,6.0,0.1,100.0,1.0,15.0,1.0,tanh,synthetic_proxy,0.0046860717717791545,0.07822797994370223,0,0.0017287481231527224,1.4236753801257378,1.0,0,3.4924596548080444e-10,4.547473508864641e-13,0.922280701754386,0.07958333333333334,-0.06060270256292266,P5_selective_proxy_gate
5,False,120,40,1000000,0.25,200000,0.02,0.25,0.03,4.0,1.0,0.002,0.0005,0.05,40,-0.08,0.0,0.15,0.05,0.02,5,0.4,6.0,0.1,100.0,1.0,15.0,1.0,tanh,synthetic_proxy,0.00014321760272606454,0.028996835058018977,0,0.0008698419815201703,1.349384554380857,1.0,0,3.4924596548080444e-10,7.105427357601002e-14,0.9752631578947368,0.0125,-0.025048474579075775,P5_selective_proxy_gate
5,True,120,40,1000000,0.25,200000,0.02,0.25,0.03,4.0,1.0,0.002,0.0005,0.05,40,-0.08,0.0,0.15,0.05,0.02,5,0.4,6.0,0.1,100.0,1.0,15.0,1.0,tanh,synthetic_proxy,0.010724215693151518,0.10068825826661354,1,0.0015685484422505742,1.4331777221329283,1.0,0,3.4924596548080444e-10,5.684341886080801e-13,0.9031140350877195,0.08625000000000001,-0.09768189375695668,P5_selective_proxy_gate
6,False,120,40,1000000,0.25,200000,0.02,0.25,0.03,4.0,1.0,0.002,0.0005,0.05,40,-0.08,0.0,0.15,0.05,0.02,5,0.4,6.0,0.1,100.0,1.0,15.0,1.0,tanh,synthetic_proxy,-5.015808943065192e-05,0.018462415484417738,0,0.0009063451635691115,1.364351331760578,1.0,0,2.3283064365386963e-10,8.526512829121202e-14,0.9792543859649124,0.010416666666666666,-0.010418057453469909,P5_selective_proxy_gate
6,True,120,40,1000000,0.25,200000,0.02,0.25,0.03,4.0,1.0,0.002,0.0005,0.05,40,-0.08,0.0,0.15,0.05,0.02,5,0.4,6.0,0.1,100.0,1.0,15.0,1.0,tanh,synthetic_proxy,0.009371526142098796,0.08991058255375739,0,0.0016504187219323,1.4521216913119397,1.0,0,3.4924596548080444e-10,4.547473508864641e-13,0.9047368421052632,0.09416666666666668,-0.08411819420081457,P5_selective_proxy_gate
7,False,120,40,1000000,0.25,200000,0.02,0.25,0.03,4.0,1.0,0.002,0.0005,0.05,40,-0.08,0.0,0.15,0.05,0.02,5,0.4,6.0,0.1,100.0,1.0,15.0,1.0,tanh,synthetic_proxy,0.00020444140629383156,0.00599137347175116,0,0.000948431905069006,1.365772633970506,1.0,0,2.3283064365386963e-10,2.2737367544323206e-13,0.9694298245614036,0.015416666666666667,0.027109900652082963,P5_selective_proxy_gate
7,True,120,40,1000000,0.25,200000,0.02,0.25,0.03,4.0,1.0,0.002,0.0005,0.05,40,-0.08,0.0,0.15,0.05,0.02,5,0.4,6.0,0.1,100.0,1.0,15.0,1.0,tanh,synthetic_proxy,0.0042085999503180815,0.06877110856734747,0,0.0017285137948287838,1.4253491940958776,1.0,0,3.4924596548080444e-10,3.410605131648481e-13,0.9323684210526316,0.06250000000000001,-0.04929246881717064,P5_selective_proxy_gate
8,False,120,40,1000000,0.25,200000,0.02,0.25,0.03,4.0,1.0,0.002,0.0005,0.05,40,-0.08,0.0,0.15,0.05,0.02,5,0.4,6.0,0.1,100.0,1.0,15.0,1.0,tanh,synthetic_proxy,6.321072271275874e-05,0.024620856040761918,0,0.0009568829187643568,1.361115458893037,1.0,0,2.3283064365386963e-10,1.1368683772161603e-13,0.9776754385964914,0.011250000000000001,-0.016506026590501377,P5_selective_proxy_gate
8,True,120,40,1000000,0.25,200000,0.02,0.25,0.03,4.0,1.0,0.002,0.0005,0.05,40,-0.08,0.0,0.15,0.05,0.02,5,0.4,6.0,0.1,100.0,1.0,15.0,1.0,tanh,synthetic_proxy,0.01109039749925489,0.09659680380705282,0,0.001719394138534891,1.445736973232634,1.0,0,3.4924596548080444e-10,6.821210263296962e-13,0.9173245614035089,0.09541666666666668,-0.08980451608503981,P5_selective_proxy_gate
9,False,120,40,1000000,0.25,200000,0.02,0.25,0.03,4.0,1.0,0.002,0.0005,0.05,40,-0.08,0.0,0.15,0.05,0.02,5,0.4,6.0,0.1,100.0,1.0,15.0,1.0,tanh,synthetic_proxy,0.00010802870148718391,0.00592930882060716,0,0.0008874132068420096,1.3684799042495557,1.0,0,2.3283064365386963e-10,8.526512829121202e-14,0.9736403508771931,0.013333333333333334,0.027748575777804874,P5_selective_proxy_gate
9,True,120,40,1000000,0.25,200000,0.02,0.25,0.03,4.0,1.0,0.002,0.0005,0.05,40,-0.08,0.0,0.15,0.05,0.02,5,0.4,6.0,0.1,100.0,1.0,15.0,1.0,tanh,synthetic_proxy,0.002731471304376676,0.057844789891798976,0,0.0015692824706893035,1.4288531023885938,1.0,0,3.4924596548080444e-10,5.684341886080801e-13,0.9348245614035089,0.06666666666666667,-0.04876473322516017,P5_selective_proxy_gate
10,False,120,40,1000000,0.25,200000,0.02,0.25,0.03,4.0,1.0,0.002,0.0005,0.05,40,-0.08,0.0,0.15,0.05,0.02,5,0.4,6.0,0.1,100.0,1.0,15.0,1.0,tanh,synthetic_proxy,0.0006760857732459602,0.04937507939255581,0,0.0008232689957440111,1.3728332580668812,1.0,0,2.3283064365386963e-10,2.8421709430404007e-13,0.9655263157894737,0.0175,-0.045623750174138666,P5_selective_proxy_gate
10,True,120,40,1000000,0.25,200000,0.02,0.25,0.03,4.0,1.0,0.002,0.0005,0.05,40,-0.08,0.0,0.15,0.05,0.02,5,0.4,6.0,0.1,100.0,1.0,15.0,1.0,tanh,synthetic_proxy,0.01610674664731704,0.12010775210566127,1,0.001670027580813704,1.4641544730625258,1.0,0,3.4924596548080444e-10,9.094947017729282e-13,0.8776315789473685,0.12166666666666667,-0.11663554616298977,P5_selective_proxy_gate
11,False,120,40,1000000,0.25,200000,0.02,0.25,0.03,4.0,1.0,0.002,0.0005,0.05,40,-0.08,0.0,0.15,0.05,0.02,5,0.4,6.0,0.1,100.0,1.0,15.0,1.0,tanh,synthetic_proxy,-3.803329959173318e-05,0.009874508531716897,0,0.0007886044640680325,1.3354788631009418,1.0,0,2.3283064365386963e-10,5.684341886080802e-14,0.9787719298245615,0.010833333333333334,0.005692165052677334,P5_selective_proxy_gate
11,True,120,40,1000000,0.25,200000,0.02,0.25,0.03,4.0,1.0,0.002,0.0005,0.05,40,-0.08,0.0,0.15,0.05,0.02,5,0.4,6.0,0.1,100.0,1.0,15.0,1.0,tanh,synthetic_proxy,0.006561095565063457,0.07363383650140287,0,0.0014675735459755476,1.405579571261335,1.0,0,2.3283064365386963e-10,5.684341886080801e-13,0.9182894736842105,0.07375000000000001,-0.06917034931251576,P5_selective_proxy_gate
12,False,120,40,1000000,0.25,200000,0.02,0.25,0.03,4.0,1.0,0.002,0.0005,0.05,40,-0.08,0.0,0.15,0.05,0.02,5,0.4,6.0,0.1,100.0,1.0,15.0,1.0,tanh,synthetic_proxy,-9.993464348057035e-05,0.009675264785383275,0,0.000824592161460447,1.3477522423871942,1.0,0,3.4924596548080444e-10,5.684341886080802e-14,0.9735526315789473,0.013333333333333334,0.011588002588249546,P5_selective_proxy_gate
12,True,120,40,1000000,0.25,200000,0.02,0.25,0.03,4.0,1.0,0.002,0.0005,0.05,40,-0.08,0.0,0.15,0.05,0.02,5,0.4,6.0,0.1,100.0,1.0,15.0,1.0,tanh,synthetic_proxy,0.004368998860189155,0.0653597694183321,0,0.0015144396994870438,1.4057061216406768,1.0,0,2.3283064365386963e-10,4.547473508864641e-13,0.9324561403508772,0.06333333333333334,-0.06357853664494484,P5_selective_proxy_gate
13,False,120,40,1000000,0.25,200000,0.02,0.25,0.03,4.0,1.0,0.002,0.0005,0.05,40,-0.08,0.0,0.15,0.05,0.02,5,0.4,6.0,0.1,100.0,1.0,15.0,1.0,tanh,synthetic_proxy,-5.752388926638652e-06,0.02112584042548238,0,0.0007948020146365291,1.341206601139733,1.0,0,2.3283064365386963e-10,9.947598300641403e-14,0.9843421052631579,0.007916666666666667,-0.02050481718527608,P5_selective_proxy_gate
13,True,120,40,1000000,0.25,200000,0.02,0.25,0.03,4.0,1.0,0.002,0.0005,0.05,40,-0.08,0.0,0.15,0.05,0.02,5,0.4,6.0,0.1,100.0,1.0,15.0,1.0,tanh,synthetic_proxy,0.009143829980466922,0.09402851581233918,0,0.00159235121399644,1.407959826192128,1.0,0,2.3283064365386963e-10,2.2737367544323206e-13,0.9321929824561404,0.07416666666666667,-0.09345374392655426,P5_selective_proxy_gate
14,False,120,40,1000000,0.25,200000,0.02,0.25,0.03,4.0,1.0,0.002,0.0005,0.05,40,-0.08,0.0,0.15,0.05,0.02,5,0.4,6.0,0.1,100.0,1.0,15.0,1.0,tanh,synthetic_proxy,-1.1780915220915844e-05,0.012753956883827411,0,0.0008344110845954657,1.3402502639269795,1.0,0,2.3283064365386963e-10,7.815970093361102e-14,0.9785087719298247,0.010833333333333334,-0.0029008348219479174,P5_selective_proxy_gate
14,True,120,40,1000000,0.25,200000,0.02,0.25,0.03,4.0,1.0,0.002,0.0005,0.05,40,-0.08,0.0,0.15,0.05,0.02,5,0.4,6.0,0.1,100.0,1.0,15.0,1.0,tanh,synthetic_proxy,0.0065072830773644785,0.08069604700477462,0,0.0015872498673965758,1.4176461110371221,1.0,0,3.4924596548080444e-10,4.547473508864641e-13,0.9221491228070177,0.08291666666666667,-0.07712518328841811,P5_selective_proxy_gate
15,False,120,40,1000000,0.25,200000,0.02,0.25,0.03,4.0,1.0,0.002,0.0005,0.05,40,-0.08,0.0,0.15,0.05,0.02,5,0.4,6.0,0.1,100.0,1.0,15.0,1.0,tanh,synthetic_proxy,1.686576231119119e-06,0.018140633529489913,0,0.0008546758218896389,1.357925864618194,1.0,0,2.3283064365386963e-10,5.684341886080802e-14,0.9795175438596492,0.010416666666666666,-0.009395910714840472,P5_selective_proxy_gate
15,True,120,40,1000000,0.25,200000,0.02,0.25,0.03,4.0,1.0,0.002,0.0005,0.05,40,-0.08,0.0,0.15,0.05,0.02,5,0.4,6.0,0.1,100.0,1.0,15.0,1.0,tanh,synthetic_proxy,0.006402423630742504,0.0858433351163913,0,0.001635371407563368,1.4239384867622844,1.0,0,2.3283064365386963e-10,4.547473508864641e-13,0.9281140350877194,0.06958333333333334,-0.0830388272455781,P5_selective_proxy_gate
16,False,120,40,1000000,0.25,200000,0.02,0.25,0.03,4.0,1.0,0.002,0.0005,0.05,40,-0.08,0.0,0.15,0.05,0.02,5,0.4,6.0,0.1,100.0,1.0,15.0,1.0,tanh,synthetic_proxy,7.646743481903862e-05,0.011243577781158809,0,0.0008962228533257946,1.3590451271446145,1.0,0,2.3283064365386963e-10,1.1368683772161603e-13,0.9810087719298246,0.009583333333333333,0.008534344770493085,P5_selective_proxy_gate
16,True,120,40,1000000,0.25,200000,0.02,0.25,0.03,4.0,1.0,0.002,0.0005,0.05,40,-0.08,0.0,0.15,0.05,0.02,5,0.4,6.0,0.1,100.0,1.0,15.0,1.0,tanh,synthetic_proxy,0.004210375824613033,0.06886234529564961,0,0.0015423417880911128,1.419549573631852,1.0,0,4.656612873077393e-10,5.115907697472721e-13,0.9367982456140351,0.062083333333333345,-0.06639361341306482,P5_selective_proxy_gate
17,False,120,40,1000000,0.25,200000,0.02,0.25,0.03,4.0,1.0,0.002,0.0005,0.05,40,-0.08,0.0,0.15,0.05,0.02,5,0.4,6.0,0.1,100.0,1.0,15.0,1.0,tanh,synthetic_proxy,-9.565739422645603e-05,0.018378536021800396,0,0.0009094115778489034,1.3408427528028364,1.0,0,3.4924596548080444e-10,1.1368683772161603e-13,0.9751315789473683,0.012916666666666667,-0.0008041695625987666,P5_selective_proxy_gate
17,True,120,40,1000000,0.25,200000,0.02,0.25,0.03,4.0,1.0,0.002,0.0005,0.05,40,-0.08,0.0,0.15,0.05,0.02,5,0.4,6.0,0.1,100.0,1.0,15.0,1.0,tanh,synthetic_proxy,0.005303275293227161,0.07794957838320116,0,0.0016502856118134047,1.3974839688157652,1.0,0,3.4924596548080444e-10,6.821210263296962e-13,0.9192982456140352,0.07916666666666666,-0.07509695391147886,P5_selective_proxy_gate
18,False,120,40,1000000,0.25,200000,0.02,0.25,0.03,4.0,1.0,0.002,0.0005,0.05,40,-0.08,0.0,0.15,0.05,0.02,5,0.4,6.0,0.1,100.0,1.0,15.0,1.0,tanh,synthetic_proxy,8.630671781695298e-07,0.006097785395895561,0,0.000847559100834477,1.3676439898028943,1.0,0,2.3283064365386963e-10,6.394884621840902e-14,0.9850877192982457,0.007500000000000001,-0.0033552635612801307,P5_selective_proxy_gate
18,True,120,40,1000000,0.25,200000,0.02,0.25,0.03,4.0,1.0,0.002,0.0005,0.05,40,-0.08,0.0,0.15,0.05,0.02,5,0.4,6.0,0.1,100.0,1.0,15.0,1.0,tanh,synthetic_proxy,0.007037220147177337,0.079037712143045,0,0.0016797710488853255,1.4367186129248404,1.0,0,2.3283064365386963e-10,3.410605131648481e-13,0.9323245614035087,0.06958333333333334,-0.07752619601840194,P5_selective_proxy_gate
19,False,120,40,1000000,0.25,200000,0.02,0.25,0.03,4.0,1.0,0.002,0.0005,0.05,40,-0.08,0.0,0.15,0.05,0.02,5,0.4,6.0,0.1,100.0,1.0,15.0,1.0,tanh,synthetic_proxy,-1.1379093868724155e-05,0.016790075702459717,0,0.0008358999040604518,1.3684895589160253,1.0,0,2.3283064365386963e-10,5.684341886080802e-14,0.9850877192982457,0.007499999999999999,-0.008497972301859558,P5_selective_proxy_gate
19,True,120,40,1000000,0.25,200000,0.02,0.25,0.03,4.0,1.0,0.002,0.0005,0.05,40,-0.08,0.0,0.15,0.05,0.02,5,0.4,6.0,0.1,100.0,1.0,15.0,1.0,tanh,synthetic_proxy,0.00802872903102636,0.08767399978013501,0,0.0015584130902212502,1.4345121743427243,1.0,0,3.4924596548080444e-10,4.547473508864641e-13,0.9292982456140351,0.06916666666666667,-0.08227115532479912,P5_selective_proxy_gate
0,False,120,40,1000000,0.25,200000,0.02,0.25,0.03,4.0,1.0,0.002,0.0005,0.05,40,-0.08,0.9,0.15,0.05,0.02,5,0.4,6.0,0.1,100.0,1.0,15.0,1.0,tanh,synthetic_proxy,-0.0001785949518126051,0.006229028687546712,0,0.0008055003429691443,1.3629924258217831,1.0,0,3.4924596548080444e-10,4.973799150320701e-14,0.9869298245614035,0.021666666666666667,0.008189497233745513,P5_selective_proxy_gate
0,True,120,40,1000000,0.25,200000,0.02,0.25,0.03,4.0,1.0,0.002,0.0005,0.05,40,-0.08,0.9,0.15,0.05,0.02,5,0.4,6.0,0.1,100.0,1.0,15.0,1.0,tanh,synthetic_proxy,0.007339118993232363,0.07436547267597271,0,0.0016168177639697516,1.4203898470750929,1.0,0,3.4924596548080444e-10,4.547473508864641e-13,0.9684649122807016,0.08291666666666667,-0.0670701242386691,P5_selective_proxy_gate
1,False,120,40,1000000,0.25,200000,0.02,0.25,0.03,4.0,1.0,0.002,0.0005,0.05,40,-0.08,0.9,0.15,0.05,0.02,5,0.4,6.0,0.1,100.0,1.0,15.0,1.0,tanh,synthetic_proxy,-0.00014875621587040477,0.018349585663303025,0,0.0008059678354511305,1.3565422521884385,1.0,0,2.3283064365386963e-10,5.684341886080802e-14,0.9857017543859649,0.015000000000000001,-0.015240902064201922,P5_selective_proxy_gate
1,True,120,40,1000000,0.25,200000,0.02,0.25,0.03,4.0,1.0,0.002,0.0005,0.05,40,-0.08,0.9,0.15,0.05,0.02,5,0.4,6.0,0.1,100.0,1.0,15.0,1.0,tanh,synthetic_proxy,0.007259689093372268,0.08923342200368989,0,0.0015907279095518638,1.441509298036323,1.0,0,2.3283064365386963e-10,2.2737367544323206e-13,0.9660964912280702,0.09375,-0.0886850486187809,P5_selective_proxy_gate
2,False,120,40,1000000,0.25,200000,0.02,0.25,0.03,4.0,1.0,0.002,0.0005,0.05,40,-0.08,0.9,0.15,0.05,0.02,5,0.4,6.0,0.1,100.0,1.0,15.0,1.0,tanh,synthetic_proxy,0.0006562394007412209,0.003933009177229496,0,0.0008627898552538833,1.3594845691304216,1.0,0,2.3283064365386963e-10,1.9895196601282805e-13,0.972763157894737,0.021249999999999998,0.028766197141854022,P5_selective_proxy_gate
2,True,120,40,1000000,0.25,200000,0.02,0.25,0.03,4.0,1.0,0.002,0.0005,0.05,40,-0.08,0.9,0.15,0.05,0.02,5,0.4,6.0,0.1,100.0,1.0,15.0,1.0,tanh,synthetic_proxy,0.0024534034396117566,0.05404787363125485,0,0.00138757242396746,1.3879926522111041,1.0,0,2.3283064365386963e-10,1.1368683772161603e-13,0.9939473684210526,0.03583333333333334,-0.047585761439721264,P5_selective_proxy_gate
3,False,120,40,1000000,0.25,200000,0.02,0.25,0.03,4.0,1.0,0.002,0.0005,0.05,40,-0.08,0.9,0.15,0.05,0.02,5,0.4,6.0,0.1,100.0,1.0,15.0,1.0,tanh,synthetic_proxy,3.857882742752672e-05,0.014812960416612952,0,0.0007605308117446431,1.3532163009732785,1.0,0,2.3283064365386963e-10,1.1368683772161603e-13,0.9952631578947368,0.008333333333333333,-0.011489948422678697,P5_selective_proxy_gate
3,True,120,40,1000000,0.25,200000,0.02,0.25,0.03,4.0,1.0,0.002,0.0005,0.05,40,-0.08,0.9,0.15,0.05,0.02,5,0.4,6.0,0.1,100.0,1.0,15.0,1.0,tanh,synthetic_proxy,0.005939953450134983,0.08559604404573729,0,0.0014204089751366107,1.4266347443491256,1.0,0,2.3283064365386963e-10,7.389644451905042e-13,0.9750877192982457,0.06416666666666666,-0.0850364181211577,P5_selective_proxy_gate
4,False,120,40,1000000,0.25,200000,0.02,0.25,0.03,4.0,1.0,0.002,0.0005,0.05,40,-0.08,0.9,0.15,0.05,0.02,5,0.4,6.0,0.1,100.0,1.0,15.0,1.0,tanh,synthetic_proxy,-0.00012275005901229985,0.012404650917727467,0,0.0008857396279355901,1.3420616833646497,1.0,0,3.4924596548080444e-10,2.2737367544323206e-13,0.9906578947368421,0.005416666666666668,0.014944326841575206,P5_selective_proxy_gate
4,True,120,40,1000000,0.25,200000,0.02,0.25,0.03,4.0,1.0,0.002,0.0005,0.05,40,-0.08,0.9,0.15,0.05,0.02,5,0.4,6.0,0.1,100.0,1.0,15.0,1.0,tanh,synthetic_proxy,0.00512578617972026,0.07821227744710513,0,0.0017432503364579843,1.4227017989014141,1.0,0,3.4924596548080444e-10,2.2737367544323206e-13,0.9767543859649123,0.08000000000000002,-0.06063991550211356,P5_selective_proxy_gate
5,False,120,40,1000000,0.25,200000,0.02,0.25,0.03,4.0,1.0,0.002,0.0005,0.05,40,-0.08,0.9,0.15,0.05,0.02,5,0.4,6.0,0.1,100.0,1.0,15.0,1.0,tanh,synthetic_proxy,0.0005280704704784256,0.028873882178435895,0,0.0008688659526595631,1.3482937128029997,1.0,0,2.3283064365386963e-10,5.684341886080802e-14,0.9853070175438596,0.011250000000000001,-0.024953063373724715,P5_selective_proxy_gate
5,True,120,40,1000000,0.25,200000,0.02,0.25,0.03,4.0,1.0,0.002,0.0005,0.05,40,-0.08,0.9,0.15,0.05,0.02,5,0.4,6.0,0.1,100.0,1.0,15.0,1.0,tanh,synthetic_proxy,0.013623748400073632,0.10063022204796712,1,0.0015847578410605517,1.4419728649555645,1.0,0,3.4924596548080444e-10,6.821210263296962e-13,0.9620614035087719,0.10291666666666668,-0.09763532605420555,P5_selective_proxy_gate
6,False,120,40,1000000,0.25,200000,0.02,0.25,0.03,4.0,1.0,0.002,0.0005,0.05,40,-0.08,0.9,0.15,0.05,0.02,5,0.4,6.0,0.1,100.0,1.0,15.0,1.0,tanh,synthetic_proxy,1.551925425813394e-05,0.01846677025698762,0,0.0009078073163791758,1.3609561127194785,1.0,0,3.4924596548080444e-10,1.1368683772161603e-13,0.9913157894736843,0.005000000000000001,-0.010409032067978496,P5_selective_proxy_gate
6,True,120,40,1000000,0.25,200000,0.02,0.25,0.03,4.0,1.0,0.002,0.0005,0.05,40,-0.08,0.9,0.15,0.05,0.02,5,0.4,6.0,0.1,100.0,1.0,15.0,1.0,tanh,synthetic_proxy,0.010113322340185027,0.08998625991316944,0,0.0016595665363101544,1.451967901792895,1.0,0,2.3283064365386963e-10,4.547473508864641e-13,0.9682894736842105,0.09458333333333332,-0.08426857992779058,P5_selective_proxy_gate
7,False,120,40,1000000,0.25,200000,0.02,0.25,0.03,4.0,1.0,0.002,0.0005,0.05,40,-0.08,0.9,0.15,0.05,0.02,5,0.4,6.0,0.1,100.0,1.0,15.0,1.0,tanh,synthetic_proxy,0.00010398960634949717,0.005990097093046209,0,0.0009538382884489694,1.3621478369077193,1.0,0,2.3283064365386963e-10,1.1368683772161603e-13,0.985,0.009166666666666667,0.027080109379769013,P5_selective_proxy_gate
7,True,120,40,1000000,0.25,200000,0.02,0.25,0.03,4.0,1.0,0.002,0.0005,0.05,40,-0.08,0.9,0.15,0.05,0.02,5,0.4,6.0,0.1,100.0,1.0,15.0,1.0,tanh,synthetic_proxy,0.003819911566211198,0.06892799099467461,0,0.001710471589234798,1.4245961351722265,1.0,0,3.4924596548080444e-10,3.410605131648481e-13,0.9635526315789473,0.06125,-0.04947823937068363,P5_selective_proxy_gate
8,False,120,40,1000000,0.25,200000,0.02,0.25,0.03,4.0,1.0,0.002,0.0005,0.05,40,-0.08,0.9,0.15,0.05,0.02,5,0.4,6.0,0.1,100.0,1.0,15.0,1.0,tanh,synthetic_proxy,-5.703151392488781e-05,0.0250917482745614,0,0.0009597930901660401,1.3649542924030778,1.0,0,3.4924596548080444e-10,5.684341886080802e-14,0.9896491228070176,0.016666666666666666,-0.016822103093541374,P5_selective_proxy_gate
8,True,120,40,1000000,0.25,200000,0.02,0.25,0.03,4.0,1.0,0.002,0.0005,0.05,40,-0.08,0.9,0.15,0.05,0.02,5,0.4,6.0,0.1,100.0,1.0,15.0,1.0,tanh,synthetic_proxy,0.008557236861152395,0.09696000488084777,0,0.001701684079495122,1.4443316799828247,1.0,0,3.4924596548080444e-10,3.410605131648481e-13,0.9642105263157894,0.09083333333333334,-0.09004051551044778,P5_selective_proxy_gate
9,False,120,40,1000000,0.25,200000,0.02,0.25,0.03,4.0,1.0,0.002,0.0005,0.05,40,-0.08,0.9,0.15,0.05,0.02,5,0.4,6.0,0.1,100.0,1.0,15.0,1.0,tanh,synthetic_proxy,-0.00039023677376781585,0.006367373817690147,0,0.0008924236977610699,1.367397932468536,1.0,0,2.3283064365386963e-10,5.684341886080802e-14,0.9874561403508773,0.010833333333333334,0.02758198158735148,P5_selective_proxy_gate
9,True,120,40,1000000,0.25,200000,0.02,0.25,0.03,4.0,1.0,0.002,0.0005,0.05,40,-0.08,0.9,0.15,0.05,0.02,5,0.4,6.0,0.1,100.0,1.0,15.0,1.0,tanh,synthetic_proxy,0.003298403963847729,0.057619714470811934,0,0.0015704413576158001,1.427507564111747,1.0,0,2.3283064365386963e-10,2.2737367544323206e-13,0.976140350877193,0.065,-0.04871006462910188,P5_selective_proxy_gate
10,False,120,40,1000000,0.25,200000,0.02,0.25,0.03,4.0,1.0,0.002,0.0005,0.05,40,-0.08,0.9,0.15,0.05,0.02,5,0.4,6.0,0.1,100.0,1.0,15.0,1.0,tanh,synthetic_proxy,0.00015389734515180997,0.04920555479099675,0,0.0008214044082243651,1.365080758681198,1.0,0,3.4924596548080444e-10,1.7053025658242404e-13,0.9935087719298246,0.004166666666666667,-0.04547817584752134,P5_selective_proxy_gate
10,True,120,40,1000000,0.25,200000,0.02,0.25,0.03,4.0,1.0,0.002,0.0005,0.05,40,-0.08,0.9,0.15,0.05,0.02,5,0.4,6.0,0.1,100.0,1.0,15.0,1.0,tanh,synthetic_proxy,0.01442394583426898,0.12015148112979157,1,0.0016724408077048092,1.4503521607593368,1.0,0,4.656612873077393e-10,3.410605131648481e-13,0.9677192982456141,0.09416666666666668,-0.11670222997018487,P5_selective_proxy_gate
11,False,120,40,1000000,0.25,200000,0.02,0.25,0.03,4.0,1.0,0.002,0.0005,0.05,40,-0.08,0.9,0.15,0.05,0.02,5,0.4,6.0,0.1,100.0,1.0,15.0,1.0,tanh,synthetic_proxy,-3.999779312158225e-05,0.009650000718999463,0,0.0007803838256289139,1.3327682667803638,1.0,0,1.1641532182693481e-10,1.9184653865522705e-13,0.991578947368421,0.006666666666666667,0.005850769459033511,P5_selective_proxy_gate
11,True,120,40,1000000,0.25,200000,0.02,0.25,0.03,4.0,1.0,0.002,0.0005,0.05,40,-0.08,0.9,0.15,0.05,0.02,5,0.4,6.0,0.1,100.0,1.0,15.0,1.0,tanh,synthetic_proxy,0.006113807334433341,0.0735214360383365,0,0.0014730623623312455,1.3987785645646977,1.0,0,2.3283064365386963e-10,2.2737367544323206e-13,0.9747807017543859,0.06291666666666668,-0.06907167089203214,P5_selective_proxy_gate
12,False,120,40,1000000,0.25,200000,0.02,0.25,0.03,4.0,1.0,0.002,0.0005,0.05,40,-0.08,0.9,0.15,0.05,0.02,5,0.4,6.0,0.1,100.0,1.0,15.0,1.0,tanh,synthetic_proxy,-2.4859402495081007e-05,0.00946736400296011,0,0.000827567027408504,1.348706802143171,1.0,0,2.3283064365386963e-10,8.526512829121202e-14,0.9894298245614036,0.01375,0.011791159512283711,P5_selective_proxy_gate
12,True,120,40,1000000,0.25,200000,0.02,0.25,0.03,4.0,1.0,0.002,0.0005,0.05,40,-0.08,0.9,0.15,0.05,0.02,5,0.4,6.0,0.1,100.0,1.0,15.0,1.0,tanh,synthetic_proxy,0.004038802978932221,0.06521758482950735,0,0.0015131625293381495,1.4031357666015456,1.0,0,5.820766091346741e-10,3.410605131648481e-13,0.9765350877192982,0.057916666666666665,-0.06349515807547013,P5_selective_proxy_gate
13,False,120,40,1000000,0.25,200000,0.02,0.25,0.03,4.0,1.0,0.002,0.0005,0.05,40,-0.08,0.9,0.15,0.05,0.02,5,0.4,6.0,0.1,100.0,1.0,15.0,1.0,tanh,synthetic_proxy,-0.0003305833395014224,0.02111993179731453,0,0.0007903644158158467,1.3430497964323318,1.0,0,2.3283064365386963e-10,8.526512829121202e-14,0.9917982456140351,0.011250000000000001,-0.0204989048085209,P5_selective_proxy_gate
13,True,120,40,1000000,0.25,200000,0.02,0.25,0.03,4.0,1.0,0.002,0.0005,0.05,40,-0.08,0.9,0.15,0.05,0.02,5,0.4,6.0,0.1,100.0,1.0,15.0,1.0,tanh,synthetic_proxy,0.008995620024202289,0.09413391469191479,0,0.001615406824228411,1.4231467340303383,1.0,0,3.4924596548080444e-10,4.547473508864641e-13,0.9741666666666667,0.09958333333333333,-0.09355920967392195,P5_selective_proxy_gate
14,False,120,40,1000000,0.25,200000,0.02,0.25,0.03,4.0,1.0,0.002,0.0005,0.05,40,-0.08,0.9,0.15,0.05,0.02,5,0.4,6.0,0.1,100.0,1.0,15.0,1.0,tanh,synthetic_proxy,5.548983907477378e-06,0.01282492499157406,0,0.0008336248378812205,1.3358050782748159,1.0,0,3.4924596548080444e-10,7.105427357601002e-14,0.9932017543859648,0.0037500000000000007,-0.00289262956327907,P5_selective_proxy_gate
14,True,120,40,1000000,0.25,200000,0.02,0.25,0.03,4.0,1.0,0.002,0.0005,0.05,40,-0.08,0.9,0.15,0.05,0.02,5,0.4,6.0,0.1,100.0,1.0,15.0,1.0,tanh,synthetic_proxy,0.00678314754928433,0.08063596408202878,0,0.0015998667146916968,1.4126327328992068,1.0,0,2.3283064365386963e-10,9.094947017729282e-13,0.9803070175438596,0.07624999999999998,-0.07709461056485867,P5_selective_proxy_gate
15,False,120,40,1000000,0.25,200000,0.02,0.25,0.03,4.0,1.0,0.002,0.0005,0.05,40,-0.08,0.9,0.15,0.05,0.02,5,0.4,6.0,0.1,100.0,1.0,15.0,1.0,tanh,synthetic_proxy,4.301313172017096e-05,0.018119922473721184,0,0.0008540941423790795,1.3559014891015666,1.0,0,2.3283064365386963e-10,8.526512829121202e-14,0.9903070175438595,0.007083333333333334,-0.00926159180242292,P5_selective_proxy_gate
15,True,120,40,1000000,0.25,200000,0.02,0.25,0.03,4.0,1.0,0.002,0.0005,0.05,40,-0.08,0.9,0.15,0.05,0.02,5,0.4,6.0,0.1,100.0,1.0,15.0,1.0,tanh,synthetic_proxy,0.00748914847001636,0.0859314802093154,0,0.0016531255747105193,1.4301747387874604,1.0,0,2.3283064365386963e-10,3.410605131648481e-13,0.9680263157894736,0.08041666666666668,-0.08303987577950744,P5_selective_proxy_gate
16,False,120,40,1000000,0.25,200000,0.02,0.25,0.03,4.0,1.0,0.002,0.0005,0.05,40,-0.08,0.9,0.15,0.05,0.02,5,0.4,6.0,0.1,100.0,1.0,15.0,1.0,tanh,synthetic_proxy,-3.3356096270864555e-05,0.011175045561300334,0,0.0009016166038428138,1.3624032352063886,1.0,0,2.3283064365386963e-10,5.684341886080802e-14,0.9915350877192982,0.016249999999999997,0.008319941830398747,P5_selective_proxy_gate
16,True,120,40,1000000,0.25,200000,0.02,0.25,0.03,4.0,1.0,0.002,0.0005,0.05,40,-0.08,0.9,0.15,0.05,0.02,5,0.4,6.0,0.1,100.0,1.0,15.0,1.0,tanh,synthetic_proxy,0.004825771242557231,0.06917807106756468,0,0.0015443658645453225,1.4188907628642515,1.0,0,4.656612873077393e-10,5.684341886080801e-13,0.9850438596491228,0.06291666666666666,-0.0665989920402762,P5_selective_proxy_gate
17,False,120,40,1000000,0.25,200000,0.02,0.25,0.03,4.0,1.0,0.002,0.0005,0.05,40,-0.08,0.9,0.15,0.05,0.02,5,0.4,6.0,0.1,100.0,1.0,15.0,1.0,tanh,synthetic_proxy,-0.000137807328954076,0.01845095073710934,0,0.0009070503952547632,1.3407630161946364,1.0,0,2.3283064365386963e-10,1.1368683772161603e-13,0.9888157894736842,0.012916666666666667,-0.0008945469864839461,P5_selective_proxy_gate
17,True,120,40,1000000,0.25,200000,0.02,0.25,0.03,4.0,1.0,0.002,0.0005,0.05,40,-0.08,0.9,0.15,0.05,0.02,5,0.4,6.0,0.1,100.0,1.0,15.0,1.0,tanh,synthetic_proxy,0.006436215394964417,0.07839169678099,0,0.0016481453212801977,1.4085780797962988,1.0,0,2.3283064365386963e-10,7.958078640513122e-13,0.9607894736842105,0.0975,-0.07528574209230365,P5_selective_proxy_gate
18,False,120,40,1000000,0.25,200000,0.02,0.25,0.03,4.0,1.0,0.002,0.0005,0.05,40,-0.08,0.9,0.15,0.05,0.02,5,0.4,6.0,0.1,100.0,1.0,15.0,1.0,tanh,synthetic_proxy,-1.84628774568818e-05,0.006079438834321049,0,0.0008568705076115498,1.3685470865473408,1.0,0,2.3283064365386963e-10,5.684341886080802e-14,0.9866228070175438,0.008750000000000003,-0.0031718647776090014,P5_selective_proxy_gate
18,True,120,40,1000000,0.25,200000,0.02,0.25,0.03,4.0,1.0,0.002,0.0005,0.05,40,-0.08,0.9,0.15,0.05,0.02,5,0.4,6.0,0.1,100.0,1.0,15.0,1.0,tanh,synthetic_proxy,0.007882582733754973,0.0789689617759366,0,0.0017058663193982805,1.442488492201182,1.0,0,3.4924596548080444e-10,2.2737367544323206e-13,0.966798245614035,0.08041666666666668,-0.07738861924758766,P5_selective_proxy_gate
19,False,120,40,1000000,0.25,200000,0.02,0.25,0.03,4.0,1.0,0.002,0.0005,0.05,40,-0.08,0.9,0.15,0.05,0.02,5,0.4,6.0,0.1,100.0,1.0,15.0,1.0,tanh,synthetic_proxy,4.152157480041829e-05,0.016680023958603574,0,0.0008327948650924886,1.3651315242705426,1.0,0,2.3283064365386963e-10,9.947598300641403e-14,0.9969298245614034,0.0016666666666666668,-0.008447084022266016,P5_selective_proxy_gate
19,True,120,40,1000000,0.25,200000,0.02,0.25,0.03,4.0,1.0,0.002,0.0005,0.05,40,-0.08,0.9,0.15,0.05,0.02,5,0.4,6.0,0.1,100.0,1.0,15.0,1.0,tanh,synthetic_proxy,0.008749272098325989,0.08760323006566251,0,0.0015664270441510353,1.4355528648215627,1.0,0,3.4924596548080444e-10,3.410605131648481e-13,0.984298245614035,0.07,-0.08228803588493261,P5_selective_proxy_gate
0,False,120,40,1000000,0.75,200000,0.02,0.25,0.03,4.0,1.0,0.002,0.0005,0.05,40,-0.08,0.0,0.15,0.05,0.02,5,0.4,6.0,0.1,100.0,1.0,15.0,1.0,tanh,synthetic_proxy,-2.3543844962503613e-07,0.006862328331633805,0,0.0005588555396377487,0.460188567871366,1.0,0,1.1641532182693481e-10,1.4210854715202004e-14,0.9900000000000001,0.005000000000000001,0.007685307330877356,P5_selective_proxy_gate
0,True,120,40,1000000,0.75,200000,0.02,0.25,0.03,4.0,1.0,0.002,0.0005,0.05,40,-0.08,0.0,0.15,0.05,0.02,5,0.4,6.0,0.1,100.0,1.0,15.0,1.0,tanh,synthetic_proxy,0.006693510828102767,0.0761352769054271,0,0.00150818973727426,0.5835825117521165,1.0,0,2.3283064365386963e-10,4.547473508864641e-13,0.936359649122807,0.07041666666666667,-0.0687829822286734,P5_selective_proxy_gate
1,False,120,40,1000000,0.75,200000,0.02,0.25,0.03,4.0,1.0,0.002,0.0005,0.05,40,-0.08,0.0,0.15,0.05,0.02,5,0.4,6.0,0.1,100.0,1.0,15.0,1.0,tanh,synthetic_proxy,5.744458401379937e-05,0.018719794352373698,0,0.0005399467087119088,0.46942420996064554,1.0,0,2.3283064365386963e-10,9.947598300641403e-14,0.975921052631579,0.012083333333333335,-0.015492612286222007,P5_selective_proxy_gate
1,True,120,40,1000000,0.75,200000,0.02,0.25,0.03,4.0,1.0,0.002,0.0005,0.05,40,-0.08,0.0,0.15,0.05,0.02,5,0.4,6.0,0.1,100.0,1.0,15.0,1.0,tanh,synthetic_proxy,0.009228682448253256,0.09147044955071038,0,0.0014852708024474946,0.6137610471782461,1.0,0,3.4924596548080444e-10,6.821210263296962e-13,0.9257894736842106,0.085,-0.09011091385062098,P5_selective_proxy_gate
2,False,120,40,1000000,0.75,200000,0.02,0.25,0.03,4.0,1.0,0.002,0.0005,0.05,40,-0.08,0.0,0.15,0.05,0.02,5,0.4,6.0,0.1,100.0,1.0,15.0,1.0,tanh,synthetic_proxy,0.00027971606064491894,0.003736864432689946,0,0.0006567378400240737,0.47263859664674984,1.0,0,2.3283064365386963e-10,1.7053025658242404e-13,0.9740350877192984,0.013333333333333334,0.03040582399827696,P5_selective_proxy_gate
2,True,120,40,1000000,0.75,200000,0.02,0.25,0.03,4.0,1.0,0.002,0.0005,0.05,40,-0.08,0.0,0.15,0.05,0.02,5,0.4,6.0,0.1,100.0,1.0,15.0,1.0,tanh,synthetic_proxy,0.0024884057238279134,0.05544979658008564,0,0.0011765743827888994,0.535447066983703,1.0,0,2.3283064365386963e-10,2.2737367544323206e-13,0.9449561403508772,0.044166666666666674,-0.04758288317618309,P5_selective_proxy_gate
3,False,120,40,1000000,0.75,200000,0.02,0.25,0.03,4.0,1.0,0.002,0.0005,0.05,40,-0.08,0.0,0.15,0.05,0.02,5,0.4,6.0,0.1,100.0,1.0,15.0,1.0,tanh,synthetic_proxy,4.0737893925335555e-05,0.013903591721615816,0,0.000541745709502723,0.46374495631615303,1.0,0,2.3283064365386963e-10,9.947598300641403e-14,0.9835964912280701,0.008333333333333333,-0.011487272705624774,P5_selective_proxy_gate
3,True,120,40,1000000,0.75,200000,0.02,0.25,0.03,4.0,1.0,0.002,0.0005,0.05,40,-0.08,0.0,0.15,0.05,0.02,5,0.4,6.0,0.1,100.0,1.0,15.0,1.0,tanh,synthetic_proxy,0.007311927068810009,0.08731136951486074,0,0.001305951672929763,0.5822028865652848,1.0,0,2.3283064365386963e-10,6.821210263296962e-13,0.9358333333333334,0.06625,-0.08635980676524635,P5_selective_proxy_gate
4,False,120,40,1000000,0.75,200000,0.02,0.25,0.03,4.0,1.0,0.002,0.0005,0.05,40,-0.08,0.0,0.15,0.05,0.02,5,0.4,6.0,0.1,100.0,1.0,15.0,1.0,tanh,synthetic_proxy,1.0645826842070605e-05,0.011134584289116622,0,0.0006196876925756311,0.463940160145436,1.0,0,2.3283064365386963e-10,5.684341886080802e-14,0.981842105263158,0.009166666666666667,0.015042316336727035,P5_selective_proxy_gate
4,True,120,40,1000000,0.75,200000,0.02,0.25,0.03,4.0,1.0,0.002,0.0005,0.05,40,-0.08,0.0,0.15,0.05,0.02,5,0.4,6.0,0.1,100.0,1.0,15.0,1.0,tanh,synthetic_proxy,0.00509916896318674,0.08159420450162869,0,0.001622075962351942,0.6037041227686615,1.0,0,2.3283064365386963e-10,4.547473508864641e-13,0.9252192982456141,0.07916666666666666,-0.062002959162170135,P5_selective_proxy_gate
5,False,120,40,1000000,0.75,200000,0.02,0.25,0.03,4.0,1.0,0.002,0.0005,0.05,40,-0.08,0.0,0.15,0.05,0.02,5,0.4,6.0,0.1,100.0,1.0,15.0,1.0,tanh,synthetic_proxy,0.00018570339473900077,0.027930429807135337,0,0.0005767586408176785,0.4678448950744639,1.0,0,2.3283064365386963e-10,1.1368683772161603e-13,0.9769298245614036,0.011666666666666665,-0.02564522518307366,P5_selective_proxy_gate
5,True,120,40,1000000,0.75,200000,0.02,0.25,0.03,4.0,1.0,0.002,0.0005,0.05,40,-0.08,0.0,0.15,0.05,0.02,5,0.4,6.0,0.1,100.0,1.0,15.0,1.0,tanh,synthetic_proxy,0.011071165474044742,0.10146568656495747,1,0.001406113021443422,0.6092709163394232,1.0,0,3.4924596548080444e-10,9.094947017729282e-13,0.9103070175438597,0.08291666666666668,-0.09962276626137234,P5_selective_proxy_gate
6,False,120,40,1000000,0.75,200000,0.02,0.25,0.03,4.0,1.0,0.002,0.0005,0.05,40,-0.08,0.0,0.15,0.05,0.02,5,0.4,6.0,0.1,100.0,1.0,15.0,1.0,tanh,synthetic_proxy,-5.014455125496031e-05,0.01837151898789091,0,0.0006241649324010032,0.47294596939622124,1.0,0,2.3283064365386963e-10,5.684341886080802e-14,0.9784210526315792,0.010833333333333334,-0.011054047522300992,P5_selective_proxy_gate
6,True,120,40,1000000,0.75,200000,0.02,0.25,0.03,4.0,1.0,0.002,0.0005,0.05,40,-0.08,0.0,0.15,0.05,0.02,5,0.4,6.0,0.1,100.0,1.0,15.0,1.0,tanh,synthetic_proxy,0.009757230345993406,0.09205132188575027,0,0.0015530831145670805,0.6301149488688067,1.0,0,3.4924596548080444e-10,9.094947017729282e-13,0.9095614035087719,0.09250000000000001,-0.08611181981355243,P5_selective_proxy_gate
7,False,120,40,1000000,0.75,200000,0.02,0.25,0.03,4.0,1.0,0.002,0.0005,0.05,40,-0.08,0.0,0.15,0.05,0.02,5,0.4,6.0,0.1,100.0,1.0,15.0,1.0,tanh,synthetic_proxy,0.0002428703667287646,0.0052388713921798225,0,0.0006700962567815993,0.48025544232567174,1.0,0,1.1641532182693481e-10,8.526512829121202e-14,0.9695175438596492,0.015416666666666667,0.028403855833547986,P5_selective_proxy_gate
7,True,120,40,1000000,0.75,200000,0.02,0.25,0.03,4.0,1.0,0.002,0.0005,0.05,40,-0.08,0.0,0.15,0.05,0.02,5,0.4,6.0,0.1,100.0,1.0,15.0,1.0,tanh,synthetic_proxy,0.004513946049125472,0.06972287385024767,0,0.0015682890718390025,0.5798677364717937,1.0,0,2.3283064365386963e-10,4.547473508864641e-13,0.9300438596491228,0.06541666666666666,-0.04963872761025878,P5_selective_proxy_gate
8,False,120,40,1000000,0.75,200000,0.02,0.25,0.03,4.0,1.0,0.002,0.0005,0.05,40,-0.08,0.0,0.15,0.05,0.02,5,0.4,6.0,0.1,100.0,1.0,15.0,1.0,tanh,synthetic_proxy,9.721700256992705e-05,0.024430326380468714,0,0.0006569481226543135,0.472529988720302,1.0,0,2.3283064365386963e-10,8.526512829121202e-14,0.9744298245614035,0.012916666666666667,-0.017854442274598203,P5_selective_proxy_gate
8,True,120,40,1000000,0.75,200000,0.02,0.25,0.03,4.0,1.0,0.002,0.0005,0.05,40,-0.08,0.0,0.15,0.05,0.02,5,0.4,6.0,0.1,100.0,1.0,15.0,1.0,tanh,synthetic_proxy,0.011171273209825472,0.0981383155169534,0,0.0016020192870347758,0.6184431066931729,1.0,0,2.3283064365386963e-10,1.1368683772161603e-12,0.9277192982456142,0.08916666666666667,-0.09244166480990545,P5_selective_proxy_gate
9,False,120,40,1000000,0.75,200000,0.02,0.25,0.03,4.0,1.0,0.002,0.0005,0.05,40,-0.08,0.0,0.15,0.05,0.02,5,0.4,6.0,0.1,100.0,1.0,15.0,1.0,tanh,synthetic_proxy,0.00019960648300032524,0.005966847658528174,0,0.0006149299074238272,0.47541418172293426,1.0,0,2.3283064365386963e-10,5.684341886080802e-14,0.9744736842105264,0.012916666666666667,0.028364382793864884,P5_selective_proxy_gate
9,True,120,40,1000000,0.75,200000,0.02,0.25,0.03,4.0,1.0,0.002,0.0005,0.05,40,-0.08,0.0,0.15,0.05,0.02,5,0.4,6.0,0.1,100.0,1.0,15.0,1.0,tanh,synthetic_proxy,0.0028105755131866417,0.06098284953346578,0,0.0013889577644714008,0.5774906791760566,1.0,0,2.3283064365386963e-10,4.547473508864641e-13,0.9385087719298245,0.06416666666666668,-0.049708499308445675,P5_selective_proxy_gate
10,False,120,40,1000000,0.75,200000,0.02,0.25,0.03,4.0,1.0,0.002,0.0005,0.05,40,-0.08,0.0,0.15,0.05,0.02,5,0.4,6.0,0.1,100.0,1.0,15.0,1.0,tanh,synthetic_proxy,0.0009204911323084097,0.04962312551388548,0,0.0006161387301569409,0.48747452171864264,1.0,0,2.3283064365386963e-10,1.1368683772161603e-13,0.9631140350877193,0.01875,-0.04657840021146509,P5_selective_proxy_gate
10,True,120,40,1000000,0.75,200000,0.02,0.25,0.03,4.0,1.0,0.002,0.0005,0.05,40,-0.08,0.0,0.15,0.05,0.02,5,0.4,6.0,0.1,100.0,1.0,15.0,1.0,tanh,synthetic_proxy,0.016611020199314597,0.12141525191624614,1,0.0016248426003996422,0.6598606241334791,1.0,0,3.4924596548080444e-10,4.547473508864641e-13,0.8931140350877194,0.11208333333333334,-0.11860052726897652,P5_selective_proxy_gate
11,False,120,40,1000000,0.75,200000,0.02,0.25,0.03,4.0,1.0,0.002,0.0005,0.05,40,-0.08,0.0,0.15,0.05,0.02,5,0.4,6.0,0.1,100.0,1.0,15.0,1.0,tanh,synthetic_proxy,-3.2693872924483e-05,0.010005706597040032,0,0.0005825557134551046,0.4636470860754795,1.0,0,2.3283064365386963e-10,5.684341886080802e-14,0.9771929824561404,0.011666666666666667,0.004984415435890677,P5_selective_proxy_gate
11,True,120,40,1000000,0.75,200000,0.02,0.25,0.03,4.0,1.0,0.002,0.0005,0.05,40,-0.08,0.0,0.15,0.05,0.02,5,0.4,6.0,0.1,100.0,1.0,15.0,1.0,tanh,synthetic_proxy,0.006634517306870702,0.07440680226084628,0,0.0013066717326184806,0.5776144397198055,1.0,0,2.3283064365386963e-10,9.094947017729282e-13,0.9254385964912282,0.06833333333333334,-0.07113056647130078,P5_selective_proxy_gate
12,False,120,40,1000000,0.75,200000,0.02,0.25,0.03,4.0,1.0,0.002,0.0005,0.05,40,-0.08,0.0,0.15,0.05,0.02,5,0.4,6.0,0.1,100.0,1.0,15.0,1.0,tanh,synthetic_proxy,-8.002996321421207e-05,0.008436122681984237,0,0.0006343078164293756,0.47427462659101166,1.0,0,2.3283064365386963e-10,4.263256414560601e-14,0.9695175438596491,0.015416666666666667,0.012946635902987724,P5_selective_proxy_gate
12,True,120,40,1000000,0.75,200000,0.02,0.25,0.03,4.0,1.0,0.002,0.0005,0.05,40,-0.08,0.0,0.15,0.05,0.02,5,0.4,6.0,0.1,100.0,1.0,15.0,1.0,tanh,synthetic_proxy,0.004431471538354659,0.06617665277522056,0,0.0013599222851661116,0.569850600906854,1.0,0,3.4924596548080444e-10,9.094947017729282e-13,0.9327192982456141,0.06250000000000001,-0.06379281993712937,P5_selective_proxy_gate
13,False,120,40,1000000,0.75,200000,0.02,0.25,0.03,4.0,1.0,0.002,0.0005,0.05,40,-0.08,0.0,0.15,0.05,0.02,5,0.4,6.0,0.1,100.0,1.0,15.0,1.0,tanh,synthetic_proxy,1.8094423617442956e-05,0.019705987255959734,0,0.000609582870564727,0.45836787046321753,1.0,0,2.3283064365386963e-10,4.263256414560601e-14,0.9842543859649123,0.007916666666666666,-0.01896230173770108,P5_selective_proxy_gate
13,True,120,40,1000000,0.75,200000,0.02,0.25,0.03,4.0,1.0,0.002,0.0005,0.05,40,-0.08,0.0,0.15,0.05,0.02,5,0.4,6.0,0.1,100.0,1.0,15.0,1.0,tanh,synthetic_proxy,0.008907889913801537,0.09407230673751354,0,0.0015100026026082392,0.5824612023757221,1.0,0,2.3283064365386963e-10,9.094947017729282e-13,0.9392543859649123,0.07041666666666667,-0.0933850381249236,P5_selective_proxy_gate
14,False,120,40,1000000,0.75,200000,0.02,0.25,0.03,4.0,1.0,0.002,0.0005,0.05,40,-0.08,0.0,0.15,0.05,0.02,5,0.4,6.0,0.1,100.0,1.0,15.0,1.0,tanh,synthetic_proxy,-1.838771207551826e-05,0.012054577063769334,0,0.0005716508395761092,0.46472232630013266,1.0,0,2.3283064365386963e-10,2.1316282072803006e-14,0.9793859649122808,0.010416666666666666,-0.003321572558776187,P5_selective_proxy_gate
14,True,120,40,1000000,0.75,200000,0.02,0.25,0.03,4.0,1.0,0.002,0.0005,0.05,40,-0.08,0.0,0.15,0.05,0.02,5,0.4,6.0,0.1,100.0,1.0,15.0,1.0,tanh,synthetic_proxy,0.006743666031820084,0.08317139696317055,0,0.0014784579017122676,0.5975766974443742,1.0,0,2.3283064365386963e-10,6.821210263296962e-13,0.9305263157894736,0.07875000000000001,-0.07882485982445275,P5_selective_proxy_gate
15,False,120,40,1000000,0.75,200000,0.02,0.25,0.03,4.0,1.0,0.002,0.0005,0.05,40,-0.08,0.0,0.15,0.05,0.02,5,0.4,6.0,0.1,100.0,1.0,15.0,1.0,tanh,synthetic_proxy,1.1297120002806693e-05,0.01758500830799914,0,0.0005532868099515531,0.47128259352282376,1.0,0,2.3283064365386963e-10,8.526512829121202e-14,0.9795175438596491,0.010416666666666666,-0.010082744047921088,P5_selective_proxy_gate
15,True,120,40,1000000,0.75,200000,0.02,0.25,0.03,4.0,1.0,0.002,0.0005,0.05,40,-0.08,0.0,0.15,0.05,0.02,5,0.4,6.0,0.1,100.0,1.0,15.0,1.0,tanh,synthetic_proxy,0.0068279098271797345,0.08818495054283448,0,0.0014900969376156383,0.5845347091145068,1.0,0,2.3283064365386963e-10,1.3642420526593924e-12,0.9324561403508773,0.06833333333333333,-0.08495748935511938,P5_selective_proxy_gate
16,False,120,40,1000000,0.75,200000,0.02,0.25,0.03,4.0,1.0,0.002,0.0005,0.05,40,-0.08,0.0,0.15,0.05,0.02,5,0.4,6.0,0.1,100.0,1.0,15.0,1.0,tanh,synthetic_proxy,6.471881573322236e-05,0.011059466929586814,0,0.0006548250657122602,0.46917233504356515,1.0,0,2.3283064365386963e-10,1.7053025658242404e-13,0.9794298245614035,0.010416666666666666,0.008536301233865284,P5_selective_proxy_gate
16,True,120,40,1000000,0.75,200000,0.02,0.25,0.03,4.0,1.0,0.002,0.0005,0.05,40,-0.08,0.0,0.15,0.05,0.02,5,0.4,6.0,0.1,100.0,1.0,15.0,1.0,tanh,synthetic_proxy,0.004551168355725332,0.06979451037051465,0,0.0013868214781523063,0.573559524357079,1.0,0,3.4924596548080444e-10,6.821210263296962e-13,0.9362719298245614,0.06291666666666668,-0.06775599532441845,P5_selective_proxy_gate
17,False,120,40,1000000,0.75,200000,0.02,0.25,0.03,4.0,1.0,0.002,0.0005,0.05,40,-0.08,0.0,0.15,0.05,0.02,5,0.4,6.0,0.1,100.0,1.0,15.0,1.0,tanh,synthetic_proxy,-7.499821564616038e-05,0.0194190043053325,0,0.0006858178943030629,0.46897134200505186,1.0,0,2.3283064365386963e-10,3.552713678800501e-14,0.9735526315789474,0.01375,-0.0005736372203347662,P5_selective_proxy_gate
17,True,120,40,1000000,0.75,200000,0.02,0.25,0.03,4.0,1.0,0.002,0.0005,0.05,40,-0.08,0.0,0.15,0.05,0.02,5,0.4,6.0,0.1,100.0,1.0,15.0,1.0,tanh,synthetic_proxy,0.005565346480850053,0.08337181831145335,0,0.0015719111825020708,0.5889430450649941,1.0,0,2.3283064365386963e-10,4.547473508864641e-13,0.921578947368421,0.07833333333333334,-0.07626233561079399,P5_selective_proxy_gate
18,False,120,40,1000000,0.75,200000,0.02,0.25,0.03,4.0,1.0,0.002,0.0005,0.05,40,-0.08,0.0,0.15,0.05,0.02,5,0.4,6.0,0.1,100.0,1.0,15.0,1.0,tanh,synthetic_proxy,6.197664155882521e-06,0.005269567673816478,0,0.000566522255195309,0.4702503980045224,1.0,0,1.1641532182693481e-10,2.842170943040401e-14,0.9842543859649123,0.007916666666666667,-0.003707711613883724,P5_selective_proxy_gate
18,True,120,40,1000000,0.75,200000,0.02,0.25,0.03,4.0,1.0,0.002,0.0005,0.05,40,-0.08,0.0,0.15,0.05,0.02,5,0.4,6.0,0.1,100.0,1.0,15.0,1.0,tanh,synthetic_proxy,0.007237886666064286,0.07952137550108962,0,0.001497169298595813,0.5861463271432067,1.0,0,2.3283064365386963e-10,9.094947017729282e-13,0.9383771929824561,0.06625,-0.07918733310876847,P5_selective_proxy_gate
19,False,120,40,1000000,0.75,200000,0.02,0.25,0.03,4.0,1.0,0.002,0.0005,0.05,40,-0.08,0.0,0.15,0.05,0.02,5,0.4,6.0,0.1,100.0,1.0,15.0,1.0,tanh,synthetic_proxy,9.806635877351866e-06,0.015783412884399772,0,0.0006089404034010406,0.4698046744593665,1.0,0,2.3283064365386963e-10,8.526512829121202e-14,0.983421052631579,0.008333333333333333,-0.0075978499278656075,P5_selective_proxy_gate
19,True,120,40,1000000,0.75,200000,0.02,0.25,0.03,4.0,1.0,0.002,0.0005,0.05,40,-0.08,0.0,0.15,0.05,0.02,5,0.4,6.0,0.1,100.0,1.0,15.0,1.0,tanh,synthetic_proxy,0.008159728530856558,0.08788846742794809,0,0.0014303920817128326,0.5868999190928911,1.0,0,2.3283064365386963e-10,6.821210263296962e-13,0.9307017543859649,0.06833333333333334,-0.0827094769235519,P5_selective_proxy_gate
0,False,120,40,1000000,0.75,200000,0.02,0.25,0.03,4.0,1.0,0.002,0.0005,0.05,40,-0.08,0.9,0.15,0.05,0.02,5,0.4,6.0,0.1,100.0,1.0,15.0,1.0,tanh,synthetic_proxy,-0.0002209728488556939,0.006014825676842195,0,0.0006327555198092078,0.48838674173272667,1.0,0,3.4924596548080444e-10,1.4921397450962104e-13,0.9853947368421053,0.02041666666666667,0.008695264850551165,P5_selective_proxy_gate
0,True,120,40,1000000,0.75,200000,0.02,0.25,0.03,4.0,1.0,0.002,0.0005,0.05,40,-0.08,0.9,0.15,0.05,0.02,5,0.4,6.0,0.1,100.0,1.0,15.0,1.0,tanh,synthetic_proxy,0.0074894710662263275,0.07480079493230785,0,0.001526830572198119,0.6054568562360277,1.0,0,2.3283064365386963e-10,4.547473508864641e-13,0.9687719298245614,0.08166666666666668,-0.06818612272042501,P5_selective_proxy_gate
1,False,120,40,1000000,0.75,200000,0.02,0.25,0.03,4.0,1.0,0.002,0.0005,0.05,40,-0.08,0.9,0.15,0.05,0.02,5,0.4,6.0,0.1,100.0,1.0,15.0,1.0,tanh,synthetic_proxy,-0.0001510995402516091,0.01822092751369464,0,0.0005976011138886933,0.47756933874306406,1.0,0,2.3283064365386963e-10,5.684341886080802e-14,0.9867982456140351,0.01625,-0.01481555076229002,P5_selective_proxy_gate
1,True,120,40,1000000,0.75,200000,0.02,0.25,0.03,4.0,1.0,0.002,0.0005,0.05,40,-0.08,0.9,0.15,0.05,0.02,5,0.4,6.0,0.1,100.0,1.0,15.0,1.0,tanh,synthetic_proxy,0.007219256587642109,0.09030205060350738,0,0.0015529710617847295,0.6260885402080237,1.0,0,3.4924596548080444e-10,6.821210263296962e-13,0.9702631578947368,0.09166666666666666,-0.0896294299195387,P5_selective_proxy_gate
2,False,120,40,1000000,0.75,200000,0.02,0.25,0.03,4.0,1.0,0.002,0.0005,0.05,40,-0.08,0.9,0.15,0.05,0.02,5,0.4,6.0,0.1,100.0,1.0,15.0,1.0,tanh,synthetic_proxy,0.0009080982031859364,0.0036982176823310287,0,0.000733292422301332,0.49435750687920454,1.0,0,2.3283064365386963e-10,3.979039320256561e-13,0.9726754385964913,0.025416666666666664,0.03032130647472453,P5_selective_proxy_gate
2,True,120,40,1000000,0.75,200000,0.02,0.25,0.03,4.0,1.0,0.002,0.0005,0.05,40,-0.08,0.9,0.15,0.05,0.02,5,0.4,6.0,0.1,100.0,1.0,15.0,1.0,tanh,synthetic_proxy,0.0023527413048904933,0.05505116103625085,0,0.0012262969652947853,0.5201204614443959,1.0,0,3.4924596548080444e-10,4.547473508864641e-13,0.9939473684210526,0.03583333333333334,-0.047572556849955316,P5_selective_proxy_gate
3,False,120,40,1000000,0.75,200000,0.02,0.25,0.03,4.0,1.0,0.002,0.0005,0.05,40,-0.08,0.9,0.15,0.05,0.02,5,0.4,6.0,0.1,100.0,1.0,15.0,1.0,tanh,synthetic_proxy,6.302869325125471e-05,0.014681030356479163,0,0.0005929056732447487,0.4643152220983487,1.0,0,2.3283064365386963e-10,2.842170943040401e-14,0.9967543859649123,0.008333333333333333,-0.011955195498019822,P5_selective_proxy_gate
3,True,120,40,1000000,0.75,200000,0.02,0.25,0.03,4.0,1.0,0.002,0.0005,0.05,40,-0.08,0.9,0.15,0.05,0.02,5,0.4,6.0,0.1,100.0,1.0,15.0,1.0,tanh,synthetic_proxy,0.006470424678572062,0.08789713126350207,0,0.0013300784656132517,0.5750397166745586,1.0,0,3.4924596548080444e-10,4.547473508864641e-13,0.9803947368421053,0.06208333333333334,-0.08678394048432958,P5_selective_proxy_gate
4,False,120,40,1000000,0.75,200000,0.02,0.25,0.03,4.0,1.0,0.002,0.0005,0.05,40,-0.08,0.9,0.15,0.05,0.02,5,0.4,6.0,0.1,100.0,1.0,15.0,1.0,tanh,synthetic_proxy,-0.0001258059284494628,0.011309813134733337,0,0.0006310316715673241,0.4601664540392237,1.0,0,2.3283064365386963e-10,2.842170943040401e-14,0.9880263157894736,0.007083333333333333,0.015130763371794087,P5_selective_proxy_gate
4,True,120,40,1000000,0.75,200000,0.02,0.25,0.03,4.0,1.0,0.002,0.0005,0.05,40,-0.08,0.9,0.15,0.05,0.02,5,0.4,6.0,0.1,100.0,1.0,15.0,1.0,tanh,synthetic_proxy,0.0055184982318075,0.08127412090266972,0,0.001667428310147044,0.5976830251629509,1.0,0,2.3283064365386963e-10,4.547473508864641e-13,0.9771491228070175,0.07625000000000001,-0.06201296689604652,P5_selective_proxy_gate
5,False,120,40,1000000,0.75,200000,0.02,0.25,0.03,4.0,1.0,0.002,0.0005,0.05,40,-0.08,0.9,0.15,0.05,0.02,5,0.4,6.0,0.1,100.0,1.0,15.0,1.0,tanh,synthetic_proxy,0.0005521686187452968,0.027554793118105714,0,0.0005837061119667986,0.46757143592143013,1.0,0,2.3283064365386963e-10,1.1368683772161603e-13,0.9849122807017544,0.011666666666666665,-0.02532386144085108,P5_selective_proxy_gate
5,True,120,40,1000000,0.75,200000,0.02,0.25,0.03,4.0,1.0,0.002,0.0005,0.05,40,-0.08,0.9,0.15,0.05,0.02,5,0.4,6.0,0.1,100.0,1.0,15.0,1.0,tanh,synthetic_proxy,0.013369263680960142,0.10109980337770641,1,0.0014789118029958433,0.6290575612029619,1.0,0,2.3283064365386963e-10,9.094947017729282e-13,0.9657894736842105,0.09333333333333332,-0.09935757702050341,P5_selective_proxy_gate
6,False,120,40,1000000,0.75,200000,0.02,0.25,0.03,4.0,1.0,0.002,0.0005,0.05,40,-0.08,0.9,0.15,0.05,0.02,5,0.4,6.0,0.1,100.0,1.0,15.0,1.0,tanh,synthetic_proxy,2.0020984597524105e-05,0.018060092438615616,0,0.0006281544643579044,0.46135083824589174,1.0,0,2.3283064365386963e-10,2.842170943040401e-14,0.9918859649122808,0.004583333333333333,-0.01098318023658118,P5_selective_proxy_gate
6,True,120,40,1000000,0.75,200000,0.02,0.25,0.03,4.0,1.0,0.002,0.0005,0.05,40,-0.08,0.9,0.15,0.05,0.02,5,0.4,6.0,0.1,100.0,1.0,15.0,1.0,tanh,synthetic_proxy,0.01020545597840905,0.09175382198223003,0,0.0015841704244984776,0.6162343718311672,1.0,0,3.4924596548080444e-10,4.547473508864641e-13,0.9770614035087719,0.08375,-0.0861579059194848,P5_selective_proxy_gate
7,False,120,40,1000000,0.75,200000,0.02,0.25,0.03,4.0,1.0,0.002,0.0005,0.05,40,-0.08,0.9,0.15,0.05,0.02,5,0.4,6.0,0.1,100.0,1.0,15.0,1.0,tanh,synthetic_proxy,0.00016823914553620867,0.005200052156557722,0,0.0006806833326943632,0.46737960622472396,1.0,0,2.3283064365386963e-10,1.5631940186722204e-13,0.9866666666666667,0.008333333333333333,0.028193124541545878,P5_selective_proxy_gate
7,True,120,40,1000000,0.75,200000,0.02,0.25,0.03,4.0,1.0,0.002,0.0005,0.05,40,-0.08,0.9,0.15,0.05,0.02,5,0.4,6.0,0.1,100.0,1.0,15.0,1.0,tanh,synthetic_proxy,0.004102874978374915,0.06998419810433543,0,0.0015532527839497324,0.5795710041220474,1.0,0,2.3283064365386963e-10,6.821210263296962e-13,0.9620614035087719,0.06541666666666666,-0.050009360234939626,P5_selective_proxy_gate
8,False,120,40,1000000,0.75,200000,0.02,0.25,0.03,4.0,1.0,0.002,0.0005,0.05,40,-0.08,0.9,0.15,0.05,0.02,5,0.4,6.0,0.1,100.0,1.0,15.0,1.0,tanh,synthetic_proxy,-5.399151329577023e-06,0.026164775121518602,0,0.0007026439491095028,0.4833758977274198,1.0,0,2.3283064365386963e-10,5.684341886080802e-14,0.9895175438596492,0.01875,-0.01877082325212287,P5_selective_proxy_gate
8,True,120,40,1000000,0.75,200000,0.02,0.25,0.03,4.0,1.0,0.002,0.0005,0.05,40,-0.08,0.9,0.15,0.05,0.02,5,0.4,6.0,0.1,100.0,1.0,15.0,1.0,tanh,synthetic_proxy,0.00863580547226972,0.09957938685863765,0,0.001586825812591476,0.6151409201179533,1.0,0,2.3283064365386963e-10,1.3642420526593924e-12,0.9687719298245614,0.08583333333333334,-0.09317348347980359,P5_selective_proxy_gate
9,False,120,40,1000000,0.75,200000,0.02,0.25,0.03,4.0,1.0,0.002,0.0005,0.05,40,-0.08,0.9,0.15,0.05,0.02,5,0.4,6.0,0.1,100.0,1.0,15.0,1.0,tanh,synthetic_proxy,-0.0003239136035333434,0.007300988099060324,0,0.0006325951661376201,0.47548586943668014,1.0,0,2.3283064365386963e-10,5.684341886080802e-14,0.9854385964912281,0.0125,0.027853286275178357,P5_selective_proxy_gate
9,True,120,40,1000000,0.75,200000,0.02,0.25,0.03,4.0,1.0,0.002,0.0005,0.05,40,-0.08,0.9,0.15,0.05,0.02,5,0.4,6.0,0.1,100.0,1.0,15.0,1.0,tanh,synthetic_proxy,0.003191843250116122,0.060749187794344905,0,0.0014120790126996429,0.58112877132788,1.0,0,2.3283064365386963e-10,4.547473508864641e-13,0.9747368421052632,0.06583333333333334,-0.049808074092272725,P5_selective_proxy_gate
10,False,120,40,1000000,0.75,200000,0.02,0.25,0.03,4.0,1.0,0.002,0.0005,0.05,40,-0.08,0.9,0.15,0.05,0.02,5,0.4,6.0,0.1,100.0,1.0,15.0,1.0,tanh,synthetic_proxy,0.00028986000639386056,0.04921000471305437,0,0.0006180405243636385,0.46383082212104126,1.0,0,2.3283064365386963e-10,1.4210854715202004e-13,0.9913596491228069,0.005416666666666666,-0.04618501859249746,P5_selective_proxy_gate
10,True,120,40,1000000,0.75,200000,0.02,0.25,0.03,4.0,1.0,0.002,0.0005,0.05,40,-0.08,0.9,0.15,0.05,0.02,5,0.4,6.0,0.1,100.0,1.0,15.0,1.0,tanh,synthetic_proxy,0.015152279846342376,0.12146413227617392,1,0.0016611735447008445,0.6289163757880678,1.0,0,3.4924596548080444e-10,6.821210263296962e-13,0.9715789473684211,0.09083333333333334,-0.11870829613565959,P5_selective_proxy_gate
11,False,120,40,1000000,0.75,200000,0.02,0.25,0.03,4.0,1.0,0.002,0.0005,0.05,40,-0.08,0.9,0.15,0.05,0.02,5,0.4,6.0,0.1,100.0,1.0,15.0,1.0,tanh,synthetic_proxy,-5.0418649498173984e-05,0.009241008703800069,0,0.0005648431813448242,0.45549863079909003,1.0,0,1.1641532182693481e-10,8.526512829121202e-14,0.9909210526315789,0.007083333333333334,0.005489607365840143,P5_selective_proxy_gate
11,True,120,40,1000000,0.75,200000,0.02,0.25,0.03,4.0,1.0,0.002,0.0005,0.05,40,-0.08,0.9,0.15,0.05,0.02,5,0.4,6.0,0.1,100.0,1.0,15.0,1.0,tanh,synthetic_proxy,0.006163457245650816,0.07396867272509056,0,0.0013436476306704817,0.5620010038764661,1.0,0,2.3283064365386963e-10,6.821210263296962e-13,0.9735964912280702,0.060000000000000005,-0.0708325885740817,P5_selective_proxy_gate
12,False,120,40,1000000,0.75,200000,0.02,0.25,0.03,4.0,1.0,0.002,0.0005,0.05,40,-0.08,0.9,0.15,0.05,0.02,5,0.4,6.0,0.1,100.0,1.0,15.0,1.0,tanh,synthetic_proxy,3.206382525799967e-05,0.007655939981949023,0,0.0006603972593080512,0.47240287639239653,1.0,0,2.3283064365386963e-10,8.526512829121202e-14,0.9894298245614036,0.01375,0.013510743306818895,P5_selective_proxy_gate
12,True,120,40,1000000,0.75,200000,0.02,0.25,0.03,4.0,1.0,0.002,0.0005,0.05,40,-0.08,0.9,0.15,0.05,0.02,5,0.4,6.0,0.1,100.0,1.0,15.0,1.0,tanh,synthetic_proxy,0.0040086576121205475,0.06602158962834948,0,0.0014036201900396092,0.5612594778075745,1.0,0,5.820766091346741e-10,5.684341886080801e-13,0.9782456140350876,0.0575,-0.06334151817415867,P5_selective_proxy_gate
13,False,120,40,1000000,0.75,200000,0.02,0.25,0.03,4.0,1.0,0.002,0.0005,0.05,40,-0.08,0.9,0.15,0.05,0.02,5,0.4,6.0,0.1,100.0,1.0,15.0,1.0,tanh,synthetic_proxy,-0.0003090133192014122,0.01981073438312253,0,0.0006205535497541808,0.46197643117794257,1.0,0,2.3283064365386963e-10,1.0125233984581428e-13,0.9939473684210526,0.010000000000000002,-0.019067128329718797,P5_selective_proxy_gate
13,True,120,40,1000000,0.75,200000,0.02,0.25,0.03,4.0,1.0,0.002,0.0005,0.05,40,-0.08,0.9,0.15,0.05,0.02,5,0.4,6.0,0.1,100.0,1.0,15.0,1.0,tanh,synthetic_proxy,0.008558143514864058,0.094280396090765,0,0.0016033570100183222,0.6167927942193433,1.0,0,3.4924596548080444e-10,6.821210263296962e-13,0.9821929824561404,0.09000000000000001,-0.09359328534207767,P5_selective_proxy_gate
14,False,120,40,1000000,0.75,200000,0.02,0.25,0.03,4.0,1.0,0.002,0.0005,0.05,40,-0.08,0.9,0.15,0.05,0.02,5,0.4,6.0,0.1,100.0,1.0,15.0,1.0,tanh,synthetic_proxy,8.859737773203591e-06,0.012272138925662479,0,0.0005683986106687152,0.4525517122002157,1.0,0,2.3283064365386963e-10,2.842170943040401e-14,0.9932017543859648,0.0037500000000000007,-0.003284741193664731,P5_selective_proxy_gate
14,True,120,40,1000000,0.75,200000,0.02,0.25,0.03,4.0,1.0,0.002,0.0005,0.05,40,-0.08,0.9,0.15,0.05,0.02,5,0.4,6.0,0.1,100.0,1.0,15.0,1.0,tanh,synthetic_proxy,0.007004455953846023,0.08326398539872393,0,0.001524884400534311,0.5894635069136629,1.0,0,3.4924596548080444e-10,9.094947017729282e-13,0.9816666666666668,0.07416666666666667,-0.07888486719433596,P5_selective_proxy_gate
15,False,120,40,1000000,0.75,200000,0.02,0.25,0.03,4.0,1.0,0.002,0.0005,0.05,40,-0.08,0.9,0.15,0.05,0.02,5,0.4,6.0,0.1,100.0,1.0,15.0,1.0,tanh,synthetic_proxy,5.423713371555117e-05,0.017479843796273542,0,0.0005642892603129956,0.4668224794432998,1.0,0,1.1641532182693481e-10,5.684341886080802e-14,0.9898684210526315,0.007916666666666667,-0.009693486771948034,P5_selective_proxy_gate
15,True,120,40,1000000,0.75,200000,0.02,0.25,0.03,4.0,1.0,0.002,0.0005,0.05,40,-0.08,0.9,0.15,0.05,0.02,5,0.4,6.0,0.1,100.0,1.0,15.0,1.0,tanh,synthetic_proxy,0.007744717622572894,0.08841947266730721,0,0.0015588949078893732,0.6039720107693216,1.0,0,2.3283064365386963e-10,9.094947017729282e-13,0.9693421052631579,0.07875000000000001,-0.08481681173129896,P5_selective_proxy_gate
16,False,120,40,1000000,0.75,200000,0.02,0.25,0.03,4.0,1.0,0.002,0.0005,0.05,40,-0.08,0.9,0.15,0.05,0.02,5,0.4,6.0,0.1,100.0,1.0,15.0,1.0,tanh,synthetic_proxy,-2.124466094388655e-05,0.011157860832482491,0,0.0006922122717523294,0.47964098217313944,1.0,0,1.1641532182693481e-10,5.684341886080802e-14,0.990701754385965,0.016666666666666666,0.00789332565695089,P5_selective_proxy_gate
16,True,120,40,1000000,0.75,200000,0.02,0.25,0.03,4.0,1.0,0.002,0.0005,0.05,40,-0.08,0.9,0.15,0.05,0.02,5,0.4,6.0,0.1,100.0,1.0,15.0,1.0,tanh,synthetic_proxy,0.0050394274169636155,0.07092921460312329,0,0.0014089865945406015,0.571394136455586,1.0,0,2.3283064365386963e-10,9.094947017729282e-13,0.9885526315789473,0.06208333333333333,-0.0683988456022574,P5_selective_proxy_gate
17,False,120,40,1000000,0.75,200000,0.02,0.25,0.03,4.0,1.0,0.002,0.0005,0.05,40,-0.08,0.9,0.15,0.05,0.02,5,0.4,6.0,0.1,100.0,1.0,15.0,1.0,tanh,synthetic_proxy,-0.00012226941516002565,0.01958389536516758,0,0.0007117282014032388,0.4689384398792642,1.0,0,2.3283064365386963e-10,1.9895196601282805e-13,0.990219298245614,0.013750000000000002,-0.0008824979317190174,P5_selective_proxy_gate
17,True,120,40,1000000,0.75,200000,0.02,0.25,0.03,4.0,1.0,0.002,0.0005,0.05,40,-0.08,0.9,0.15,0.05,0.02,5,0.4,6.0,0.1,100.0,1.0,15.0,1.0,tanh,synthetic_proxy,0.0067292972444736865,0.08422622241411482,0,0.001616762452412709,0.6111289065013893,1.0,0,3.4924596548080444e-10,4.547473508864641e-13,0.9671491228070175,0.08958333333333333,-0.07658490291231257,P5_selective_proxy_gate
18,False,120,40,1000000,0.75,200000,0.02,0.25,0.03,4.0,1.0,0.002,0.0005,0.05,40,-0.08,0.9,0.15,0.05,0.02,5,0.4,6.0,0.1,100.0,1.0,15.0,1.0,tanh,synthetic_proxy,-2.289735247973379e-05,0.004777229434238861,0,0.0005897552204665555,0.4716480910009708,1.0,0,2.3283064365386963e-10,2.842170943040401e-14,0.9864473684210525,0.00875,-0.003082933484538586,P5_selective_proxy_gate
18,True,120,40,1000000,0.75,200000,0.02,0.25,0.03,4.0,1.0,0.002,0.0005,0.05,40,-0.08,0.9,0.15,0.05,0.02,5,0.4,6.0,0.1,100.0,1.0,15.0,1.0,tanh,synthetic_proxy,0.00783315019078934,0.07893268645694473,0,0.0015777024796663499,0.60789734242656,1.0,0,3.4924596548080444e-10,9.094947017729282e-13,0.9669736842105263,0.07875000000000001,-0.07868681635486097,P5_selective_proxy_gate
19,False,120,40,1000000,0.75,200000,0.02,0.25,0.03,4.0,1.0,0.002,0.0005,0.05,40,-0.08,0.9,0.15,0.05,0.02,5,0.4,6.0,0.1,100.0,1.0,15.0,1.0,tanh,synthetic_proxy,8.518992887718291e-05,0.015575670439513356,0,0.0006091640887220712,0.4608620483407177,1.0,0,2.3283064365386963e-10,2.842170943040401e-14,0.9951754385964912,0.003333333333333333,-0.007406258979595015,P5_selective_proxy_gate
19,True,120,40,1000000,0.75,200000,0.02,0.25,0.03,4.0,1.0,0.002,0.0005,0.05,40,-0.08,0.9,0.15,0.05,0.02,5,0.4,6.0,0.1,100.0,1.0,15.0,1.0,tanh,synthetic_proxy,0.008779838642818172,0.08762002214158682,0,0.0014807404710864911,0.5873925059123625,1.0,0,3.4924596548080444e-10,9.094947017729282e-13,0.9861842105263158,0.06791666666666667,-0.08273405179787519,P5_selective_proxy_gate
